forecast_id,corridor_id,section_id,forecast_date,window_start,window_end,expected_train_count,lower_bound,upper_bound,confidence,expected_occupancy_minutes,synthetic_data
FORECAST-000001,COR-01,SEC-01,2026-09-01,2026-09-01T00:00:00,2026-09-01T06:00:00,4,3,5,0.85,108,True
FORECAST-000002,COR-01,SEC-01,2026-09-01,2026-09-01T06:00:00,2026-09-01T12:00:00,1,0,3,0.82,20,True
FORECAST-000003,COR-01,SEC-01,2026-09-01,2026-09-01T12:00:00,2026-09-01T18:00:00,3,2,4,0.87,60,True
FORECAST-000004,COR-01,SEC-01,2026-09-01,2026-09-01T18:00:00,2026-09-02T00:00:00,3,2,4,0.79,84,True
FORECAST-000005,COR-01,SEC-02,2026-09-01,2026-09-01T00:00:00,2026-09-01T06:00:00,1,0,2,0.89,21,True
FORECAST-000006,COR-01,SEC-02,2026-09-01,2026-09-01T06:00:00,2026-09-01T12:00:00,3,2,4,0.81,72,True
FORECAST-000007,COR-01,SEC-02,2026-09-01,2026-09-01T12:00:00,2026-09-01T18:00:00,2,1,3,0.83,50,True
FORECAST-000008,COR-01,SEC-02,2026-09-01,2026-09-01T18:00:00,2026-09-02T00:00:00,0,0,2,0.79,0,True
FORECAST-000009,COR-01,SEC-03,2026-09-01,2026-09-01T00:00:00,2026-09-01T06:00:00,1,0,2,0.77,28,True
FORECAST-000010,COR-01,SEC-03,2026-09-01,2026-09-01T06:00:00,2026-09-01T12:00:00,3,2,4,0.73,72,True
FORECAST-000011,COR-01,SEC-03,2026-09-01,2026-09-01T12:00:00,2026-09-01T18:00:00,3,2,4,0.84,54,True
FORECAST-000012,COR-01,SEC-03,2026-09-01,2026-09-01T18:00:00,2026-09-02T00:00:00,1,0,3,0.75,21,True
FORECAST-000013,COR-02,SEC-04,2026-09-01,2026-09-01T00:00:00,2026-09-01T06:00:00,0,0,2,0.88,0,True
FORECAST-000014,COR-02,SEC-04,2026-09-01,2026-09-01T06:00:00,2026-09-01T12:00:00,0,0,1,0.92,0,True
FORECAST-000015,COR-02,SEC-04,2026-09-01,2026-09-01T12:00:00,2026-09-01T18:00:00,2,1,3,0.81,48,True
FORECAST-000016,COR-02,SEC-04,2026-09-01,2026-09-01T18:00:00,2026-09-02T00:00:00,4,3,5,0.8,72,True
FORECAST-000017,COR-02,SEC-05,2026-09-01,2026-09-01T00:00:00,2026-09-01T06:00:00,0,0,1,0.88,0,True
FORECAST-000018,COR-02,SEC-05,2026-09-01,2026-09-01T06:00:00,2026-09-01T12:00:00,3,1,5,0.91,60,True
FORECAST-000019,COR-02,SEC-05,2026-09-01,2026-09-01T12:00:00,2026-09-01T18:00:00,0,0,2,0.74,0,True
FORECAST-000020,COR-02,SEC-05,2026-09-01,2026-09-01T18:00:00,2026-09-02T00:00:00,2,1,3,0.9,44,True
FORECAST-000021,COR-02,SEC-06,2026-09-01,2026-09-01T00:00:00,2026-09-01T06:00:00,4,3,5,0.91,100,True
FORECAST-000022,COR-02,SEC-06,2026-09-01,2026-09-01T06:00:00,2026-09-01T12:00:00,0,0,2,0.81,0,True
FORECAST-000023,COR-02,SEC-06,2026-09-01,2026-09-01T12:00:00,2026-09-01T18:00:00,1,0,3,0.9,20,True
FORECAST-000024,COR-02,SEC-06,2026-09-01,2026-09-01T18:00:00,2026-09-02T00:00:00,3,2,4,0.9,72,True
FORECAST-000025,COR-03,SEC-07,2026-09-01,2026-09-01T00:00:00,2026-09-01T06:00:00,4,2,6,0.93,108,True
FORECAST-000026,COR-03,SEC-07,2026-09-01,2026-09-01T06:00:00,2026-09-01T12:00:00,4,3,5,0.88,92,True
FORECAST-000027,COR-03,SEC-07,2026-09-01,2026-09-01T12:00:00,2026-09-01T18:00:00,0,0,1,0.88,0,True
FORECAST-000028,COR-03,SEC-07,2026-09-01,2026-09-01T18:00:00,2026-09-02T00:00:00,2,0,4,0.85,52,True
FORECAST-000029,COR-03,SEC-08,2026-09-01,2026-09-01T00:00:00,2026-09-01T06:00:00,2,1,3,0.75,54,True
FORECAST-000030,COR-03,SEC-08,2026-09-01,2026-09-01T06:00:00,2026-09-01T12:00:00,4,3,5,0.86,84,True
FORECAST-000031,COR-03,SEC-08,2026-09-01,2026-09-01T12:00:00,2026-09-01T18:00:00,3,1,5,0.88,69,True
FORECAST-000032,COR-03,SEC-08,2026-09-01,2026-09-01T18:00:00,2026-09-02T00:00:00,2,0,4,0.91,54,True
FORECAST-000033,COR-03,SEC-09,2026-09-01,2026-09-01T00:00:00,2026-09-01T06:00:00,3,1,5,0.79,57,True
FORECAST-000034,COR-03,SEC-09,2026-09-01,2026-09-01T06:00:00,2026-09-01T12:00:00,4,3,5,0.73,104,True
FORECAST-000035,COR-03,SEC-09,2026-09-01,2026-09-01T12:00:00,2026-09-01T18:00:00,0,0,1,0.78,0,True
FORECAST-000036,COR-03,SEC-09,2026-09-01,2026-09-01T18:00:00,2026-09-02T00:00:00,0,0,1,0.87,0,True
FORECAST-000037,COR-04,SEC-10,2026-09-01,2026-09-01T00:00:00,2026-09-01T06:00:00,4,3,5,0.79,88,True
FORECAST-000038,COR-04,SEC-10,2026-09-01,2026-09-01T06:00:00,2026-09-01T12:00:00,0,0,1,0.83,0,True
FORECAST-000039,COR-04,SEC-10,2026-09-01,2026-09-01T12:00:00,2026-09-01T18:00:00,0,0,1,0.8,0,True
FORECAST-000040,COR-04,SEC-10,2026-09-01,2026-09-01T18:00:00,2026-09-02T00:00:00,1,0,2,0.88,24,True
FORECAST-000041,COR-04,SEC-11,2026-09-01,2026-09-01T00:00:00,2026-09-01T06:00:00,0,0,1,0.8,0,True
FORECAST-000042,COR-04,SEC-11,2026-09-01,2026-09-01T06:00:00,2026-09-01T12:00:00,0,0,2,0.8,0,True
FORECAST-000043,COR-04,SEC-11,2026-09-01,2026-09-01T12:00:00,2026-09-01T18:00:00,4,3,5,0.76,84,True
FORECAST-000044,COR-04,SEC-11,2026-09-01,2026-09-01T18:00:00,2026-09-02T00:00:00,3,2,4,0.79,69,True
FORECAST-000045,COR-04,SEC-12,2026-09-01,2026-09-01T00:00:00,2026-09-01T06:00:00,4,3,5,0.9,72,True
FORECAST-000046,COR-04,SEC-12,2026-09-01,2026-09-01T06:00:00,2026-09-01T12:00:00,1,0,2,0.77,24,True
FORECAST-000047,COR-04,SEC-12,2026-09-01,2026-09-01T12:00:00,2026-09-01T18:00:00,4,3,5,0.74,112,True
FORECAST-000048,COR-04,SEC-12,2026-09-01,2026-09-01T18:00:00,2026-09-02T00:00:00,2,1,3,0.79,42,True
FORECAST-000049,COR-05,SEC-13,2026-09-01,2026-09-01T00:00:00,2026-09-01T06:00:00,4,3,5,0.85,80,True
FORECAST-000050,COR-05,SEC-13,2026-09-01,2026-09-01T06:00:00,2026-09-01T12:00:00,3,1,5,0.85,69,True
FORECAST-000051,COR-05,SEC-13,2026-09-01,2026-09-01T12:00:00,2026-09-01T18:00:00,3,2,4,0.81,69,True
FORECAST-000052,COR-05,SEC-13,2026-09-01,2026-09-01T18:00:00,2026-09-02T00:00:00,6,4,8,0.86,120,True
FORECAST-000053,COR-05,SEC-14,2026-09-01,2026-09-01T00:00:00,2026-09-01T06:00:00,5,3,7,0.94,95,True
FORECAST-000054,COR-05,SEC-14,2026-09-01,2026-09-01T06:00:00,2026-09-01T12:00:00,4,3,5,0.83,100,True
FORECAST-000055,COR-05,SEC-14,2026-09-01,2026-09-01T12:00:00,2026-09-01T18:00:00,4,3,5,0.74,92,True
FORECAST-000056,COR-05,SEC-14,2026-09-01,2026-09-01T18:00:00,2026-09-02T00:00:00,6,4,8,0.79,162,True
FORECAST-000057,COR-05,SEC-15,2026-09-01,2026-09-01T00:00:00,2026-09-01T06:00:00,6,5,7,0.81,156,True
FORECAST-000058,COR-05,SEC-15,2026-09-01,2026-09-01T06:00:00,2026-09-01T12:00:00,3,2,4,0.77,81,True
FORECAST-000059,COR-05,SEC-15,2026-09-01,2026-09-01T12:00:00,2026-09-01T18:00:00,7,5,9,0.77,168,True
FORECAST-000060,COR-05,SEC-15,2026-09-01,2026-09-01T18:00:00,2026-09-02T00:00:00,5,4,6,0.83,100,True
FORECAST-000061,COR-01,SEC-01,2026-09-02,2026-09-02T00:00:00,2026-09-02T06:00:00,1,0,2,0.9,25,True
FORECAST-000062,COR-01,SEC-01,2026-09-02,2026-09-02T06:00:00,2026-09-02T12:00:00,4,2,6,0.87,72,True
FORECAST-000063,COR-01,SEC-01,2026-09-02,2026-09-02T12:00:00,2026-09-02T18:00:00,2,0,4,0.8,54,True
FORECAST-000064,COR-01,SEC-01,2026-09-02,2026-09-02T18:00:00,2026-09-03T00:00:00,3,2,4,0.85,54,True
FORECAST-000065,COR-01,SEC-02,2026-09-02,2026-09-02T00:00:00,2026-09-02T06:00:00,1,0,2,0.76,27,True
FORECAST-000066,COR-01,SEC-02,2026-09-02,2026-09-02T06:00:00,2026-09-02T12:00:00,2,1,3,0.75,56,True
FORECAST-000067,COR-01,SEC-02,2026-09-02,2026-09-02T12:00:00,2026-09-02T18:00:00,2,1,3,0.78,56,True
FORECAST-000068,COR-01,SEC-02,2026-09-02,2026-09-02T18:00:00,2026-09-03T00:00:00,1,0,2,0.89,28,True
FORECAST-000069,COR-01,SEC-03,2026-09-02,2026-09-02T00:00:00,2026-09-02T06:00:00,0,0,1,0.76,0,True
FORECAST-000070,COR-01,SEC-03,2026-09-02,2026-09-02T06:00:00,2026-09-02T12:00:00,2,0,4,0.88,44,True
FORECAST-000071,COR-01,SEC-03,2026-09-02,2026-09-02T12:00:00,2026-09-02T18:00:00,4,2,6,0.76,100,True
FORECAST-000072,COR-01,SEC-03,2026-09-02,2026-09-02T18:00:00,2026-09-03T00:00:00,0,0,1,0.81,0,True
FORECAST-000073,COR-02,SEC-04,2026-09-02,2026-09-02T00:00:00,2026-09-02T06:00:00,1,0,2,0.92,25,True
FORECAST-000074,COR-02,SEC-04,2026-09-02,2026-09-02T06:00:00,2026-09-02T12:00:00,2,1,3,0.88,38,True
FORECAST-000075,COR-02,SEC-04,2026-09-02,2026-09-02T12:00:00,2026-09-02T18:00:00,3,2,4,0.73,54,True
FORECAST-000076,COR-02,SEC-04,2026-09-02,2026-09-02T18:00:00,2026-09-03T00:00:00,0,0,2,0.85,0,True
FORECAST-000077,COR-02,SEC-05,2026-09-02,2026-09-02T00:00:00,2026-09-02T06:00:00,3,2,4,0.73,60,True
FORECAST-000078,COR-02,SEC-05,2026-09-02,2026-09-02T06:00:00,2026-09-02T12:00:00,4,2,6,0.87,104,True
FORECAST-000079,COR-02,SEC-05,2026-09-02,2026-09-02T12:00:00,2026-09-02T18:00:00,2,0,4,0.89,42,True
FORECAST-000080,COR-02,SEC-05,2026-09-02,2026-09-02T18:00:00,2026-09-03T00:00:00,1,0,3,0.75,18,True
FORECAST-000081,COR-02,SEC-06,2026-09-02,2026-09-02T00:00:00,2026-09-02T06:00:00,2,1,3,0.74,44,True
FORECAST-000082,COR-02,SEC-06,2026-09-02,2026-09-02T06:00:00,2026-09-02T12:00:00,0,0,1,0.85,0,True
FORECAST-000083,COR-02,SEC-06,2026-09-02,2026-09-02T12:00:00,2026-09-02T18:00:00,3,2,4,0.81,69,True
FORECAST-000084,COR-02,SEC-06,2026-09-02,2026-09-02T18:00:00,2026-09-03T00:00:00,4,2,6,0.76,72,True
FORECAST-000085,COR-03,SEC-07,2026-09-02,2026-09-02T00:00:00,2026-09-02T06:00:00,1,0,2,0.83,21,True
FORECAST-000086,COR-03,SEC-07,2026-09-02,2026-09-02T06:00:00,2026-09-02T12:00:00,3,2,4,0.85,60,True
FORECAST-000087,COR-03,SEC-07,2026-09-02,2026-09-02T12:00:00,2026-09-02T18:00:00,2,1,3,0.8,48,True
FORECAST-000088,COR-03,SEC-07,2026-09-02,2026-09-02T18:00:00,2026-09-03T00:00:00,3,2,4,0.87,66,True
FORECAST-000089,COR-03,SEC-08,2026-09-02,2026-09-02T00:00:00,2026-09-02T06:00:00,0,0,2,0.93,0,True
FORECAST-000090,COR-03,SEC-08,2026-09-02,2026-09-02T06:00:00,2026-09-02T12:00:00,1,0,2,0.84,22,True
FORECAST-000091,COR-03,SEC-08,2026-09-02,2026-09-02T12:00:00,2026-09-02T18:00:00,3,2,4,0.85,81,True
FORECAST-000092,COR-03,SEC-08,2026-09-02,2026-09-02T18:00:00,2026-09-03T00:00:00,3,2,4,0.78,63,True
FORECAST-000093,COR-03,SEC-09,2026-09-02,2026-09-02T00:00:00,2026-09-02T06:00:00,4,3,5,0.84,100,True
FORECAST-000094,COR-03,SEC-09,2026-09-02,2026-09-02T06:00:00,2026-09-02T12:00:00,3,1,5,0.84,57,True
FORECAST-000095,COR-03,SEC-09,2026-09-02,2026-09-02T12:00:00,2026-09-02T18:00:00,3,2,4,0.86,84,True
FORECAST-000096,COR-03,SEC-09,2026-09-02,2026-09-02T18:00:00,2026-09-03T00:00:00,1,0,2,0.85,19,True
FORECAST-000097,COR-04,SEC-10,2026-09-02,2026-09-02T00:00:00,2026-09-02T06:00:00,2,0,4,0.78,54,True
FORECAST-000098,COR-04,SEC-10,2026-09-02,2026-09-02T06:00:00,2026-09-02T12:00:00,1,0,2,0.94,19,True
FORECAST-000099,COR-04,SEC-10,2026-09-02,2026-09-02T12:00:00,2026-09-02T18:00:00,4,3,5,0.84,108,True
FORECAST-000100,COR-04,SEC-10,2026-09-02,2026-09-02T18:00:00,2026-09-03T00:00:00,3,1,5,0.81,78,True
FORECAST-000101,COR-04,SEC-11,2026-09-02,2026-09-02T00:00:00,2026-09-02T06:00:00,1,0,3,0.88,21,True
FORECAST-000102,COR-04,SEC-11,2026-09-02,2026-09-02T06:00:00,2026-09-02T12:00:00,0,0,2,0.75,0,True
FORECAST-000103,COR-04,SEC-11,2026-09-02,2026-09-02T12:00:00,2026-09-02T18:00:00,1,0,3,0.72,22,True
FORECAST-000104,COR-04,SEC-11,2026-09-02,2026-09-02T18:00:00,2026-09-03T00:00:00,2,0,4,0.82,48,True
FORECAST-000105,COR-04,SEC-12,2026-09-02,2026-09-02T00:00:00,2026-09-02T06:00:00,2,1,3,0.93,56,True
FORECAST-000106,COR-04,SEC-12,2026-09-02,2026-09-02T06:00:00,2026-09-02T12:00:00,0,0,2,0.83,0,True
FORECAST-000107,COR-04,SEC-12,2026-09-02,2026-09-02T12:00:00,2026-09-02T18:00:00,2,0,4,0.86,44,True
FORECAST-000108,COR-04,SEC-12,2026-09-02,2026-09-02T18:00:00,2026-09-03T00:00:00,4,3,5,0.73,84,True
FORECAST-000109,COR-05,SEC-13,2026-09-02,2026-09-02T00:00:00,2026-09-02T06:00:00,3,1,5,0.83,66,True
FORECAST-000110,COR-05,SEC-13,2026-09-02,2026-09-02T06:00:00,2026-09-02T12:00:00,6,4,8,0.92,138,True
FORECAST-000111,COR-05,SEC-13,2026-09-02,2026-09-02T12:00:00,2026-09-02T18:00:00,5,3,7,0.84,120,True
FORECAST-000112,COR-05,SEC-13,2026-09-02,2026-09-02T18:00:00,2026-09-03T00:00:00,3,2,4,0.89,84,True
FORECAST-000113,COR-05,SEC-14,2026-09-02,2026-09-02T00:00:00,2026-09-02T06:00:00,5,4,6,0.77,90,True
FORECAST-000114,COR-05,SEC-14,2026-09-02,2026-09-02T06:00:00,2026-09-02T12:00:00,7,5,9,0.91,140,True
FORECAST-000115,COR-05,SEC-14,2026-09-02,2026-09-02T12:00:00,2026-09-02T18:00:00,6,5,7,0.89,156,True
FORECAST-000116,COR-05,SEC-14,2026-09-02,2026-09-02T18:00:00,2026-09-03T00:00:00,6,4,8,0.84,162,True
FORECAST-000117,COR-05,SEC-15,2026-09-02,2026-09-02T00:00:00,2026-09-02T06:00:00,5,4,6,0.91,100,True
FORECAST-000118,COR-05,SEC-15,2026-09-02,2026-09-02T06:00:00,2026-09-02T12:00:00,3,2,4,0.76,75,True
FORECAST-000119,COR-05,SEC-15,2026-09-02,2026-09-02T12:00:00,2026-09-02T18:00:00,4,3,5,0.82,72,True
FORECAST-000120,COR-05,SEC-15,2026-09-02,2026-09-02T18:00:00,2026-09-03T00:00:00,6,4,8,0.86,150,True
FORECAST-000121,COR-01,SEC-01,2026-09-03,2026-09-03T00:00:00,2026-09-03T06:00:00,1,0,2,0.73,27,True
FORECAST-000122,COR-01,SEC-01,2026-09-03,2026-09-03T06:00:00,2026-09-03T12:00:00,4,3,5,0.75,88,True
FORECAST-000123,COR-01,SEC-01,2026-09-03,2026-09-03T12:00:00,2026-09-03T18:00:00,4,2,6,0.91,88,True
FORECAST-000124,COR-01,SEC-01,2026-09-03,2026-09-03T18:00:00,2026-09-04T00:00:00,1,0,3,0.82,24,True
FORECAST-000125,COR-01,SEC-02,2026-09-03,2026-09-03T00:00:00,2026-09-03T06:00:00,4,2,6,0.77,72,True
FORECAST-000126,COR-01,SEC-02,2026-09-03,2026-09-03T06:00:00,2026-09-03T12:00:00,3,2,4,0.78,72,True
FORECAST-000127,COR-01,SEC-02,2026-09-03,2026-09-03T12:00:00,2026-09-03T18:00:00,1,0,2,0.79,20,True
FORECAST-000128,COR-01,SEC-02,2026-09-03,2026-09-03T18:00:00,2026-09-04T00:00:00,2,0,4,0.83,46,True
FORECAST-000129,COR-01,SEC-03,2026-09-03,2026-09-03T00:00:00,2026-09-03T06:00:00,3,2,4,0.93,75,True
FORECAST-000130,COR-01,SEC-03,2026-09-03,2026-09-03T06:00:00,2026-09-03T12:00:00,0,0,1,0.81,0,True
FORECAST-000131,COR-01,SEC-03,2026-09-03,2026-09-03T12:00:00,2026-09-03T18:00:00,1,0,2,0.89,19,True
FORECAST-000132,COR-01,SEC-03,2026-09-03,2026-09-03T18:00:00,2026-09-04T00:00:00,0,0,1,0.73,0,True
FORECAST-000133,COR-02,SEC-04,2026-09-03,2026-09-03T00:00:00,2026-09-03T06:00:00,0,0,2,0.75,0,True
FORECAST-000134,COR-02,SEC-04,2026-09-03,2026-09-03T06:00:00,2026-09-03T12:00:00,0,0,1,0.73,0,True
FORECAST-000135,COR-02,SEC-04,2026-09-03,2026-09-03T12:00:00,2026-09-03T18:00:00,2,1,3,0.75,42,True
FORECAST-000136,COR-02,SEC-04,2026-09-03,2026-09-03T18:00:00,2026-09-04T00:00:00,1,0,3,0.76,25,True
FORECAST-000137,COR-02,SEC-05,2026-09-03,2026-09-03T00:00:00,2026-09-03T06:00:00,1,0,2,0.82,21,True
FORECAST-000138,COR-02,SEC-05,2026-09-03,2026-09-03T06:00:00,2026-09-03T12:00:00,1,0,2,0.92,21,True
FORECAST-000139,COR-02,SEC-05,2026-09-03,2026-09-03T12:00:00,2026-09-03T18:00:00,2,0,4,0.72,52,True
FORECAST-000140,COR-02,SEC-05,2026-09-03,2026-09-03T18:00:00,2026-09-04T00:00:00,4,2,6,0.77,100,True
FORECAST-000141,COR-02,SEC-06,2026-09-03,2026-09-03T00:00:00,2026-09-03T06:00:00,2,1,3,0.8,50,True
FORECAST-000142,COR-02,SEC-06,2026-09-03,2026-09-03T06:00:00,2026-09-03T12:00:00,0,0,2,0.78,0,True
FORECAST-000143,COR-02,SEC-06,2026-09-03,2026-09-03T12:00:00,2026-09-03T18:00:00,1,0,2,0.88,19,True
FORECAST-000144,COR-02,SEC-06,2026-09-03,2026-09-03T18:00:00,2026-09-04T00:00:00,1,0,2,0.8,24,True
FORECAST-000145,COR-03,SEC-07,2026-09-03,2026-09-03T00:00:00,2026-09-03T06:00:00,3,1,5,0.73,72,True
FORECAST-000146,COR-03,SEC-07,2026-09-03,2026-09-03T06:00:00,2026-09-03T12:00:00,2,0,4,0.74,50,True
FORECAST-000147,COR-03,SEC-07,2026-09-03,2026-09-03T12:00:00,2026-09-03T18:00:00,4,3,5,0.85,104,True
FORECAST-000148,COR-03,SEC-07,2026-09-03,2026-09-03T18:00:00,2026-09-04T00:00:00,3,2,4,0.87,69,True
FORECAST-000149,COR-03,SEC-08,2026-09-03,2026-09-03T00:00:00,2026-09-03T06:00:00,0,0,1,0.84,0,True
FORECAST-000150,COR-03,SEC-08,2026-09-03,2026-09-03T06:00:00,2026-09-03T12:00:00,2,1,3,0.78,42,True
FORECAST-000151,COR-03,SEC-08,2026-09-03,2026-09-03T12:00:00,2026-09-03T18:00:00,3,2,4,0.9,75,True
FORECAST-000152,COR-03,SEC-08,2026-09-03,2026-09-03T18:00:00,2026-09-04T00:00:00,3,1,5,0.88,57,True
FORECAST-000153,COR-03,SEC-09,2026-09-03,2026-09-03T00:00:00,2026-09-03T06:00:00,0,0,1,0.78,0,True
FORECAST-000154,COR-03,SEC-09,2026-09-03,2026-09-03T06:00:00,2026-09-03T12:00:00,3,2,4,0.88,81,True
FORECAST-000155,COR-03,SEC-09,2026-09-03,2026-09-03T12:00:00,2026-09-03T18:00:00,2,1,3,0.83,48,True
FORECAST-000156,COR-03,SEC-09,2026-09-03,2026-09-03T18:00:00,2026-09-04T00:00:00,3,2,4,0.82,60,True
FORECAST-000157,COR-04,SEC-10,2026-09-03,2026-09-03T00:00:00,2026-09-03T06:00:00,4,3,5,0.91,88,True
FORECAST-000158,COR-04,SEC-10,2026-09-03,2026-09-03T06:00:00,2026-09-03T12:00:00,0,0,1,0.73,0,True
FORECAST-000159,COR-04,SEC-10,2026-09-03,2026-09-03T12:00:00,2026-09-03T18:00:00,4,3,5,0.79,92,True
FORECAST-000160,COR-04,SEC-10,2026-09-03,2026-09-03T18:00:00,2026-09-04T00:00:00,3,2,4,0.92,63,True
FORECAST-000161,COR-04,SEC-11,2026-09-03,2026-09-03T00:00:00,2026-09-03T06:00:00,2,1,3,0.85,46,True
FORECAST-000162,COR-04,SEC-11,2026-09-03,2026-09-03T06:00:00,2026-09-03T12:00:00,3,2,4,0.76,63,True
FORECAST-000163,COR-04,SEC-11,2026-09-03,2026-09-03T12:00:00,2026-09-03T18:00:00,1,0,3,0.74,28,True
FORECAST-000164,COR-04,SEC-11,2026-09-03,2026-09-03T18:00:00,2026-09-04T00:00:00,0,0,1,0.92,0,True
FORECAST-000165,COR-04,SEC-12,2026-09-03,2026-09-03T00:00:00,2026-09-03T06:00:00,0,0,1,0.85,0,True
FORECAST-000166,COR-04,SEC-12,2026-09-03,2026-09-03T06:00:00,2026-09-03T12:00:00,4,3,5,0.74,72,True
FORECAST-000167,COR-04,SEC-12,2026-09-03,2026-09-03T12:00:00,2026-09-03T18:00:00,1,0,2,0.84,26,True
FORECAST-000168,COR-04,SEC-12,2026-09-03,2026-09-03T18:00:00,2026-09-04T00:00:00,3,2,4,0.76,54,True
FORECAST-000169,COR-05,SEC-13,2026-09-03,2026-09-03T00:00:00,2026-09-03T06:00:00,3,2,4,0.93,54,True
FORECAST-000170,COR-05,SEC-13,2026-09-03,2026-09-03T06:00:00,2026-09-03T12:00:00,4,2,6,0.93,104,True
FORECAST-000171,COR-05,SEC-13,2026-09-03,2026-09-03T12:00:00,2026-09-03T18:00:00,3,2,4,0.86,78,True
FORECAST-000172,COR-05,SEC-13,2026-09-03,2026-09-03T18:00:00,2026-09-04T00:00:00,4,3,5,0.87,112,True
FORECAST-000173,COR-05,SEC-14,2026-09-03,2026-09-03T00:00:00,2026-09-03T06:00:00,7,6,8,0.78,126,True
FORECAST-000174,COR-05,SEC-14,2026-09-03,2026-09-03T06:00:00,2026-09-03T12:00:00,6,5,7,0.76,126,True
FORECAST-000175,COR-05,SEC-14,2026-09-03,2026-09-03T12:00:00,2026-09-03T18:00:00,7,6,8,0.73,126,True
FORECAST-000176,COR-05,SEC-14,2026-09-03,2026-09-03T18:00:00,2026-09-04T00:00:00,5,4,6,0.91,120,True
FORECAST-000177,COR-05,SEC-15,2026-09-03,2026-09-03T00:00:00,2026-09-03T06:00:00,5,4,6,0.74,115,True
FORECAST-000178,COR-05,SEC-15,2026-09-03,2026-09-03T06:00:00,2026-09-03T12:00:00,3,1,5,0.82,63,True
FORECAST-000179,COR-05,SEC-15,2026-09-03,2026-09-03T12:00:00,2026-09-03T18:00:00,5,3,7,0.74,115,True
FORECAST-000180,COR-05,SEC-15,2026-09-03,2026-09-03T18:00:00,2026-09-04T00:00:00,4,3,5,0.84,80,True
FORECAST-000181,COR-01,SEC-01,2026-09-04,2026-09-04T00:00:00,2026-09-04T06:00:00,2,1,3,0.73,48,True
FORECAST-000182,COR-01,SEC-01,2026-09-04,2026-09-04T06:00:00,2026-09-04T12:00:00,2,0,4,0.91,36,True
FORECAST-000183,COR-01,SEC-01,2026-09-04,2026-09-04T12:00:00,2026-09-04T18:00:00,3,2,4,0.86,84,True
FORECAST-000184,COR-01,SEC-01,2026-09-04,2026-09-04T18:00:00,2026-09-05T00:00:00,4,3,5,0.93,72,True
FORECAST-000185,COR-01,SEC-02,2026-09-04,2026-09-04T00:00:00,2026-09-04T06:00:00,3,2,4,0.73,57,True
FORECAST-000186,COR-01,SEC-02,2026-09-04,2026-09-04T06:00:00,2026-09-04T12:00:00,0,0,2,0.78,0,True
FORECAST-000187,COR-01,SEC-02,2026-09-04,2026-09-04T12:00:00,2026-09-04T18:00:00,3,2,4,0.83,66,True
FORECAST-000188,COR-01,SEC-02,2026-09-04,2026-09-04T18:00:00,2026-09-05T00:00:00,1,0,2,0.79,22,True
FORECAST-000189,COR-01,SEC-03,2026-09-04,2026-09-04T00:00:00,2026-09-04T06:00:00,3,2,4,0.79,66,True
FORECAST-000190,COR-01,SEC-03,2026-09-04,2026-09-04T06:00:00,2026-09-04T12:00:00,0,0,1,0.84,0,True
FORECAST-000191,COR-01,SEC-03,2026-09-04,2026-09-04T12:00:00,2026-09-04T18:00:00,0,0,1,0.86,0,True
FORECAST-000192,COR-01,SEC-03,2026-09-04,2026-09-04T18:00:00,2026-09-05T00:00:00,1,0,2,0.8,28,True
FORECAST-000193,COR-02,SEC-04,2026-09-04,2026-09-04T00:00:00,2026-09-04T06:00:00,1,0,2,0.85,20,True
FORECAST-000194,COR-02,SEC-04,2026-09-04,2026-09-04T06:00:00,2026-09-04T12:00:00,2,1,3,0.93,44,True
FORECAST-000195,COR-02,SEC-04,2026-09-04,2026-09-04T12:00:00,2026-09-04T18:00:00,2,0,4,0.86,36,True
FORECAST-000196,COR-02,SEC-04,2026-09-04,2026-09-04T18:00:00,2026-09-05T00:00:00,0,0,1,0.94,0,True
FORECAST-000197,COR-02,SEC-05,2026-09-04,2026-09-04T00:00:00,2026-09-04T06:00:00,2,0,4,0.93,56,True
FORECAST-000198,COR-02,SEC-05,2026-09-04,2026-09-04T06:00:00,2026-09-04T12:00:00,0,0,2,0.73,0,True
FORECAST-000199,COR-02,SEC-05,2026-09-04,2026-09-04T12:00:00,2026-09-04T18:00:00,1,0,2,0.79,24,True
FORECAST-000200,COR-02,SEC-05,2026-09-04,2026-09-04T18:00:00,2026-09-05T00:00:00,1,0,2,0.73,25,True
FORECAST-000201,COR-02,SEC-06,2026-09-04,2026-09-04T00:00:00,2026-09-04T06:00:00,0,0,1,0.79,0,True
FORECAST-000202,COR-02,SEC-06,2026-09-04,2026-09-04T06:00:00,2026-09-04T12:00:00,4,3,5,0.82,104,True
FORECAST-000203,COR-02,SEC-06,2026-09-04,2026-09-04T12:00:00,2026-09-04T18:00:00,4,3,5,0.84,96,True
FORECAST-000204,COR-02,SEC-06,2026-09-04,2026-09-04T18:00:00,2026-09-05T00:00:00,0,0,1,0.78,0,True
FORECAST-000205,COR-03,SEC-07,2026-09-04,2026-09-04T00:00:00,2026-09-04T06:00:00,0,0,1,0.89,0,True
FORECAST-000206,COR-03,SEC-07,2026-09-04,2026-09-04T06:00:00,2026-09-04T12:00:00,4,3,5,0.73,92,True
FORECAST-000207,COR-03,SEC-07,2026-09-04,2026-09-04T12:00:00,2026-09-04T18:00:00,1,0,3,0.78,22,True
FORECAST-000208,COR-03,SEC-07,2026-09-04,2026-09-04T18:00:00,2026-09-05T00:00:00,3,2,4,0.84,66,True
FORECAST-000209,COR-03,SEC-08,2026-09-04,2026-09-04T00:00:00,2026-09-04T06:00:00,1,0,2,0.8,21,True
FORECAST-000210,COR-03,SEC-08,2026-09-04,2026-09-04T06:00:00,2026-09-04T12:00:00,1,0,2,0.81,23,True
FORECAST-000211,COR-03,SEC-08,2026-09-04,2026-09-04T12:00:00,2026-09-04T18:00:00,0,0,2,0.81,0,True
FORECAST-000212,COR-03,SEC-08,2026-09-04,2026-09-04T18:00:00,2026-09-05T00:00:00,4,2,6,0.87,76,True
FORECAST-000213,COR-03,SEC-09,2026-09-04,2026-09-04T00:00:00,2026-09-04T06:00:00,0,0,2,0.75,0,True
FORECAST-000214,COR-03,SEC-09,2026-09-04,2026-09-04T06:00:00,2026-09-04T12:00:00,2,1,3,0.75,44,True
FORECAST-000215,COR-03,SEC-09,2026-09-04,2026-09-04T12:00:00,2026-09-04T18:00:00,2,1,3,0.84,42,True
FORECAST-000216,COR-03,SEC-09,2026-09-04,2026-09-04T18:00:00,2026-09-05T00:00:00,4,3,5,0.91,96,True
FORECAST-000217,COR-04,SEC-10,2026-09-04,2026-09-04T00:00:00,2026-09-04T06:00:00,1,0,2,0.74,25,True
FORECAST-000218,COR-04,SEC-10,2026-09-04,2026-09-04T06:00:00,2026-09-04T12:00:00,0,0,1,0.93,0,True
FORECAST-000219,COR-04,SEC-10,2026-09-04,2026-09-04T12:00:00,2026-09-04T18:00:00,1,0,2,0.78,22,True
FORECAST-000220,COR-04,SEC-10,2026-09-04,2026-09-04T18:00:00,2026-09-05T00:00:00,3,2,4,0.76,78,True
FORECAST-000221,COR-04,SEC-11,2026-09-04,2026-09-04T00:00:00,2026-09-04T06:00:00,1,0,2,0.9,18,True
FORECAST-000222,COR-04,SEC-11,2026-09-04,2026-09-04T06:00:00,2026-09-04T12:00:00,4,3,5,0.79,84,True
FORECAST-000223,COR-04,SEC-11,2026-09-04,2026-09-04T12:00:00,2026-09-04T18:00:00,0,0,1,0.89,0,True
FORECAST-000224,COR-04,SEC-11,2026-09-04,2026-09-04T18:00:00,2026-09-05T00:00:00,1,0,3,0.87,23,True
FORECAST-000225,COR-04,SEC-12,2026-09-04,2026-09-04T00:00:00,2026-09-04T06:00:00,3,1,5,0.89,78,True
FORECAST-000226,COR-04,SEC-12,2026-09-04,2026-09-04T06:00:00,2026-09-04T12:00:00,3,1,5,0.89,78,True
FORECAST-000227,COR-04,SEC-12,2026-09-04,2026-09-04T12:00:00,2026-09-04T18:00:00,0,0,2,0.9,0,True
FORECAST-000228,COR-04,SEC-12,2026-09-04,2026-09-04T18:00:00,2026-09-05T00:00:00,1,0,2,0.85,23,True
FORECAST-000229,COR-05,SEC-13,2026-09-04,2026-09-04T00:00:00,2026-09-04T06:00:00,4,2,6,0.74,108,True
FORECAST-000230,COR-05,SEC-13,2026-09-04,2026-09-04T06:00:00,2026-09-04T12:00:00,6,4,8,0.74,114,True
FORECAST-000231,COR-05,SEC-13,2026-09-04,2026-09-04T12:00:00,2026-09-04T18:00:00,6,5,7,0.79,150,True
FORECAST-000232,COR-05,SEC-13,2026-09-04,2026-09-04T18:00:00,2026-09-05T00:00:00,3,2,4,0.85,63,True
FORECAST-000233,COR-05,SEC-14,2026-09-04,2026-09-04T00:00:00,2026-09-04T06:00:00,4,2,6,0.79,88,True
FORECAST-000234,COR-05,SEC-14,2026-09-04,2026-09-04T06:00:00,2026-09-04T12:00:00,6,5,7,0.82,138,True
FORECAST-000235,COR-05,SEC-14,2026-09-04,2026-09-04T12:00:00,2026-09-04T18:00:00,3,1,5,0.84,57,True
FORECAST-000236,COR-05,SEC-14,2026-09-04,2026-09-04T18:00:00,2026-09-05T00:00:00,4,3,5,0.81,96,True
FORECAST-000237,COR-05,SEC-15,2026-09-04,2026-09-04T00:00:00,2026-09-04T06:00:00,6,5,7,0.78,162,True
FORECAST-000238,COR-05,SEC-15,2026-09-04,2026-09-04T06:00:00,2026-09-04T12:00:00,4,3,5,0.87,80,True
FORECAST-000239,COR-05,SEC-15,2026-09-04,2026-09-04T12:00:00,2026-09-04T18:00:00,3,2,4,0.8,78,True
FORECAST-000240,COR-05,SEC-15,2026-09-04,2026-09-04T18:00:00,2026-09-05T00:00:00,7,6,8,0.85,133,True
FORECAST-000241,COR-01,SEC-01,2026-09-05,2026-09-05T00:00:00,2026-09-05T06:00:00,2,1,3,0.92,46,True
FORECAST-000242,COR-01,SEC-01,2026-09-05,2026-09-05T06:00:00,2026-09-05T12:00:00,4,3,5,0.88,96,True
FORECAST-000243,COR-01,SEC-01,2026-09-05,2026-09-05T12:00:00,2026-09-05T18:00:00,0,0,1,0.87,0,True
FORECAST-000244,COR-01,SEC-01,2026-09-05,2026-09-05T18:00:00,2026-09-06T00:00:00,2,1,3,0.92,54,True
FORECAST-000245,COR-01,SEC-02,2026-09-05,2026-09-05T00:00:00,2026-09-05T06:00:00,4,2,6,0.87,76,True
FORECAST-000246,COR-01,SEC-02,2026-09-05,2026-09-05T06:00:00,2026-09-05T12:00:00,2,1,3,0.91,36,True
FORECAST-000247,COR-01,SEC-02,2026-09-05,2026-09-05T12:00:00,2026-09-05T18:00:00,4,3,5,0.74,88,True
FORECAST-000248,COR-01,SEC-02,2026-09-05,2026-09-05T18:00:00,2026-09-06T00:00:00,0,0,1,0.93,0,True
FORECAST-000249,COR-01,SEC-03,2026-09-05,2026-09-05T00:00:00,2026-09-05T06:00:00,0,0,1,0.81,0,True
FORECAST-000250,COR-01,SEC-03,2026-09-05,2026-09-05T06:00:00,2026-09-05T12:00:00,3,2,4,0.73,54,True
FORECAST-000251,COR-01,SEC-03,2026-09-05,2026-09-05T12:00:00,2026-09-05T18:00:00,2,0,4,0.82,48,True
FORECAST-000252,COR-01,SEC-03,2026-09-05,2026-09-05T18:00:00,2026-09-06T00:00:00,0,0,1,0.79,0,True
FORECAST-000253,COR-02,SEC-04,2026-09-05,2026-09-05T00:00:00,2026-09-05T06:00:00,1,0,2,0.82,27,True
FORECAST-000254,COR-02,SEC-04,2026-09-05,2026-09-05T06:00:00,2026-09-05T12:00:00,1,0,2,0.79,24,True
FORECAST-000255,COR-02,SEC-04,2026-09-05,2026-09-05T12:00:00,2026-09-05T18:00:00,3,2,4,0.8,72,True
FORECAST-000256,COR-02,SEC-04,2026-09-05,2026-09-05T18:00:00,2026-09-06T00:00:00,0,0,1,0.8,0,True
FORECAST-000257,COR-02,SEC-05,2026-09-05,2026-09-05T00:00:00,2026-09-05T06:00:00,1,0,3,0.88,26,True
FORECAST-000258,COR-02,SEC-05,2026-09-05,2026-09-05T06:00:00,2026-09-05T12:00:00,3,2,4,0.77,81,True
FORECAST-000259,COR-02,SEC-05,2026-09-05,2026-09-05T12:00:00,2026-09-05T18:00:00,3,2,4,0.72,84,True
FORECAST-000260,COR-02,SEC-05,2026-09-05,2026-09-05T18:00:00,2026-09-06T00:00:00,4,2,6,0.83,104,True
FORECAST-000261,COR-02,SEC-06,2026-09-05,2026-09-05T00:00:00,2026-09-05T06:00:00,0,0,1,0.9,0,True
FORECAST-000262,COR-02,SEC-06,2026-09-05,2026-09-05T06:00:00,2026-09-05T12:00:00,0,0,1,0.83,0,True
FORECAST-000263,COR-02,SEC-06,2026-09-05,2026-09-05T12:00:00,2026-09-05T18:00:00,3,2,4,0.8,84,True
FORECAST-000264,COR-02,SEC-06,2026-09-05,2026-09-05T18:00:00,2026-09-06T00:00:00,2,1,3,0.86,42,True
FORECAST-000265,COR-03,SEC-07,2026-09-05,2026-09-05T00:00:00,2026-09-05T06:00:00,1,0,2,0.85,27,True
FORECAST-000266,COR-03,SEC-07,2026-09-05,2026-09-05T06:00:00,2026-09-05T12:00:00,2,1,3,0.75,44,True
FORECAST-000267,COR-03,SEC-07,2026-09-05,2026-09-05T12:00:00,2026-09-05T18:00:00,4,2,6,0.92,92,True
FORECAST-000268,COR-03,SEC-07,2026-09-05,2026-09-05T18:00:00,2026-09-06T00:00:00,3,1,5,0.82,72,True
FORECAST-000269,COR-03,SEC-08,2026-09-05,2026-09-05T00:00:00,2026-09-05T06:00:00,4,3,5,0.83,96,True
FORECAST-000270,COR-03,SEC-08,2026-09-05,2026-09-05T06:00:00,2026-09-05T12:00:00,1,0,2,0.89,25,True
FORECAST-000271,COR-03,SEC-08,2026-09-05,2026-09-05T12:00:00,2026-09-05T18:00:00,2,0,4,0.9,44,True
FORECAST-000272,COR-03,SEC-08,2026-09-05,2026-09-05T18:00:00,2026-09-06T00:00:00,3,2,4,0.87,66,True
FORECAST-000273,COR-03,SEC-09,2026-09-05,2026-09-05T00:00:00,2026-09-05T06:00:00,4,3,5,0.77,88,True
FORECAST-000274,COR-03,SEC-09,2026-09-05,2026-09-05T06:00:00,2026-09-05T12:00:00,4,3,5,0.84,100,True
FORECAST-000275,COR-03,SEC-09,2026-09-05,2026-09-05T12:00:00,2026-09-05T18:00:00,2,0,4,0.94,48,True
FORECAST-000276,COR-03,SEC-09,2026-09-05,2026-09-05T18:00:00,2026-09-06T00:00:00,4,3,5,0.83,108,True
FORECAST-000277,COR-04,SEC-10,2026-09-05,2026-09-05T00:00:00,2026-09-05T06:00:00,0,0,2,0.92,0,True
FORECAST-000278,COR-04,SEC-10,2026-09-05,2026-09-05T06:00:00,2026-09-05T12:00:00,0,0,1,0.82,0,True
FORECAST-000279,COR-04,SEC-10,2026-09-05,2026-09-05T12:00:00,2026-09-05T18:00:00,4,3,5,0.74,88,True
FORECAST-000280,COR-04,SEC-10,2026-09-05,2026-09-05T18:00:00,2026-09-06T00:00:00,1,0,2,0.83,19,True
FORECAST-000281,COR-04,SEC-11,2026-09-05,2026-09-05T00:00:00,2026-09-05T06:00:00,4,3,5,0.92,104,True
FORECAST-000282,COR-04,SEC-11,2026-09-05,2026-09-05T06:00:00,2026-09-05T12:00:00,0,0,1,0.94,0,True
FORECAST-000283,COR-04,SEC-11,2026-09-05,2026-09-05T12:00:00,2026-09-05T18:00:00,0,0,1,0.74,0,True
FORECAST-000284,COR-04,SEC-11,2026-09-05,2026-09-05T18:00:00,2026-09-06T00:00:00,2,0,4,0.79,38,True
FORECAST-000285,COR-04,SEC-12,2026-09-05,2026-09-05T00:00:00,2026-09-05T06:00:00,3,2,4,0.88,63,True
FORECAST-000286,COR-04,SEC-12,2026-09-05,2026-09-05T06:00:00,2026-09-05T12:00:00,3,1,5,0.75,60,True
FORECAST-000287,COR-04,SEC-12,2026-09-05,2026-09-05T12:00:00,2026-09-05T18:00:00,4,3,5,0.73,80,True
FORECAST-000288,COR-04,SEC-12,2026-09-05,2026-09-05T18:00:00,2026-09-06T00:00:00,3,2,4,0.77,54,True
FORECAST-000289,COR-05,SEC-13,2026-09-05,2026-09-05T00:00:00,2026-09-05T06:00:00,5,4,6,0.73,130,True
FORECAST-000290,COR-05,SEC-13,2026-09-05,2026-09-05T06:00:00,2026-09-05T12:00:00,3,2,4,0.93,84,True
FORECAST-000291,COR-05,SEC-13,2026-09-05,2026-09-05T12:00:00,2026-09-05T18:00:00,6,5,7,0.78,126,True
FORECAST-000292,COR-05,SEC-13,2026-09-05,2026-09-05T18:00:00,2026-09-06T00:00:00,7,5,9,0.73,175,True
FORECAST-000293,COR-05,SEC-14,2026-09-05,2026-09-05T00:00:00,2026-09-05T06:00:00,3,1,5,0.77,63,True
FORECAST-000294,COR-05,SEC-14,2026-09-05,2026-09-05T06:00:00,2026-09-05T12:00:00,4,3,5,0.73,80,True
FORECAST-000295,COR-05,SEC-14,2026-09-05,2026-09-05T12:00:00,2026-09-05T18:00:00,5,4,6,0.81,90,True
FORECAST-000296,COR-05,SEC-14,2026-09-05,2026-09-05T18:00:00,2026-09-06T00:00:00,7,6,8,0.76,168,True
FORECAST-000297,COR-05,SEC-15,2026-09-05,2026-09-05T00:00:00,2026-09-05T06:00:00,7,6,8,0.82,196,True
FORECAST-000298,COR-05,SEC-15,2026-09-05,2026-09-05T06:00:00,2026-09-05T12:00:00,7,6,8,0.83,189,True
FORECAST-000299,COR-05,SEC-15,2026-09-05,2026-09-05T12:00:00,2026-09-05T18:00:00,7,5,9,0.86,168,True
FORECAST-000300,COR-05,SEC-15,2026-09-05,2026-09-05T18:00:00,2026-09-06T00:00:00,6,5,7,0.92,168,True
FORECAST-000301,COR-01,SEC-01,2026-09-06,2026-09-06T00:00:00,2026-09-06T06:00:00,3,2,4,0.93,72,True
FORECAST-000302,COR-01,SEC-01,2026-09-06,2026-09-06T06:00:00,2026-09-06T12:00:00,0,0,1,0.91,0,True
FORECAST-000303,COR-01,SEC-01,2026-09-06,2026-09-06T12:00:00,2026-09-06T18:00:00,0,0,1,0.81,0,True
FORECAST-000304,COR-01,SEC-01,2026-09-06,2026-09-06T18:00:00,2026-09-07T00:00:00,4,3,5,0.88,100,True
FORECAST-000305,COR-01,SEC-02,2026-09-06,2026-09-06T00:00:00,2026-09-06T06:00:00,3,2,4,0.79,81,True
FORECAST-000306,COR-01,SEC-02,2026-09-06,2026-09-06T06:00:00,2026-09-06T12:00:00,4,3,5,0.77,76,True
FORECAST-000307,COR-01,SEC-02,2026-09-06,2026-09-06T12:00:00,2026-09-06T18:00:00,3,2,4,0.86,84,True
FORECAST-000308,COR-01,SEC-02,2026-09-06,2026-09-06T18:00:00,2026-09-07T00:00:00,0,0,2,0.77,0,True
FORECAST-000309,COR-01,SEC-03,2026-09-06,2026-09-06T00:00:00,2026-09-06T06:00:00,0,0,2,0.78,0,True
FORECAST-000310,COR-01,SEC-03,2026-09-06,2026-09-06T06:00:00,2026-09-06T12:00:00,3,2,4,0.81,54,True
FORECAST-000311,COR-01,SEC-03,2026-09-06,2026-09-06T12:00:00,2026-09-06T18:00:00,3,2,4,0.83,84,True
FORECAST-000312,COR-01,SEC-03,2026-09-06,2026-09-06T18:00:00,2026-09-07T00:00:00,2,1,3,0.8,48,True
FORECAST-000313,COR-02,SEC-04,2026-09-06,2026-09-06T00:00:00,2026-09-06T06:00:00,3,2,4,0.72,84,True
FORECAST-000314,COR-02,SEC-04,2026-09-06,2026-09-06T06:00:00,2026-09-06T12:00:00,0,0,2,0.93,0,True
FORECAST-000315,COR-02,SEC-04,2026-09-06,2026-09-06T12:00:00,2026-09-06T18:00:00,4,3,5,0.76,76,True
FORECAST-000316,COR-02,SEC-04,2026-09-06,2026-09-06T18:00:00,2026-09-07T00:00:00,4,3,5,0.72,96,True
FORECAST-000317,COR-02,SEC-05,2026-09-06,2026-09-06T00:00:00,2026-09-06T06:00:00,4,2,6,0.92,100,True
FORECAST-000318,COR-02,SEC-05,2026-09-06,2026-09-06T06:00:00,2026-09-06T12:00:00,1,0,2,0.74,21,True
FORECAST-000319,COR-02,SEC-05,2026-09-06,2026-09-06T12:00:00,2026-09-06T18:00:00,3,2,4,0.91,54,True
FORECAST-000320,COR-02,SEC-05,2026-09-06,2026-09-06T18:00:00,2026-09-07T00:00:00,1,0,2,0.79,28,True
FORECAST-000321,COR-02,SEC-06,2026-09-06,2026-09-06T00:00:00,2026-09-06T06:00:00,2,1,3,0.73,56,True
FORECAST-000322,COR-02,SEC-06,2026-09-06,2026-09-06T06:00:00,2026-09-06T12:00:00,0,0,1,0.8,0,True
FORECAST-000323,COR-02,SEC-06,2026-09-06,2026-09-06T12:00:00,2026-09-06T18:00:00,4,2,6,0.91,112,True
FORECAST-000324,COR-02,SEC-06,2026-09-06,2026-09-06T18:00:00,2026-09-07T00:00:00,2,1,3,0.85,44,True
FORECAST-000325,COR-03,SEC-07,2026-09-06,2026-09-06T00:00:00,2026-09-06T06:00:00,3,2,4,0.74,60,True
FORECAST-000326,COR-03,SEC-07,2026-09-06,2026-09-06T06:00:00,2026-09-06T12:00:00,4,3,5,0.88,88,True
FORECAST-000327,COR-03,SEC-07,2026-09-06,2026-09-06T12:00:00,2026-09-06T18:00:00,3,1,5,0.91,57,True
FORECAST-000328,COR-03,SEC-07,2026-09-06,2026-09-06T18:00:00,2026-09-07T00:00:00,3,1,5,0.89,78,True
FORECAST-000329,COR-03,SEC-08,2026-09-06,2026-09-06T00:00:00,2026-09-06T06:00:00,3,1,5,0.78,72,True
FORECAST-000330,COR-03,SEC-08,2026-09-06,2026-09-06T06:00:00,2026-09-06T12:00:00,2,0,4,0.76,52,True
FORECAST-000331,COR-03,SEC-08,2026-09-06,2026-09-06T12:00:00,2026-09-06T18:00:00,0,0,2,0.74,0,True
FORECAST-000332,COR-03,SEC-08,2026-09-06,2026-09-06T18:00:00,2026-09-07T00:00:00,3,2,4,0.81,69,True
FORECAST-000333,COR-03,SEC-09,2026-09-06,2026-09-06T00:00:00,2026-09-06T06:00:00,2,1,3,0.77,54,True
FORECAST-000334,COR-03,SEC-09,2026-09-06,2026-09-06T06:00:00,2026-09-06T12:00:00,1,0,2,0.88,26,True
FORECAST-000335,COR-03,SEC-09,2026-09-06,2026-09-06T12:00:00,2026-09-06T18:00:00,1,0,3,0.88,26,True
FORECAST-000336,COR-03,SEC-09,2026-09-06,2026-09-06T18:00:00,2026-09-07T00:00:00,0,0,1,0.76,0,True
FORECAST-000337,COR-04,SEC-10,2026-09-06,2026-09-06T00:00:00,2026-09-06T06:00:00,2,0,4,0.82,42,True
FORECAST-000338,COR-04,SEC-10,2026-09-06,2026-09-06T06:00:00,2026-09-06T12:00:00,3,1,5,0.93,84,True
FORECAST-000339,COR-04,SEC-10,2026-09-06,2026-09-06T12:00:00,2026-09-06T18:00:00,3,2,4,0.73,66,True
FORECAST-000340,COR-04,SEC-10,2026-09-06,2026-09-06T18:00:00,2026-09-07T00:00:00,0,0,2,0.91,0,True
FORECAST-000341,COR-04,SEC-11,2026-09-06,2026-09-06T00:00:00,2026-09-06T06:00:00,4,3,5,0.76,108,True
FORECAST-000342,COR-04,SEC-11,2026-09-06,2026-09-06T06:00:00,2026-09-06T12:00:00,1,0,3,0.91,20,True
FORECAST-000343,COR-04,SEC-11,2026-09-06,2026-09-06T12:00:00,2026-09-06T18:00:00,0,0,2,0.73,0,True
FORECAST-000344,COR-04,SEC-11,2026-09-06,2026-09-06T18:00:00,2026-09-07T00:00:00,0,0,2,0.85,0,True
FORECAST-000345,COR-04,SEC-12,2026-09-06,2026-09-06T00:00:00,2026-09-06T06:00:00,1,0,2,0.72,21,True
FORECAST-000346,COR-04,SEC-12,2026-09-06,2026-09-06T06:00:00,2026-09-06T12:00:00,3,2,4,0.75,84,True
FORECAST-000347,COR-04,SEC-12,2026-09-06,2026-09-06T12:00:00,2026-09-06T18:00:00,0,0,1,0.83,0,True
FORECAST-000348,COR-04,SEC-12,2026-09-06,2026-09-06T18:00:00,2026-09-07T00:00:00,4,2,6,0.91,108,True
FORECAST-000349,COR-05,SEC-13,2026-09-06,2026-09-06T00:00:00,2026-09-06T06:00:00,6,5,7,0.89,156,True
FORECAST-000350,COR-05,SEC-13,2026-09-06,2026-09-06T06:00:00,2026-09-06T12:00:00,5,4,6,0.74,105,True
FORECAST-000351,COR-05,SEC-13,2026-09-06,2026-09-06T12:00:00,2026-09-06T18:00:00,6,5,7,0.75,120,True
FORECAST-000352,COR-05,SEC-13,2026-09-06,2026-09-06T18:00:00,2026-09-07T00:00:00,3,1,5,0.75,78,True
FORECAST-000353,COR-05,SEC-14,2026-09-06,2026-09-06T00:00:00,2026-09-06T06:00:00,3,2,4,0.82,60,True
FORECAST-000354,COR-05,SEC-14,2026-09-06,2026-09-06T06:00:00,2026-09-06T12:00:00,5,4,6,0.87,125,True
FORECAST-000355,COR-05,SEC-14,2026-09-06,2026-09-06T12:00:00,2026-09-06T18:00:00,5,4,6,0.83,120,True
FORECAST-000356,COR-05,SEC-14,2026-09-06,2026-09-06T18:00:00,2026-09-07T00:00:00,5,4,6,0.91,110,True
FORECAST-000357,COR-05,SEC-15,2026-09-06,2026-09-06T00:00:00,2026-09-06T06:00:00,5,3,7,0.8,105,True
FORECAST-000358,COR-05,SEC-15,2026-09-06,2026-09-06T06:00:00,2026-09-06T12:00:00,4,3,5,0.91,84,True
FORECAST-000359,COR-05,SEC-15,2026-09-06,2026-09-06T12:00:00,2026-09-06T18:00:00,5,4,6,0.89,105,True
FORECAST-000360,COR-05,SEC-15,2026-09-06,2026-09-06T18:00:00,2026-09-07T00:00:00,7,5,9,0.82,196,True
FORECAST-000361,COR-01,SEC-01,2026-09-07,2026-09-07T00:00:00,2026-09-07T06:00:00,4,3,5,0.81,76,True
FORECAST-000362,COR-01,SEC-01,2026-09-07,2026-09-07T06:00:00,2026-09-07T12:00:00,4,2,6,0.91,108,True
FORECAST-000363,COR-01,SEC-01,2026-09-07,2026-09-07T12:00:00,2026-09-07T18:00:00,4,3,5,0.84,112,True
FORECAST-000364,COR-01,SEC-01,2026-09-07,2026-09-07T18:00:00,2026-09-08T00:00:00,1,0,3,0.87,23,True
FORECAST-000365,COR-01,SEC-02,2026-09-07,2026-09-07T00:00:00,2026-09-07T06:00:00,4,3,5,0.85,112,True
FORECAST-000366,COR-01,SEC-02,2026-09-07,2026-09-07T06:00:00,2026-09-07T12:00:00,4,3,5,0.8,84,True
FORECAST-000367,COR-01,SEC-02,2026-09-07,2026-09-07T12:00:00,2026-09-07T18:00:00,4,3,5,0.81,96,True
FORECAST-000368,COR-01,SEC-02,2026-09-07,2026-09-07T18:00:00,2026-09-08T00:00:00,3,1,5,0.77,54,True
FORECAST-000369,COR-01,SEC-03,2026-09-07,2026-09-07T00:00:00,2026-09-07T06:00:00,3,1,5,0.83,63,True
FORECAST-000370,COR-01,SEC-03,2026-09-07,2026-09-07T06:00:00,2026-09-07T12:00:00,3,1,5,0.89,72,True
FORECAST-000371,COR-01,SEC-03,2026-09-07,2026-09-07T12:00:00,2026-09-07T18:00:00,0,0,2,0.83,0,True
FORECAST-000372,COR-01,SEC-03,2026-09-07,2026-09-07T18:00:00,2026-09-08T00:00:00,1,0,2,0.83,25,True
FORECAST-000373,COR-02,SEC-04,2026-09-07,2026-09-07T00:00:00,2026-09-07T06:00:00,4,3,5,0.73,76,True
FORECAST-000374,COR-02,SEC-04,2026-09-07,2026-09-07T06:00:00,2026-09-07T12:00:00,4,3,5,0.92,92,True
FORECAST-000375,COR-02,SEC-04,2026-09-07,2026-09-07T12:00:00,2026-09-07T18:00:00,4,3,5,0.89,96,True
FORECAST-000376,COR-02,SEC-04,2026-09-07,2026-09-07T18:00:00,2026-09-08T00:00:00,0,0,1,0.76,0,True
FORECAST-000377,COR-02,SEC-05,2026-09-07,2026-09-07T00:00:00,2026-09-07T06:00:00,1,0,2,0.73,23,True
FORECAST-000378,COR-02,SEC-05,2026-09-07,2026-09-07T06:00:00,2026-09-07T12:00:00,3,2,4,0.75,66,True
FORECAST-000379,COR-02,SEC-05,2026-09-07,2026-09-07T12:00:00,2026-09-07T18:00:00,2,0,4,0.87,48,True
FORECAST-000380,COR-02,SEC-05,2026-09-07,2026-09-07T18:00:00,2026-09-08T00:00:00,0,0,1,0.77,0,True
FORECAST-000381,COR-02,SEC-06,2026-09-07,2026-09-07T00:00:00,2026-09-07T06:00:00,4,2,6,0.78,80,True
FORECAST-000382,COR-02,SEC-06,2026-09-07,2026-09-07T06:00:00,2026-09-07T12:00:00,2,1,3,0.83,52,True
FORECAST-000383,COR-02,SEC-06,2026-09-07,2026-09-07T12:00:00,2026-09-07T18:00:00,0,0,2,0.81,0,True
FORECAST-000384,COR-02,SEC-06,2026-09-07,2026-09-07T18:00:00,2026-09-08T00:00:00,3,1,5,0.76,60,True
FORECAST-000385,COR-03,SEC-07,2026-09-07,2026-09-07T00:00:00,2026-09-07T06:00:00,4,2,6,0.76,104,True
FORECAST-000386,COR-03,SEC-07,2026-09-07,2026-09-07T06:00:00,2026-09-07T12:00:00,0,0,2,0.85,0,True
FORECAST-000387,COR-03,SEC-07,2026-09-07,2026-09-07T12:00:00,2026-09-07T18:00:00,2,1,3,0.8,50,True
FORECAST-000388,COR-03,SEC-07,2026-09-07,2026-09-07T18:00:00,2026-09-08T00:00:00,1,0,2,0.81,23,True
FORECAST-000389,COR-03,SEC-08,2026-09-07,2026-09-07T00:00:00,2026-09-07T06:00:00,4,3,5,0.76,104,True
FORECAST-000390,COR-03,SEC-08,2026-09-07,2026-09-07T06:00:00,2026-09-07T12:00:00,3,1,5,0.9,66,True
FORECAST-000391,COR-03,SEC-08,2026-09-07,2026-09-07T12:00:00,2026-09-07T18:00:00,2,1,3,0.91,44,True
FORECAST-000392,COR-03,SEC-08,2026-09-07,2026-09-07T18:00:00,2026-09-08T00:00:00,2,1,3,0.81,54,True
FORECAST-000393,COR-03,SEC-09,2026-09-07,2026-09-07T00:00:00,2026-09-07T06:00:00,0,0,1,0.74,0,True
FORECAST-000394,COR-03,SEC-09,2026-09-07,2026-09-07T06:00:00,2026-09-07T12:00:00,0,0,1,0.93,0,True
FORECAST-000395,COR-03,SEC-09,2026-09-07,2026-09-07T12:00:00,2026-09-07T18:00:00,1,0,2,0.83,21,True
FORECAST-000396,COR-03,SEC-09,2026-09-07,2026-09-07T18:00:00,2026-09-08T00:00:00,3,2,4,0.93,78,True
FORECAST-000397,COR-04,SEC-10,2026-09-07,2026-09-07T00:00:00,2026-09-07T06:00:00,4,3,5,0.9,80,True
FORECAST-000398,COR-04,SEC-10,2026-09-07,2026-09-07T06:00:00,2026-09-07T12:00:00,1,0,2,0.84,23,True
FORECAST-000399,COR-04,SEC-10,2026-09-07,2026-09-07T12:00:00,2026-09-07T18:00:00,3,2,4,0.84,54,True
FORECAST-000400,COR-04,SEC-10,2026-09-07,2026-09-07T18:00:00,2026-09-08T00:00:00,2,0,4,0.74,48,True
FORECAST-000401,COR-04,SEC-11,2026-09-07,2026-09-07T00:00:00,2026-09-07T06:00:00,0,0,1,0.84,0,True
FORECAST-000402,COR-04,SEC-11,2026-09-07,2026-09-07T06:00:00,2026-09-07T12:00:00,3,1,5,0.82,57,True
FORECAST-000403,COR-04,SEC-11,2026-09-07,2026-09-07T12:00:00,2026-09-07T18:00:00,0,0,2,0.87,0,True
FORECAST-000404,COR-04,SEC-11,2026-09-07,2026-09-07T18:00:00,2026-09-08T00:00:00,0,0,1,0.83,0,True
FORECAST-000405,COR-04,SEC-12,2026-09-07,2026-09-07T00:00:00,2026-09-07T06:00:00,3,2,4,0.74,75,True
FORECAST-000406,COR-04,SEC-12,2026-09-07,2026-09-07T06:00:00,2026-09-07T12:00:00,0,0,2,0.84,0,True
FORECAST-000407,COR-04,SEC-12,2026-09-07,2026-09-07T12:00:00,2026-09-07T18:00:00,0,0,1,0.8,0,True
FORECAST-000408,COR-04,SEC-12,2026-09-07,2026-09-07T18:00:00,2026-09-08T00:00:00,1,0,2,0.82,19,True
FORECAST-000409,COR-05,SEC-13,2026-09-07,2026-09-07T00:00:00,2026-09-07T06:00:00,7,6,8,0.8,154,True
FORECAST-000410,COR-05,SEC-13,2026-09-07,2026-09-07T06:00:00,2026-09-07T12:00:00,6,5,7,0.84,150,True
FORECAST-000411,COR-05,SEC-13,2026-09-07,2026-09-07T12:00:00,2026-09-07T18:00:00,3,1,5,0.9,81,True
FORECAST-000412,COR-05,SEC-13,2026-09-07,2026-09-07T18:00:00,2026-09-08T00:00:00,4,3,5,0.85,100,True
FORECAST-000413,COR-05,SEC-14,2026-09-07,2026-09-07T00:00:00,2026-09-07T06:00:00,6,5,7,0.92,168,True
FORECAST-000414,COR-05,SEC-14,2026-09-07,2026-09-07T06:00:00,2026-09-07T12:00:00,7,5,9,0.84,140,True
FORECAST-000415,COR-05,SEC-14,2026-09-07,2026-09-07T12:00:00,2026-09-07T18:00:00,6,5,7,0.92,156,True
FORECAST-000416,COR-05,SEC-14,2026-09-07,2026-09-07T18:00:00,2026-09-08T00:00:00,6,4,8,0.79,162,True
FORECAST-000417,COR-05,SEC-15,2026-09-07,2026-09-07T00:00:00,2026-09-07T06:00:00,3,1,5,0.73,57,True
FORECAST-000418,COR-05,SEC-15,2026-09-07,2026-09-07T06:00:00,2026-09-07T12:00:00,3,1,5,0.93,78,True
FORECAST-000419,COR-05,SEC-15,2026-09-07,2026-09-07T12:00:00,2026-09-07T18:00:00,6,4,8,0.93,144,True
FORECAST-000420,COR-05,SEC-15,2026-09-07,2026-09-07T18:00:00,2026-09-08T00:00:00,7,6,8,0.89,175,True
FORECAST-000421,COR-01,SEC-01,2026-09-08,2026-09-08T00:00:00,2026-09-08T06:00:00,2,1,3,0.89,44,True
FORECAST-000422,COR-01,SEC-01,2026-09-08,2026-09-08T06:00:00,2026-09-08T12:00:00,1,0,3,0.81,18,True
FORECAST-000423,COR-01,SEC-01,2026-09-08,2026-09-08T12:00:00,2026-09-08T18:00:00,2,1,3,0.74,40,True
FORECAST-000424,COR-01,SEC-01,2026-09-08,2026-09-08T18:00:00,2026-09-09T00:00:00,4,3,5,0.84,104,True
FORECAST-000425,COR-01,SEC-02,2026-09-08,2026-09-08T00:00:00,2026-09-08T06:00:00,1,0,3,0.93,25,True
FORECAST-000426,COR-01,SEC-02,2026-09-08,2026-09-08T06:00:00,2026-09-08T12:00:00,1,0,2,0.9,19,True
FORECAST-000427,COR-01,SEC-02,2026-09-08,2026-09-08T12:00:00,2026-09-08T18:00:00,2,1,3,0.79,42,True
FORECAST-000428,COR-01,SEC-02,2026-09-08,2026-09-08T18:00:00,2026-09-09T00:00:00,0,0,1,0.87,0,True
FORECAST-000429,COR-01,SEC-03,2026-09-08,2026-09-08T00:00:00,2026-09-08T06:00:00,4,3,5,0.74,76,True
FORECAST-000430,COR-01,SEC-03,2026-09-08,2026-09-08T06:00:00,2026-09-08T12:00:00,4,2,6,0.85,112,True
FORECAST-000431,COR-01,SEC-03,2026-09-08,2026-09-08T12:00:00,2026-09-08T18:00:00,3,2,4,0.87,69,True
FORECAST-000432,COR-01,SEC-03,2026-09-08,2026-09-08T18:00:00,2026-09-09T00:00:00,0,0,1,0.77,0,True
FORECAST-000433,COR-02,SEC-04,2026-09-08,2026-09-08T00:00:00,2026-09-08T06:00:00,2,1,3,0.89,46,True
FORECAST-000434,COR-02,SEC-04,2026-09-08,2026-09-08T06:00:00,2026-09-08T12:00:00,2,0,4,0.92,54,True
FORECAST-000435,COR-02,SEC-04,2026-09-08,2026-09-08T12:00:00,2026-09-08T18:00:00,2,1,3,0.76,54,True
FORECAST-000436,COR-02,SEC-04,2026-09-08,2026-09-08T18:00:00,2026-09-09T00:00:00,2,1,3,0.88,52,True
FORECAST-000437,COR-02,SEC-05,2026-09-08,2026-09-08T00:00:00,2026-09-08T06:00:00,2,0,4,0.84,52,True
FORECAST-000438,COR-02,SEC-05,2026-09-08,2026-09-08T06:00:00,2026-09-08T12:00:00,4,3,5,0.85,72,True
FORECAST-000439,COR-02,SEC-05,2026-09-08,2026-09-08T12:00:00,2026-09-08T18:00:00,0,0,1,0.78,0,True
FORECAST-000440,COR-02,SEC-05,2026-09-08,2026-09-08T18:00:00,2026-09-09T00:00:00,4,3,5,0.92,104,True
FORECAST-000441,COR-02,SEC-06,2026-09-08,2026-09-08T00:00:00,2026-09-08T06:00:00,2,1,3,0.72,38,True
FORECAST-000442,COR-02,SEC-06,2026-09-08,2026-09-08T06:00:00,2026-09-08T12:00:00,1,0,2,0.93,20,True
FORECAST-000443,COR-02,SEC-06,2026-09-08,2026-09-08T12:00:00,2026-09-08T18:00:00,1,0,3,0.78,23,True
FORECAST-000444,COR-02,SEC-06,2026-09-08,2026-09-08T18:00:00,2026-09-09T00:00:00,0,0,2,0.75,0,True
FORECAST-000445,COR-03,SEC-07,2026-09-08,2026-09-08T00:00:00,2026-09-08T06:00:00,2,1,3,0.74,46,True
FORECAST-000446,COR-03,SEC-07,2026-09-08,2026-09-08T06:00:00,2026-09-08T12:00:00,0,0,2,0.84,0,True
FORECAST-000447,COR-03,SEC-07,2026-09-08,2026-09-08T12:00:00,2026-09-08T18:00:00,2,1,3,0.84,40,True
FORECAST-000448,COR-03,SEC-07,2026-09-08,2026-09-08T18:00:00,2026-09-09T00:00:00,4,3,5,0.84,72,True
FORECAST-000449,COR-03,SEC-08,2026-09-08,2026-09-08T00:00:00,2026-09-08T06:00:00,3,2,4,0.85,66,True
FORECAST-000450,COR-03,SEC-08,2026-09-08,2026-09-08T06:00:00,2026-09-08T12:00:00,4,3,5,0.78,104,True
FORECAST-000451,COR-03,SEC-08,2026-09-08,2026-09-08T12:00:00,2026-09-08T18:00:00,2,1,3,0.76,42,True
FORECAST-000452,COR-03,SEC-08,2026-09-08,2026-09-08T18:00:00,2026-09-09T00:00:00,0,0,2,0.9,0,True
FORECAST-000453,COR-03,SEC-09,2026-09-08,2026-09-08T00:00:00,2026-09-08T06:00:00,1,0,2,0.88,26,True
FORECAST-000454,COR-03,SEC-09,2026-09-08,2026-09-08T06:00:00,2026-09-08T12:00:00,3,1,5,0.8,60,True
FORECAST-000455,COR-03,SEC-09,2026-09-08,2026-09-08T12:00:00,2026-09-08T18:00:00,3,2,4,0.9,63,True
FORECAST-000456,COR-03,SEC-09,2026-09-08,2026-09-08T18:00:00,2026-09-09T00:00:00,3,2,4,0.8,60,True
FORECAST-000457,COR-04,SEC-10,2026-09-08,2026-09-08T00:00:00,2026-09-08T06:00:00,2,1,3,0.94,46,True
FORECAST-000458,COR-04,SEC-10,2026-09-08,2026-09-08T06:00:00,2026-09-08T12:00:00,4,3,5,0.92,112,True
FORECAST-000459,COR-04,SEC-10,2026-09-08,2026-09-08T12:00:00,2026-09-08T18:00:00,3,2,4,0.93,69,True
FORECAST-000460,COR-04,SEC-10,2026-09-08,2026-09-08T18:00:00,2026-09-09T00:00:00,4,3,5,0.86,88,True
FORECAST-000461,COR-04,SEC-11,2026-09-08,2026-09-08T00:00:00,2026-09-08T06:00:00,0,0,1,0.86,0,True
FORECAST-000462,COR-04,SEC-11,2026-09-08,2026-09-08T06:00:00,2026-09-08T12:00:00,4,2,6,0.83,84,True
FORECAST-000463,COR-04,SEC-11,2026-09-08,2026-09-08T12:00:00,2026-09-08T18:00:00,3,2,4,0.74,60,True
FORECAST-000464,COR-04,SEC-11,2026-09-08,2026-09-08T18:00:00,2026-09-09T00:00:00,4,3,5,0.81,72,True
FORECAST-000465,COR-04,SEC-12,2026-09-08,2026-09-08T00:00:00,2026-09-08T06:00:00,4,2,6,0.75,92,True
FORECAST-000466,COR-04,SEC-12,2026-09-08,2026-09-08T06:00:00,2026-09-08T12:00:00,2,1,3,0.74,48,True
FORECAST-000467,COR-04,SEC-12,2026-09-08,2026-09-08T12:00:00,2026-09-08T18:00:00,4,3,5,0.72,108,True
FORECAST-000468,COR-04,SEC-12,2026-09-08,2026-09-08T18:00:00,2026-09-09T00:00:00,2,0,4,0.78,46,True
FORECAST-000469,COR-05,SEC-13,2026-09-08,2026-09-08T00:00:00,2026-09-08T06:00:00,6,5,7,0.82,162,True
FORECAST-000470,COR-05,SEC-13,2026-09-08,2026-09-08T06:00:00,2026-09-08T12:00:00,4,3,5,0.75,76,True
FORECAST-000471,COR-05,SEC-13,2026-09-08,2026-09-08T12:00:00,2026-09-08T18:00:00,5,4,6,0.83,100,True
FORECAST-000472,COR-05,SEC-13,2026-09-08,2026-09-08T18:00:00,2026-09-09T00:00:00,4,3,5,0.77,76,True
FORECAST-000473,COR-05,SEC-14,2026-09-08,2026-09-08T00:00:00,2026-09-08T06:00:00,5,3,7,0.84,90,True
FORECAST-000474,COR-05,SEC-14,2026-09-08,2026-09-08T06:00:00,2026-09-08T12:00:00,6,4,8,0.86,168,True
FORECAST-000475,COR-05,SEC-14,2026-09-08,2026-09-08T12:00:00,2026-09-08T18:00:00,3,2,4,0.89,78,True
FORECAST-000476,COR-05,SEC-14,2026-09-08,2026-09-08T18:00:00,2026-09-09T00:00:00,6,5,7,0.86,126,True
FORECAST-000477,COR-05,SEC-15,2026-09-08,2026-09-08T00:00:00,2026-09-08T06:00:00,3,1,5,0.75,75,True
FORECAST-000478,COR-05,SEC-15,2026-09-08,2026-09-08T06:00:00,2026-09-08T12:00:00,7,6,8,0.74,182,True
FORECAST-000479,COR-05,SEC-15,2026-09-08,2026-09-08T12:00:00,2026-09-08T18:00:00,4,3,5,0.84,88,True
FORECAST-000480,COR-05,SEC-15,2026-09-08,2026-09-08T18:00:00,2026-09-09T00:00:00,5,4,6,0.88,120,True
FORECAST-000481,COR-01,SEC-01,2026-09-09,2026-09-09T00:00:00,2026-09-09T06:00:00,1,0,2,0.84,19,True
FORECAST-000482,COR-01,SEC-01,2026-09-09,2026-09-09T06:00:00,2026-09-09T12:00:00,1,0,2,0.91,21,True
FORECAST-000483,COR-01,SEC-01,2026-09-09,2026-09-09T12:00:00,2026-09-09T18:00:00,1,0,2,0.76,23,True
FORECAST-000484,COR-01,SEC-01,2026-09-09,2026-09-09T18:00:00,2026-09-10T00:00:00,4,3,5,0.79,80,True
FORECAST-000485,COR-01,SEC-02,2026-09-09,2026-09-09T00:00:00,2026-09-09T06:00:00,2,0,4,0.74,40,True
FORECAST-000486,COR-01,SEC-02,2026-09-09,2026-09-09T06:00:00,2026-09-09T12:00:00,1,0,2,0.94,22,True
FORECAST-000487,COR-01,SEC-02,2026-09-09,2026-09-09T12:00:00,2026-09-09T18:00:00,3,2,4,0.8,57,True
FORECAST-000488,COR-01,SEC-02,2026-09-09,2026-09-09T18:00:00,2026-09-10T00:00:00,0,0,1,0.73,0,True
FORECAST-000489,COR-01,SEC-03,2026-09-09,2026-09-09T00:00:00,2026-09-09T06:00:00,2,1,3,0.9,36,True
FORECAST-000490,COR-01,SEC-03,2026-09-09,2026-09-09T06:00:00,2026-09-09T12:00:00,2,1,3,0.92,50,True
FORECAST-000491,COR-01,SEC-03,2026-09-09,2026-09-09T12:00:00,2026-09-09T18:00:00,4,2,6,0.77,112,True
FORECAST-000492,COR-01,SEC-03,2026-09-09,2026-09-09T18:00:00,2026-09-10T00:00:00,1,0,2,0.8,22,True
FORECAST-000493,COR-02,SEC-04,2026-09-09,2026-09-09T00:00:00,2026-09-09T06:00:00,2,1,3,0.78,56,True
FORECAST-000494,COR-02,SEC-04,2026-09-09,2026-09-09T06:00:00,2026-09-09T12:00:00,3,1,5,0.73,66,True
FORECAST-000495,COR-02,SEC-04,2026-09-09,2026-09-09T12:00:00,2026-09-09T18:00:00,0,0,2,0.76,0,True
FORECAST-000496,COR-02,SEC-04,2026-09-09,2026-09-09T18:00:00,2026-09-10T00:00:00,2,1,3,0.75,40,True
FORECAST-000497,COR-02,SEC-05,2026-09-09,2026-09-09T00:00:00,2026-09-09T06:00:00,1,0,2,0.72,25,True
FORECAST-000498,COR-02,SEC-05,2026-09-09,2026-09-09T06:00:00,2026-09-09T12:00:00,4,3,5,0.84,76,True
FORECAST-000499,COR-02,SEC-05,2026-09-09,2026-09-09T12:00:00,2026-09-09T18:00:00,1,0,3,0.77,24,True
FORECAST-000500,COR-02,SEC-05,2026-09-09,2026-09-09T18:00:00,2026-09-10T00:00:00,3,1,5,0.89,66,True
FORECAST-000501,COR-02,SEC-06,2026-09-09,2026-09-09T00:00:00,2026-09-09T06:00:00,1,0,2,0.87,27,True
FORECAST-000502,COR-02,SEC-06,2026-09-09,2026-09-09T06:00:00,2026-09-09T12:00:00,3,1,5,0.91,84,True
FORECAST-000503,COR-02,SEC-06,2026-09-09,2026-09-09T12:00:00,2026-09-09T18:00:00,1,0,2,0.73,21,True
FORECAST-000504,COR-02,SEC-06,2026-09-09,2026-09-09T18:00:00,2026-09-10T00:00:00,4,2,6,0.85,100,True
FORECAST-000505,COR-03,SEC-07,2026-09-09,2026-09-09T00:00:00,2026-09-09T06:00:00,3,2,4,0.85,66,True
FORECAST-000506,COR-03,SEC-07,2026-09-09,2026-09-09T06:00:00,2026-09-09T12:00:00,0,0,1,0.93,0,True
FORECAST-000507,COR-03,SEC-07,2026-09-09,2026-09-09T12:00:00,2026-09-09T18:00:00,1,0,2,0.72,20,True
FORECAST-000508,COR-03,SEC-07,2026-09-09,2026-09-09T18:00:00,2026-09-10T00:00:00,3,1,5,0.87,54,True
FORECAST-000509,COR-03,SEC-08,2026-09-09,2026-09-09T00:00:00,2026-09-09T06:00:00,4,2,6,0.78,88,True
FORECAST-000510,COR-03,SEC-08,2026-09-09,2026-09-09T06:00:00,2026-09-09T12:00:00,3,1,5,0.88,60,True
FORECAST-000511,COR-03,SEC-08,2026-09-09,2026-09-09T12:00:00,2026-09-09T18:00:00,1,0,2,0.93,25,True
FORECAST-000512,COR-03,SEC-08,2026-09-09,2026-09-09T18:00:00,2026-09-10T00:00:00,4,3,5,0.84,84,True
FORECAST-000513,COR-03,SEC-09,2026-09-09,2026-09-09T00:00:00,2026-09-09T06:00:00,4,3,5,0.76,80,True
FORECAST-000514,COR-03,SEC-09,2026-09-09,2026-09-09T06:00:00,2026-09-09T12:00:00,3,1,5,0.77,63,True
FORECAST-000515,COR-03,SEC-09,2026-09-09,2026-09-09T12:00:00,2026-09-09T18:00:00,2,1,3,0.9,36,True
FORECAST-000516,COR-03,SEC-09,2026-09-09,2026-09-09T18:00:00,2026-09-10T00:00:00,0,0,1,0.8,0,True
FORECAST-000517,COR-04,SEC-10,2026-09-09,2026-09-09T00:00:00,2026-09-09T06:00:00,4,3,5,0.77,108,True
FORECAST-000518,COR-04,SEC-10,2026-09-09,2026-09-09T06:00:00,2026-09-09T12:00:00,3,2,4,0.81,72,True
FORECAST-000519,COR-04,SEC-10,2026-09-09,2026-09-09T12:00:00,2026-09-09T18:00:00,3,2,4,0.83,84,True
FORECAST-000520,COR-04,SEC-10,2026-09-09,2026-09-09T18:00:00,2026-09-10T00:00:00,3,2,4,0.78,60,True
FORECAST-000521,COR-04,SEC-11,2026-09-09,2026-09-09T00:00:00,2026-09-09T06:00:00,3,2,4,0.73,78,True
FORECAST-000522,COR-04,SEC-11,2026-09-09,2026-09-09T06:00:00,2026-09-09T12:00:00,3,2,4,0.77,81,True
FORECAST-000523,COR-04,SEC-11,2026-09-09,2026-09-09T12:00:00,2026-09-09T18:00:00,4,3,5,0.82,84,True
FORECAST-000524,COR-04,SEC-11,2026-09-09,2026-09-09T18:00:00,2026-09-10T00:00:00,3,2,4,0.89,78,True
FORECAST-000525,COR-04,SEC-12,2026-09-09,2026-09-09T00:00:00,2026-09-09T06:00:00,4,3,5,0.77,108,True
FORECAST-000526,COR-04,SEC-12,2026-09-09,2026-09-09T06:00:00,2026-09-09T12:00:00,4,3,5,0.88,84,True
FORECAST-000527,COR-04,SEC-12,2026-09-09,2026-09-09T12:00:00,2026-09-09T18:00:00,1,0,2,0.9,22,True
FORECAST-000528,COR-04,SEC-12,2026-09-09,2026-09-09T18:00:00,2026-09-10T00:00:00,3,2,4,0.8,75,True
FORECAST-000529,COR-05,SEC-13,2026-09-09,2026-09-09T00:00:00,2026-09-09T06:00:00,5,3,7,0.73,130,True
FORECAST-000530,COR-05,SEC-13,2026-09-09,2026-09-09T06:00:00,2026-09-09T12:00:00,7,6,8,0.72,189,True
FORECAST-000531,COR-05,SEC-13,2026-09-09,2026-09-09T12:00:00,2026-09-09T18:00:00,4,2,6,0.78,92,True
FORECAST-000532,COR-05,SEC-13,2026-09-09,2026-09-09T18:00:00,2026-09-10T00:00:00,7,6,8,0.91,182,True
FORECAST-000533,COR-05,SEC-14,2026-09-09,2026-09-09T00:00:00,2026-09-09T06:00:00,7,6,8,0.85,175,True
FORECAST-000534,COR-05,SEC-14,2026-09-09,2026-09-09T06:00:00,2026-09-09T12:00:00,4,3,5,0.92,92,True
FORECAST-000535,COR-05,SEC-14,2026-09-09,2026-09-09T12:00:00,2026-09-09T18:00:00,6,4,8,0.75,108,True
FORECAST-000536,COR-05,SEC-14,2026-09-09,2026-09-09T18:00:00,2026-09-10T00:00:00,3,2,4,0.91,54,True
FORECAST-000537,COR-05,SEC-15,2026-09-09,2026-09-09T00:00:00,2026-09-09T06:00:00,3,1,5,0.82,66,True
FORECAST-000538,COR-05,SEC-15,2026-09-09,2026-09-09T06:00:00,2026-09-09T12:00:00,6,4,8,0.9,120,True
FORECAST-000539,COR-05,SEC-15,2026-09-09,2026-09-09T12:00:00,2026-09-09T18:00:00,3,2,4,0.92,54,True
FORECAST-000540,COR-05,SEC-15,2026-09-09,2026-09-09T18:00:00,2026-09-10T00:00:00,6,5,7,0.86,168,True
FORECAST-000541,COR-01,SEC-01,2026-09-10,2026-09-10T00:00:00,2026-09-10T06:00:00,4,3,5,0.78,104,True
FORECAST-000542,COR-01,SEC-01,2026-09-10,2026-09-10T06:00:00,2026-09-10T12:00:00,0,0,2,0.93,0,True
FORECAST-000543,COR-01,SEC-01,2026-09-10,2026-09-10T12:00:00,2026-09-10T18:00:00,3,2,4,0.83,81,True
FORECAST-000544,COR-01,SEC-01,2026-09-10,2026-09-10T18:00:00,2026-09-11T00:00:00,4,2,6,0.76,72,True
FORECAST-000545,COR-01,SEC-02,2026-09-10,2026-09-10T00:00:00,2026-09-10T06:00:00,2,1,3,0.93,42,True
FORECAST-000546,COR-01,SEC-02,2026-09-10,2026-09-10T06:00:00,2026-09-10T12:00:00,0,0,2,0.91,0,True
FORECAST-000547,COR-01,SEC-02,2026-09-10,2026-09-10T12:00:00,2026-09-10T18:00:00,4,3,5,0.78,112,True
FORECAST-000548,COR-01,SEC-02,2026-09-10,2026-09-10T18:00:00,2026-09-11T00:00:00,2,1,3,0.76,56,True
FORECAST-000549,COR-01,SEC-03,2026-09-10,2026-09-10T00:00:00,2026-09-10T06:00:00,1,0,2,0.77,21,True
FORECAST-000550,COR-01,SEC-03,2026-09-10,2026-09-10T06:00:00,2026-09-10T12:00:00,1,0,2,0.85,21,True
FORECAST-000551,COR-01,SEC-03,2026-09-10,2026-09-10T12:00:00,2026-09-10T18:00:00,1,0,3,0.85,28,True
FORECAST-000552,COR-01,SEC-03,2026-09-10,2026-09-10T18:00:00,2026-09-11T00:00:00,4,2,6,0.74,112,True
FORECAST-000553,COR-02,SEC-04,2026-09-10,2026-09-10T00:00:00,2026-09-10T06:00:00,3,2,4,0.75,72,True
FORECAST-000554,COR-02,SEC-04,2026-09-10,2026-09-10T06:00:00,2026-09-10T12:00:00,3,2,4,0.77,57,True
FORECAST-000555,COR-02,SEC-04,2026-09-10,2026-09-10T12:00:00,2026-09-10T18:00:00,3,2,4,0.82,60,True
FORECAST-000556,COR-02,SEC-04,2026-09-10,2026-09-10T18:00:00,2026-09-11T00:00:00,0,0,1,0.73,0,True
FORECAST-000557,COR-02,SEC-05,2026-09-10,2026-09-10T00:00:00,2026-09-10T06:00:00,2,0,4,0.76,42,True
FORECAST-000558,COR-02,SEC-05,2026-09-10,2026-09-10T06:00:00,2026-09-10T12:00:00,1,0,3,0.78,26,True
FORECAST-000559,COR-02,SEC-05,2026-09-10,2026-09-10T12:00:00,2026-09-10T18:00:00,1,0,3,0.91,20,True
FORECAST-000560,COR-02,SEC-05,2026-09-10,2026-09-10T18:00:00,2026-09-11T00:00:00,2,1,3,0.93,42,True
FORECAST-000561,COR-02,SEC-06,2026-09-10,2026-09-10T00:00:00,2026-09-10T06:00:00,0,0,1,0.92,0,True
FORECAST-000562,COR-02,SEC-06,2026-09-10,2026-09-10T06:00:00,2026-09-10T12:00:00,0,0,1,0.8,0,True
FORECAST-000563,COR-02,SEC-06,2026-09-10,2026-09-10T12:00:00,2026-09-10T18:00:00,1,0,2,0.86,22,True
FORECAST-000564,COR-02,SEC-06,2026-09-10,2026-09-10T18:00:00,2026-09-11T00:00:00,1,0,2,0.85,25,True
FORECAST-000565,COR-03,SEC-07,2026-09-10,2026-09-10T00:00:00,2026-09-10T06:00:00,4,2,6,0.78,104,True
FORECAST-000566,COR-03,SEC-07,2026-09-10,2026-09-10T06:00:00,2026-09-10T12:00:00,0,0,2,0.83,0,True
FORECAST-000567,COR-03,SEC-07,2026-09-10,2026-09-10T12:00:00,2026-09-10T18:00:00,3,2,4,0.9,84,True
FORECAST-000568,COR-03,SEC-07,2026-09-10,2026-09-10T18:00:00,2026-09-11T00:00:00,2,1,3,0.91,50,True
FORECAST-000569,COR-03,SEC-08,2026-09-10,2026-09-10T00:00:00,2026-09-10T06:00:00,2,1,3,0.89,56,True
FORECAST-000570,COR-03,SEC-08,2026-09-10,2026-09-10T06:00:00,2026-09-10T12:00:00,4,3,5,0.74,92,True
FORECAST-000571,COR-03,SEC-08,2026-09-10,2026-09-10T12:00:00,2026-09-10T18:00:00,4,3,5,0.82,84,True
FORECAST-000572,COR-03,SEC-08,2026-09-10,2026-09-10T18:00:00,2026-09-11T00:00:00,1,0,2,0.8,19,True
FORECAST-000573,COR-03,SEC-09,2026-09-10,2026-09-10T00:00:00,2026-09-10T06:00:00,2,1,3,0.81,50,True
FORECAST-000574,COR-03,SEC-09,2026-09-10,2026-09-10T06:00:00,2026-09-10T12:00:00,3,2,4,0.74,60,True
FORECAST-000575,COR-03,SEC-09,2026-09-10,2026-09-10T12:00:00,2026-09-10T18:00:00,0,0,2,0.72,0,True
FORECAST-000576,COR-03,SEC-09,2026-09-10,2026-09-10T18:00:00,2026-09-11T00:00:00,1,0,2,0.81,26,True
FORECAST-000577,COR-04,SEC-10,2026-09-10,2026-09-10T00:00:00,2026-09-10T06:00:00,4,2,6,0.84,112,True
FORECAST-000578,COR-04,SEC-10,2026-09-10,2026-09-10T06:00:00,2026-09-10T12:00:00,2,1,3,0.75,52,True
FORECAST-000579,COR-04,SEC-10,2026-09-10,2026-09-10T12:00:00,2026-09-10T18:00:00,2,1,3,0.9,48,True
FORECAST-000580,COR-04,SEC-10,2026-09-10,2026-09-10T18:00:00,2026-09-11T00:00:00,0,0,2,0.9,0,True
FORECAST-000581,COR-04,SEC-11,2026-09-10,2026-09-10T00:00:00,2026-09-10T06:00:00,1,0,2,0.74,27,True
FORECAST-000582,COR-04,SEC-11,2026-09-10,2026-09-10T06:00:00,2026-09-10T12:00:00,4,2,6,0.76,104,True
FORECAST-000583,COR-04,SEC-11,2026-09-10,2026-09-10T12:00:00,2026-09-10T18:00:00,1,0,2,0.91,25,True
FORECAST-000584,COR-04,SEC-11,2026-09-10,2026-09-10T18:00:00,2026-09-11T00:00:00,3,1,5,0.89,69,True
FORECAST-000585,COR-04,SEC-12,2026-09-10,2026-09-10T00:00:00,2026-09-10T06:00:00,2,1,3,0.78,46,True
FORECAST-000586,COR-04,SEC-12,2026-09-10,2026-09-10T06:00:00,2026-09-10T12:00:00,3,1,5,0.75,78,True
FORECAST-000587,COR-04,SEC-12,2026-09-10,2026-09-10T12:00:00,2026-09-10T18:00:00,3,2,4,0.79,60,True
FORECAST-000588,COR-04,SEC-12,2026-09-10,2026-09-10T18:00:00,2026-09-11T00:00:00,4,3,5,0.78,92,True
FORECAST-000589,COR-05,SEC-13,2026-09-10,2026-09-10T00:00:00,2026-09-10T06:00:00,4,2,6,0.78,72,True
FORECAST-000590,COR-05,SEC-13,2026-09-10,2026-09-10T06:00:00,2026-09-10T12:00:00,5,4,6,0.85,125,True
FORECAST-000591,COR-05,SEC-13,2026-09-10,2026-09-10T12:00:00,2026-09-10T18:00:00,3,2,4,0.92,75,True
FORECAST-000592,COR-05,SEC-13,2026-09-10,2026-09-10T18:00:00,2026-09-11T00:00:00,5,4,6,0.93,100,True
FORECAST-000593,COR-05,SEC-14,2026-09-10,2026-09-10T00:00:00,2026-09-10T06:00:00,3,2,4,0.77,54,True
FORECAST-000594,COR-05,SEC-14,2026-09-10,2026-09-10T06:00:00,2026-09-10T12:00:00,5,4,6,0.81,105,True
FORECAST-000595,COR-05,SEC-14,2026-09-10,2026-09-10T12:00:00,2026-09-10T18:00:00,6,4,8,0.74,114,True
FORECAST-000596,COR-05,SEC-14,2026-09-10,2026-09-10T18:00:00,2026-09-11T00:00:00,3,2,4,0.84,60,True
FORECAST-000597,COR-05,SEC-15,2026-09-10,2026-09-10T00:00:00,2026-09-10T06:00:00,7,6,8,0.84,182,True
FORECAST-000598,COR-05,SEC-15,2026-09-10,2026-09-10T06:00:00,2026-09-10T12:00:00,7,6,8,0.84,182,True
FORECAST-000599,COR-05,SEC-15,2026-09-10,2026-09-10T12:00:00,2026-09-10T18:00:00,3,2,4,0.76,75,True
FORECAST-000600,COR-05,SEC-15,2026-09-10,2026-09-10T18:00:00,2026-09-11T00:00:00,6,4,8,0.87,144,True
FORECAST-000601,COR-01,SEC-01,2026-09-11,2026-09-11T00:00:00,2026-09-11T06:00:00,4,3,5,0.93,80,True
FORECAST-000602,COR-01,SEC-01,2026-09-11,2026-09-11T06:00:00,2026-09-11T12:00:00,2,0,4,0.9,42,True
FORECAST-000603,COR-01,SEC-01,2026-09-11,2026-09-11T12:00:00,2026-09-11T18:00:00,0,0,1,0.83,0,True
FORECAST-000604,COR-01,SEC-01,2026-09-11,2026-09-11T18:00:00,2026-09-12T00:00:00,2,0,4,0.84,52,True
FORECAST-000605,COR-01,SEC-02,2026-09-11,2026-09-11T00:00:00,2026-09-11T06:00:00,3,2,4,0.89,63,True
FORECAST-000606,COR-01,SEC-02,2026-09-11,2026-09-11T06:00:00,2026-09-11T12:00:00,0,0,1,0.8,0,True
FORECAST-000607,COR-01,SEC-02,2026-09-11,2026-09-11T12:00:00,2026-09-11T18:00:00,4,3,5,0.83,76,True
FORECAST-000608,COR-01,SEC-02,2026-09-11,2026-09-11T18:00:00,2026-09-12T00:00:00,1,0,2,0.74,22,True
FORECAST-000609,COR-01,SEC-03,2026-09-11,2026-09-11T00:00:00,2026-09-11T06:00:00,0,0,1,0.84,0,True
FORECAST-000610,COR-01,SEC-03,2026-09-11,2026-09-11T06:00:00,2026-09-11T12:00:00,4,3,5,0.86,80,True
FORECAST-000611,COR-01,SEC-03,2026-09-11,2026-09-11T12:00:00,2026-09-11T18:00:00,2,0,4,0.86,48,True
FORECAST-000612,COR-01,SEC-03,2026-09-11,2026-09-11T18:00:00,2026-09-12T00:00:00,2,1,3,0.9,46,True
FORECAST-000613,COR-02,SEC-04,2026-09-11,2026-09-11T00:00:00,2026-09-11T06:00:00,3,2,4,0.72,81,True
FORECAST-000614,COR-02,SEC-04,2026-09-11,2026-09-11T06:00:00,2026-09-11T12:00:00,3,1,5,0.91,60,True
FORECAST-000615,COR-02,SEC-04,2026-09-11,2026-09-11T12:00:00,2026-09-11T18:00:00,1,0,3,0.82,22,True
FORECAST-000616,COR-02,SEC-04,2026-09-11,2026-09-11T18:00:00,2026-09-12T00:00:00,1,0,2,0.88,25,True
FORECAST-000617,COR-02,SEC-05,2026-09-11,2026-09-11T00:00:00,2026-09-11T06:00:00,2,0,4,0.87,56,True
FORECAST-000618,COR-02,SEC-05,2026-09-11,2026-09-11T06:00:00,2026-09-11T12:00:00,1,0,2,0.76,23,True
FORECAST-000619,COR-02,SEC-05,2026-09-11,2026-09-11T12:00:00,2026-09-11T18:00:00,1,0,2,0.85,28,True
FORECAST-000620,COR-02,SEC-05,2026-09-11,2026-09-11T18:00:00,2026-09-12T00:00:00,2,1,3,0.76,42,True
FORECAST-000621,COR-02,SEC-06,2026-09-11,2026-09-11T00:00:00,2026-09-11T06:00:00,3,2,4,0.81,81,True
FORECAST-000622,COR-02,SEC-06,2026-09-11,2026-09-11T06:00:00,2026-09-11T12:00:00,1,0,2,0.9,19,True
FORECAST-000623,COR-02,SEC-06,2026-09-11,2026-09-11T12:00:00,2026-09-11T18:00:00,4,3,5,0.88,104,True
FORECAST-000624,COR-02,SEC-06,2026-09-11,2026-09-11T18:00:00,2026-09-12T00:00:00,2,1,3,0.82,38,True
FORECAST-000625,COR-03,SEC-07,2026-09-11,2026-09-11T00:00:00,2026-09-11T06:00:00,2,1,3,0.8,42,True
FORECAST-000626,COR-03,SEC-07,2026-09-11,2026-09-11T06:00:00,2026-09-11T12:00:00,0,0,1,0.83,0,True
FORECAST-000627,COR-03,SEC-07,2026-09-11,2026-09-11T12:00:00,2026-09-11T18:00:00,0,0,1,0.94,0,True
FORECAST-000628,COR-03,SEC-07,2026-09-11,2026-09-11T18:00:00,2026-09-12T00:00:00,4,3,5,0.9,80,True
FORECAST-000629,COR-03,SEC-08,2026-09-11,2026-09-11T00:00:00,2026-09-11T06:00:00,0,0,1,0.78,0,True
FORECAST-000630,COR-03,SEC-08,2026-09-11,2026-09-11T06:00:00,2026-09-11T12:00:00,2,1,3,0.81,48,True
FORECAST-000631,COR-03,SEC-08,2026-09-11,2026-09-11T12:00:00,2026-09-11T18:00:00,1,0,2,0.83,18,True
FORECAST-000632,COR-03,SEC-08,2026-09-11,2026-09-11T18:00:00,2026-09-12T00:00:00,0,0,1,0.73,0,True
FORECAST-000633,COR-03,SEC-09,2026-09-11,2026-09-11T00:00:00,2026-09-11T06:00:00,2,1,3,0.81,44,True
FORECAST-000634,COR-03,SEC-09,2026-09-11,2026-09-11T06:00:00,2026-09-11T12:00:00,2,1,3,0.75,42,True
FORECAST-000635,COR-03,SEC-09,2026-09-11,2026-09-11T12:00:00,2026-09-11T18:00:00,0,0,1,0.8,0,True
FORECAST-000636,COR-03,SEC-09,2026-09-11,2026-09-11T18:00:00,2026-09-12T00:00:00,0,0,1,0.82,0,True
FORECAST-000637,COR-04,SEC-10,2026-09-11,2026-09-11T00:00:00,2026-09-11T06:00:00,4,2,6,0.74,84,True
FORECAST-000638,COR-04,SEC-10,2026-09-11,2026-09-11T06:00:00,2026-09-11T12:00:00,3,2,4,0.84,78,True
FORECAST-000639,COR-04,SEC-10,2026-09-11,2026-09-11T12:00:00,2026-09-11T18:00:00,2,1,3,0.84,52,True
FORECAST-000640,COR-04,SEC-10,2026-09-11,2026-09-11T18:00:00,2026-09-12T00:00:00,4,3,5,0.85,72,True
FORECAST-000641,COR-04,SEC-11,2026-09-11,2026-09-11T00:00:00,2026-09-11T06:00:00,1,0,2,0.74,28,True
FORECAST-000642,COR-04,SEC-11,2026-09-11,2026-09-11T06:00:00,2026-09-11T12:00:00,4,3,5,0.9,108,True
FORECAST-000643,COR-04,SEC-11,2026-09-11,2026-09-11T12:00:00,2026-09-11T18:00:00,4,2,6,0.75,80,True
FORECAST-000644,COR-04,SEC-11,2026-09-11,2026-09-11T18:00:00,2026-09-12T00:00:00,2,1,3,0.86,44,True
FORECAST-000645,COR-04,SEC-12,2026-09-11,2026-09-11T00:00:00,2026-09-11T06:00:00,4,3,5,0.82,76,True
FORECAST-000646,COR-04,SEC-12,2026-09-11,2026-09-11T06:00:00,2026-09-11T12:00:00,4,2,6,0.88,104,True
FORECAST-000647,COR-04,SEC-12,2026-09-11,2026-09-11T12:00:00,2026-09-11T18:00:00,1,0,2,0.89,26,True
FORECAST-000648,COR-04,SEC-12,2026-09-11,2026-09-11T18:00:00,2026-09-12T00:00:00,4,2,6,0.79,76,True
FORECAST-000649,COR-05,SEC-13,2026-09-11,2026-09-11T00:00:00,2026-09-11T06:00:00,6,4,8,0.82,132,True
FORECAST-000650,COR-05,SEC-13,2026-09-11,2026-09-11T06:00:00,2026-09-11T12:00:00,3,2,4,0.91,57,True
FORECAST-000651,COR-05,SEC-13,2026-09-11,2026-09-11T12:00:00,2026-09-11T18:00:00,7,5,9,0.89,140,True
FORECAST-000652,COR-05,SEC-13,2026-09-11,2026-09-11T18:00:00,2026-09-12T00:00:00,3,1,5,0.82,72,True
FORECAST-000653,COR-05,SEC-14,2026-09-11,2026-09-11T00:00:00,2026-09-11T06:00:00,5,4,6,0.84,95,True
FORECAST-000654,COR-05,SEC-14,2026-09-11,2026-09-11T06:00:00,2026-09-11T12:00:00,4,2,6,0.92,104,True
FORECAST-000655,COR-05,SEC-14,2026-09-11,2026-09-11T12:00:00,2026-09-11T18:00:00,3,2,4,0.85,75,True
FORECAST-000656,COR-05,SEC-14,2026-09-11,2026-09-11T18:00:00,2026-09-12T00:00:00,5,4,6,0.77,100,True
FORECAST-000657,COR-05,SEC-15,2026-09-11,2026-09-11T00:00:00,2026-09-11T06:00:00,7,5,9,0.93,154,True
FORECAST-000658,COR-05,SEC-15,2026-09-11,2026-09-11T06:00:00,2026-09-11T12:00:00,5,4,6,0.93,110,True
FORECAST-000659,COR-05,SEC-15,2026-09-11,2026-09-11T12:00:00,2026-09-11T18:00:00,7,6,8,0.83,189,True
FORECAST-000660,COR-05,SEC-15,2026-09-11,2026-09-11T18:00:00,2026-09-12T00:00:00,6,5,7,0.86,126,True
FORECAST-000661,COR-01,SEC-01,2026-09-12,2026-09-12T00:00:00,2026-09-12T06:00:00,1,0,2,0.75,25,True
FORECAST-000662,COR-01,SEC-01,2026-09-12,2026-09-12T06:00:00,2026-09-12T12:00:00,1,0,2,0.76,28,True
FORECAST-000663,COR-01,SEC-01,2026-09-12,2026-09-12T12:00:00,2026-09-12T18:00:00,3,1,5,0.73,78,True
FORECAST-000664,COR-01,SEC-01,2026-09-12,2026-09-12T18:00:00,2026-09-13T00:00:00,1,0,2,0.79,20,True
FORECAST-000665,COR-01,SEC-02,2026-09-12,2026-09-12T00:00:00,2026-09-12T06:00:00,3,1,5,0.73,78,True
FORECAST-000666,COR-01,SEC-02,2026-09-12,2026-09-12T06:00:00,2026-09-12T12:00:00,1,0,2,0.76,19,True
FORECAST-000667,COR-01,SEC-02,2026-09-12,2026-09-12T12:00:00,2026-09-12T18:00:00,3,1,5,0.73,69,True
FORECAST-000668,COR-01,SEC-02,2026-09-12,2026-09-12T18:00:00,2026-09-13T00:00:00,3,2,4,0.9,78,True
FORECAST-000669,COR-01,SEC-03,2026-09-12,2026-09-12T00:00:00,2026-09-12T06:00:00,2,1,3,0.8,38,True
FORECAST-000670,COR-01,SEC-03,2026-09-12,2026-09-12T06:00:00,2026-09-12T12:00:00,3,2,4,0.81,84,True
FORECAST-000671,COR-01,SEC-03,2026-09-12,2026-09-12T12:00:00,2026-09-12T18:00:00,4,2,6,0.86,96,True
FORECAST-000672,COR-01,SEC-03,2026-09-12,2026-09-12T18:00:00,2026-09-13T00:00:00,2,1,3,0.76,40,True
FORECAST-000673,COR-02,SEC-04,2026-09-12,2026-09-12T00:00:00,2026-09-12T06:00:00,2,1,3,0.92,56,True
FORECAST-000674,COR-02,SEC-04,2026-09-12,2026-09-12T06:00:00,2026-09-12T12:00:00,4,2,6,0.75,92,True
FORECAST-000675,COR-02,SEC-04,2026-09-12,2026-09-12T12:00:00,2026-09-12T18:00:00,3,2,4,0.85,75,True
FORECAST-000676,COR-02,SEC-04,2026-09-12,2026-09-12T18:00:00,2026-09-13T00:00:00,4,3,5,0.75,80,True
FORECAST-000677,COR-02,SEC-05,2026-09-12,2026-09-12T00:00:00,2026-09-12T06:00:00,4,3,5,0.91,84,True
FORECAST-000678,COR-02,SEC-05,2026-09-12,2026-09-12T06:00:00,2026-09-12T12:00:00,3,2,4,0.8,54,True
FORECAST-000679,COR-02,SEC-05,2026-09-12,2026-09-12T12:00:00,2026-09-12T18:00:00,0,0,1,0.94,0,True
FORECAST-000680,COR-02,SEC-05,2026-09-12,2026-09-12T18:00:00,2026-09-13T00:00:00,1,0,3,0.93,28,True
FORECAST-000681,COR-02,SEC-06,2026-09-12,2026-09-12T00:00:00,2026-09-12T06:00:00,2,0,4,0.89,48,True
FORECAST-000682,COR-02,SEC-06,2026-09-12,2026-09-12T06:00:00,2026-09-12T12:00:00,2,0,4,0.86,48,True
FORECAST-000683,COR-02,SEC-06,2026-09-12,2026-09-12T12:00:00,2026-09-12T18:00:00,4,2,6,0.93,88,True
FORECAST-000684,COR-02,SEC-06,2026-09-12,2026-09-12T18:00:00,2026-09-13T00:00:00,3,2,4,0.73,54,True
FORECAST-000685,COR-03,SEC-07,2026-09-12,2026-09-12T00:00:00,2026-09-12T06:00:00,2,1,3,0.93,48,True
FORECAST-000686,COR-03,SEC-07,2026-09-12,2026-09-12T06:00:00,2026-09-12T12:00:00,1,0,2,0.82,25,True
FORECAST-000687,COR-03,SEC-07,2026-09-12,2026-09-12T12:00:00,2026-09-12T18:00:00,4,3,5,0.88,88,True
FORECAST-000688,COR-03,SEC-07,2026-09-12,2026-09-12T18:00:00,2026-09-13T00:00:00,4,3,5,0.75,80,True
FORECAST-000689,COR-03,SEC-08,2026-09-12,2026-09-12T00:00:00,2026-09-12T06:00:00,2,1,3,0.88,42,True
FORECAST-000690,COR-03,SEC-08,2026-09-12,2026-09-12T06:00:00,2026-09-12T12:00:00,1,0,2,0.75,23,True
FORECAST-000691,COR-03,SEC-08,2026-09-12,2026-09-12T12:00:00,2026-09-12T18:00:00,2,1,3,0.91,38,True
FORECAST-000692,COR-03,SEC-08,2026-09-12,2026-09-12T18:00:00,2026-09-13T00:00:00,4,2,6,0.82,100,True
FORECAST-000693,COR-03,SEC-09,2026-09-12,2026-09-12T00:00:00,2026-09-12T06:00:00,2,1,3,0.89,48,True
FORECAST-000694,COR-03,SEC-09,2026-09-12,2026-09-12T06:00:00,2026-09-12T12:00:00,0,0,1,0.82,0,True
FORECAST-000695,COR-03,SEC-09,2026-09-12,2026-09-12T12:00:00,2026-09-12T18:00:00,1,0,2,0.85,26,True
FORECAST-000696,COR-03,SEC-09,2026-09-12,2026-09-12T18:00:00,2026-09-13T00:00:00,3,2,4,0.82,57,True
FORECAST-000697,COR-04,SEC-10,2026-09-12,2026-09-12T00:00:00,2026-09-12T06:00:00,3,2,4,0.87,66,True
FORECAST-000698,COR-04,SEC-10,2026-09-12,2026-09-12T06:00:00,2026-09-12T12:00:00,0,0,1,0.89,0,True
FORECAST-000699,COR-04,SEC-10,2026-09-12,2026-09-12T12:00:00,2026-09-12T18:00:00,3,2,4,0.79,60,True
FORECAST-000700,COR-04,SEC-10,2026-09-12,2026-09-12T18:00:00,2026-09-13T00:00:00,0,0,1,0.88,0,True
FORECAST-000701,COR-04,SEC-11,2026-09-12,2026-09-12T00:00:00,2026-09-12T06:00:00,0,0,1,0.81,0,True
FORECAST-000702,COR-04,SEC-11,2026-09-12,2026-09-12T06:00:00,2026-09-12T12:00:00,1,0,2,0.83,28,True
FORECAST-000703,COR-04,SEC-11,2026-09-12,2026-09-12T12:00:00,2026-09-12T18:00:00,2,1,3,0.8,36,True
FORECAST-000704,COR-04,SEC-11,2026-09-12,2026-09-12T18:00:00,2026-09-13T00:00:00,4,3,5,0.79,108,True
FORECAST-000705,COR-04,SEC-12,2026-09-12,2026-09-12T00:00:00,2026-09-12T06:00:00,3,2,4,0.87,81,True
FORECAST-000706,COR-04,SEC-12,2026-09-12,2026-09-12T06:00:00,2026-09-12T12:00:00,3,1,5,0.87,60,True
FORECAST-000707,COR-04,SEC-12,2026-09-12,2026-09-12T12:00:00,2026-09-12T18:00:00,0,0,2,0.77,0,True
FORECAST-000708,COR-04,SEC-12,2026-09-12,2026-09-12T18:00:00,2026-09-13T00:00:00,2,1,3,0.76,48,True
FORECAST-000709,COR-05,SEC-13,2026-09-12,2026-09-12T00:00:00,2026-09-12T06:00:00,4,3,5,0.87,84,True
FORECAST-000710,COR-05,SEC-13,2026-09-12,2026-09-12T06:00:00,2026-09-12T12:00:00,5,4,6,0.94,115,True
FORECAST-000711,COR-05,SEC-13,2026-09-12,2026-09-12T12:00:00,2026-09-12T18:00:00,7,6,8,0.91,140,True
FORECAST-000712,COR-05,SEC-13,2026-09-12,2026-09-12T18:00:00,2026-09-13T00:00:00,3,2,4,0.8,78,True
FORECAST-000713,COR-05,SEC-14,2026-09-12,2026-09-12T00:00:00,2026-09-12T06:00:00,3,2,4,0.81,78,True
FORECAST-000714,COR-05,SEC-14,2026-09-12,2026-09-12T06:00:00,2026-09-12T12:00:00,7,6,8,0.77,196,True
FORECAST-000715,COR-05,SEC-14,2026-09-12,2026-09-12T12:00:00,2026-09-12T18:00:00,5,3,7,0.8,105,True
FORECAST-000716,COR-05,SEC-14,2026-09-12,2026-09-12T18:00:00,2026-09-13T00:00:00,3,2,4,0.9,63,True
FORECAST-000717,COR-05,SEC-15,2026-09-12,2026-09-12T00:00:00,2026-09-12T06:00:00,6,5,7,0.74,156,True
FORECAST-000718,COR-05,SEC-15,2026-09-12,2026-09-12T06:00:00,2026-09-12T12:00:00,3,2,4,0.88,72,True
FORECAST-000719,COR-05,SEC-15,2026-09-12,2026-09-12T12:00:00,2026-09-12T18:00:00,7,5,9,0.91,182,True
FORECAST-000720,COR-05,SEC-15,2026-09-12,2026-09-12T18:00:00,2026-09-13T00:00:00,4,2,6,0.8,96,True
FORECAST-000721,COR-01,SEC-01,2026-09-13,2026-09-13T00:00:00,2026-09-13T06:00:00,1,0,2,0.75,20,True
FORECAST-000722,COR-01,SEC-01,2026-09-13,2026-09-13T06:00:00,2026-09-13T12:00:00,2,1,3,0.73,52,True
FORECAST-000723,COR-01,SEC-01,2026-09-13,2026-09-13T12:00:00,2026-09-13T18:00:00,2,1,3,0.74,42,True
FORECAST-000724,COR-01,SEC-01,2026-09-13,2026-09-13T18:00:00,2026-09-14T00:00:00,3,1,5,0.8,84,True
FORECAST-000725,COR-01,SEC-02,2026-09-13,2026-09-13T00:00:00,2026-09-13T06:00:00,4,2,6,0.93,96,True
FORECAST-000726,COR-01,SEC-02,2026-09-13,2026-09-13T06:00:00,2026-09-13T12:00:00,4,3,5,0.86,88,True
FORECAST-000727,COR-01,SEC-02,2026-09-13,2026-09-13T12:00:00,2026-09-13T18:00:00,3,1,5,0.76,57,True
FORECAST-000728,COR-01,SEC-02,2026-09-13,2026-09-13T18:00:00,2026-09-14T00:00:00,1,0,3,0.8,24,True
FORECAST-000729,COR-01,SEC-03,2026-09-13,2026-09-13T00:00:00,2026-09-13T06:00:00,0,0,2,0.78,0,True
FORECAST-000730,COR-01,SEC-03,2026-09-13,2026-09-13T06:00:00,2026-09-13T12:00:00,4,3,5,0.81,88,True
FORECAST-000731,COR-01,SEC-03,2026-09-13,2026-09-13T12:00:00,2026-09-13T18:00:00,4,3,5,0.84,92,True
FORECAST-000732,COR-01,SEC-03,2026-09-13,2026-09-13T18:00:00,2026-09-14T00:00:00,4,2,6,0.85,108,True
FORECAST-000733,COR-02,SEC-04,2026-09-13,2026-09-13T00:00:00,2026-09-13T06:00:00,2,1,3,0.77,52,True
FORECAST-000734,COR-02,SEC-04,2026-09-13,2026-09-13T06:00:00,2026-09-13T12:00:00,2,0,4,0.83,36,True
FORECAST-000735,COR-02,SEC-04,2026-09-13,2026-09-13T12:00:00,2026-09-13T18:00:00,4,3,5,0.88,72,True
FORECAST-000736,COR-02,SEC-04,2026-09-13,2026-09-13T18:00:00,2026-09-14T00:00:00,3,2,4,0.77,78,True
FORECAST-000737,COR-02,SEC-05,2026-09-13,2026-09-13T00:00:00,2026-09-13T06:00:00,3,2,4,0.93,84,True
FORECAST-000738,COR-02,SEC-05,2026-09-13,2026-09-13T06:00:00,2026-09-13T12:00:00,4,3,5,0.92,108,True
FORECAST-000739,COR-02,SEC-05,2026-09-13,2026-09-13T12:00:00,2026-09-13T18:00:00,0,0,1,0.82,0,True
FORECAST-000740,COR-02,SEC-05,2026-09-13,2026-09-13T18:00:00,2026-09-14T00:00:00,0,0,1,0.81,0,True
FORECAST-000741,COR-02,SEC-06,2026-09-13,2026-09-13T00:00:00,2026-09-13T06:00:00,4,3,5,0.74,104,True
FORECAST-000742,COR-02,SEC-06,2026-09-13,2026-09-13T06:00:00,2026-09-13T12:00:00,2,1,3,0.85,56,True
FORECAST-000743,COR-02,SEC-06,2026-09-13,2026-09-13T12:00:00,2026-09-13T18:00:00,3,2,4,0.87,84,True
FORECAST-000744,COR-02,SEC-06,2026-09-13,2026-09-13T18:00:00,2026-09-14T00:00:00,1,0,2,0.94,20,True
FORECAST-000745,COR-03,SEC-07,2026-09-13,2026-09-13T00:00:00,2026-09-13T06:00:00,4,3,5,0.81,108,True
FORECAST-000746,COR-03,SEC-07,2026-09-13,2026-09-13T06:00:00,2026-09-13T12:00:00,1,0,2,0.81,20,True
FORECAST-000747,COR-03,SEC-07,2026-09-13,2026-09-13T12:00:00,2026-09-13T18:00:00,3,2,4,0.82,57,True
FORECAST-000748,COR-03,SEC-07,2026-09-13,2026-09-13T18:00:00,2026-09-14T00:00:00,4,3,5,0.77,92,True
FORECAST-000749,COR-03,SEC-08,2026-09-13,2026-09-13T00:00:00,2026-09-13T06:00:00,1,0,3,0.92,19,True
FORECAST-000750,COR-03,SEC-08,2026-09-13,2026-09-13T06:00:00,2026-09-13T12:00:00,2,1,3,0.94,54,True
FORECAST-000751,COR-03,SEC-08,2026-09-13,2026-09-13T12:00:00,2026-09-13T18:00:00,1,0,2,0.87,23,True
FORECAST-000752,COR-03,SEC-08,2026-09-13,2026-09-13T18:00:00,2026-09-14T00:00:00,2,1,3,0.76,46,True
FORECAST-000753,COR-03,SEC-09,2026-09-13,2026-09-13T00:00:00,2026-09-13T06:00:00,1,0,2,0.9,23,True
FORECAST-000754,COR-03,SEC-09,2026-09-13,2026-09-13T06:00:00,2026-09-13T12:00:00,4,3,5,0.92,92,True
FORECAST-000755,COR-03,SEC-09,2026-09-13,2026-09-13T12:00:00,2026-09-13T18:00:00,4,3,5,0.78,108,True
FORECAST-000756,COR-03,SEC-09,2026-09-13,2026-09-13T18:00:00,2026-09-14T00:00:00,2,0,4,0.87,54,True
FORECAST-000757,COR-04,SEC-10,2026-09-13,2026-09-13T00:00:00,2026-09-13T06:00:00,2,1,3,0.87,46,True
FORECAST-000758,COR-04,SEC-10,2026-09-13,2026-09-13T06:00:00,2026-09-13T12:00:00,4,2,6,0.9,76,True
FORECAST-000759,COR-04,SEC-10,2026-09-13,2026-09-13T12:00:00,2026-09-13T18:00:00,4,3,5,0.84,92,True
FORECAST-000760,COR-04,SEC-10,2026-09-13,2026-09-13T18:00:00,2026-09-14T00:00:00,0,0,1,0.82,0,True
FORECAST-000761,COR-04,SEC-11,2026-09-13,2026-09-13T00:00:00,2026-09-13T06:00:00,1,0,2,0.85,20,True
FORECAST-000762,COR-04,SEC-11,2026-09-13,2026-09-13T06:00:00,2026-09-13T12:00:00,2,1,3,0.79,54,True
FORECAST-000763,COR-04,SEC-11,2026-09-13,2026-09-13T12:00:00,2026-09-13T18:00:00,3,1,5,0.74,54,True
FORECAST-000764,COR-04,SEC-11,2026-09-13,2026-09-13T18:00:00,2026-09-14T00:00:00,3,1,5,0.83,63,True
FORECAST-000765,COR-04,SEC-12,2026-09-13,2026-09-13T00:00:00,2026-09-13T06:00:00,3,2,4,0.73,81,True
FORECAST-000766,COR-04,SEC-12,2026-09-13,2026-09-13T06:00:00,2026-09-13T12:00:00,1,0,2,0.88,25,True
FORECAST-000767,COR-04,SEC-12,2026-09-13,2026-09-13T12:00:00,2026-09-13T18:00:00,0,0,1,0.78,0,True
FORECAST-000768,COR-04,SEC-12,2026-09-13,2026-09-13T18:00:00,2026-09-14T00:00:00,1,0,2,0.84,23,True
FORECAST-000769,COR-05,SEC-13,2026-09-13,2026-09-13T00:00:00,2026-09-13T06:00:00,4,3,5,0.76,72,True
FORECAST-000770,COR-05,SEC-13,2026-09-13,2026-09-13T06:00:00,2026-09-13T12:00:00,7,6,8,0.88,147,True
FORECAST-000771,COR-05,SEC-13,2026-09-13,2026-09-13T12:00:00,2026-09-13T18:00:00,5,4,6,0.91,110,True
FORECAST-000772,COR-05,SEC-13,2026-09-13,2026-09-13T18:00:00,2026-09-14T00:00:00,5,4,6,0.72,120,True
FORECAST-000773,COR-05,SEC-14,2026-09-13,2026-09-13T00:00:00,2026-09-13T06:00:00,7,5,9,0.93,133,True
FORECAST-000774,COR-05,SEC-14,2026-09-13,2026-09-13T06:00:00,2026-09-13T12:00:00,4,3,5,0.74,88,True
FORECAST-000775,COR-05,SEC-14,2026-09-13,2026-09-13T12:00:00,2026-09-13T18:00:00,5,4,6,0.94,110,True
FORECAST-000776,COR-05,SEC-14,2026-09-13,2026-09-13T18:00:00,2026-09-14T00:00:00,6,5,7,0.77,114,True
FORECAST-000777,COR-05,SEC-15,2026-09-13,2026-09-13T00:00:00,2026-09-13T06:00:00,6,4,8,0.75,150,True
FORECAST-000778,COR-05,SEC-15,2026-09-13,2026-09-13T06:00:00,2026-09-13T12:00:00,7,5,9,0.85,189,True
FORECAST-000779,COR-05,SEC-15,2026-09-13,2026-09-13T12:00:00,2026-09-13T18:00:00,6,4,8,0.87,126,True
FORECAST-000780,COR-05,SEC-15,2026-09-13,2026-09-13T18:00:00,2026-09-14T00:00:00,4,2,6,0.82,112,True
FORECAST-000781,COR-01,SEC-01,2026-09-14,2026-09-14T00:00:00,2026-09-14T06:00:00,2,1,3,0.92,44,True
FORECAST-000782,COR-01,SEC-01,2026-09-14,2026-09-14T06:00:00,2026-09-14T12:00:00,3,2,4,0.85,60,True
FORECAST-000783,COR-01,SEC-01,2026-09-14,2026-09-14T12:00:00,2026-09-14T18:00:00,0,0,1,0.74,0,True
FORECAST-000784,COR-01,SEC-01,2026-09-14,2026-09-14T18:00:00,2026-09-15T00:00:00,2,1,3,0.88,40,True
FORECAST-000785,COR-01,SEC-02,2026-09-14,2026-09-14T00:00:00,2026-09-14T06:00:00,1,0,2,0.89,19,True
FORECAST-000786,COR-01,SEC-02,2026-09-14,2026-09-14T06:00:00,2026-09-14T12:00:00,1,0,2,0.78,28,True
FORECAST-000787,COR-01,SEC-02,2026-09-14,2026-09-14T12:00:00,2026-09-14T18:00:00,0,0,2,0.78,0,True
FORECAST-000788,COR-01,SEC-02,2026-09-14,2026-09-14T18:00:00,2026-09-15T00:00:00,3,2,4,0.94,78,True
FORECAST-000789,COR-01,SEC-03,2026-09-14,2026-09-14T00:00:00,2026-09-14T06:00:00,4,3,5,0.85,84,True
FORECAST-000790,COR-01,SEC-03,2026-09-14,2026-09-14T06:00:00,2026-09-14T12:00:00,3,2,4,0.91,63,True
FORECAST-000791,COR-01,SEC-03,2026-09-14,2026-09-14T12:00:00,2026-09-14T18:00:00,3,2,4,0.73,60,True
FORECAST-000792,COR-01,SEC-03,2026-09-14,2026-09-14T18:00:00,2026-09-15T00:00:00,4,3,5,0.73,92,True
FORECAST-000793,COR-02,SEC-04,2026-09-14,2026-09-14T00:00:00,2026-09-14T06:00:00,1,0,2,0.74,19,True
FORECAST-000794,COR-02,SEC-04,2026-09-14,2026-09-14T06:00:00,2026-09-14T12:00:00,3,1,5,0.79,57,True
FORECAST-000795,COR-02,SEC-04,2026-09-14,2026-09-14T12:00:00,2026-09-14T18:00:00,1,0,2,0.9,25,True
FORECAST-000796,COR-02,SEC-04,2026-09-14,2026-09-14T18:00:00,2026-09-15T00:00:00,0,0,1,0.89,0,True
FORECAST-000797,COR-02,SEC-05,2026-09-14,2026-09-14T00:00:00,2026-09-14T06:00:00,3,2,4,0.73,81,True
FORECAST-000798,COR-02,SEC-05,2026-09-14,2026-09-14T06:00:00,2026-09-14T12:00:00,2,0,4,0.77,46,True
FORECAST-000799,COR-02,SEC-05,2026-09-14,2026-09-14T12:00:00,2026-09-14T18:00:00,3,2,4,0.84,69,True
FORECAST-000800,COR-02,SEC-05,2026-09-14,2026-09-14T18:00:00,2026-09-15T00:00:00,0,0,1,0.82,0,True
FORECAST-000801,COR-02,SEC-06,2026-09-14,2026-09-14T00:00:00,2026-09-14T06:00:00,4,2,6,0.82,104,True
FORECAST-000802,COR-02,SEC-06,2026-09-14,2026-09-14T06:00:00,2026-09-14T12:00:00,1,0,2,0.92,20,True
FORECAST-000803,COR-02,SEC-06,2026-09-14,2026-09-14T12:00:00,2026-09-14T18:00:00,0,0,1,0.87,0,True
FORECAST-000804,COR-02,SEC-06,2026-09-14,2026-09-14T18:00:00,2026-09-15T00:00:00,3,1,5,0.75,81,True
FORECAST-000805,COR-03,SEC-07,2026-09-14,2026-09-14T00:00:00,2026-09-14T06:00:00,2,1,3,0.75,40,True
FORECAST-000806,COR-03,SEC-07,2026-09-14,2026-09-14T06:00:00,2026-09-14T12:00:00,1,0,3,0.92,22,True
FORECAST-000807,COR-03,SEC-07,2026-09-14,2026-09-14T12:00:00,2026-09-14T18:00:00,2,0,4,0.93,56,True
FORECAST-000808,COR-03,SEC-07,2026-09-14,2026-09-14T18:00:00,2026-09-15T00:00:00,2,0,4,0.92,48,True
FORECAST-000809,COR-03,SEC-08,2026-09-14,2026-09-14T00:00:00,2026-09-14T06:00:00,2,1,3,0.81,42,True
FORECAST-000810,COR-03,SEC-08,2026-09-14,2026-09-14T06:00:00,2026-09-14T12:00:00,1,0,2,0.74,21,True
FORECAST-000811,COR-03,SEC-08,2026-09-14,2026-09-14T12:00:00,2026-09-14T18:00:00,3,2,4,0.83,75,True
FORECAST-000812,COR-03,SEC-08,2026-09-14,2026-09-14T18:00:00,2026-09-15T00:00:00,4,2,6,0.94,96,True
FORECAST-000813,COR-03,SEC-09,2026-09-14,2026-09-14T00:00:00,2026-09-14T06:00:00,3,2,4,0.86,54,True
FORECAST-000814,COR-03,SEC-09,2026-09-14,2026-09-14T06:00:00,2026-09-14T12:00:00,0,0,2,0.8,0,True
FORECAST-000815,COR-03,SEC-09,2026-09-14,2026-09-14T12:00:00,2026-09-14T18:00:00,4,3,5,0.73,96,True
FORECAST-000816,COR-03,SEC-09,2026-09-14,2026-09-14T18:00:00,2026-09-15T00:00:00,3,2,4,0.92,57,True
FORECAST-000817,COR-04,SEC-10,2026-09-14,2026-09-14T00:00:00,2026-09-14T06:00:00,0,0,1,0.91,0,True
FORECAST-000818,COR-04,SEC-10,2026-09-14,2026-09-14T06:00:00,2026-09-14T12:00:00,4,3,5,0.79,76,True
FORECAST-000819,COR-04,SEC-10,2026-09-14,2026-09-14T12:00:00,2026-09-14T18:00:00,4,3,5,0.88,80,True
FORECAST-000820,COR-04,SEC-10,2026-09-14,2026-09-14T18:00:00,2026-09-15T00:00:00,4,2,6,0.88,84,True
FORECAST-000821,COR-04,SEC-11,2026-09-14,2026-09-14T00:00:00,2026-09-14T06:00:00,2,1,3,0.8,48,True
FORECAST-000822,COR-04,SEC-11,2026-09-14,2026-09-14T06:00:00,2026-09-14T12:00:00,3,2,4,0.8,57,True
FORECAST-000823,COR-04,SEC-11,2026-09-14,2026-09-14T12:00:00,2026-09-14T18:00:00,1,0,3,0.85,20,True
FORECAST-000824,COR-04,SEC-11,2026-09-14,2026-09-14T18:00:00,2026-09-15T00:00:00,3,1,5,0.85,63,True
FORECAST-000825,COR-04,SEC-12,2026-09-14,2026-09-14T00:00:00,2026-09-14T06:00:00,4,2,6,0.78,72,True
FORECAST-000826,COR-04,SEC-12,2026-09-14,2026-09-14T06:00:00,2026-09-14T12:00:00,0,0,1,0.82,0,True
FORECAST-000827,COR-04,SEC-12,2026-09-14,2026-09-14T12:00:00,2026-09-14T18:00:00,3,1,5,0.89,84,True
FORECAST-000828,COR-04,SEC-12,2026-09-14,2026-09-14T18:00:00,2026-09-15T00:00:00,0,0,2,0.87,0,True
FORECAST-000829,COR-05,SEC-13,2026-09-14,2026-09-14T00:00:00,2026-09-14T06:00:00,6,5,7,0.9,162,True
FORECAST-000830,COR-05,SEC-13,2026-09-14,2026-09-14T06:00:00,2026-09-14T12:00:00,6,5,7,0.91,120,True
FORECAST-000831,COR-05,SEC-13,2026-09-14,2026-09-14T12:00:00,2026-09-14T18:00:00,4,3,5,0.84,96,True
FORECAST-000832,COR-05,SEC-13,2026-09-14,2026-09-14T18:00:00,2026-09-15T00:00:00,7,6,8,0.88,140,True
FORECAST-000833,COR-05,SEC-14,2026-09-14,2026-09-14T00:00:00,2026-09-14T06:00:00,6,4,8,0.83,156,True
FORECAST-000834,COR-05,SEC-14,2026-09-14,2026-09-14T06:00:00,2026-09-14T12:00:00,7,5,9,0.9,168,True
FORECAST-000835,COR-05,SEC-14,2026-09-14,2026-09-14T12:00:00,2026-09-14T18:00:00,4,2,6,0.86,104,True
FORECAST-000836,COR-05,SEC-14,2026-09-14,2026-09-14T18:00:00,2026-09-15T00:00:00,4,3,5,0.76,80,True
FORECAST-000837,COR-05,SEC-15,2026-09-14,2026-09-14T00:00:00,2026-09-14T06:00:00,5,4,6,0.8,115,True
FORECAST-000838,COR-05,SEC-15,2026-09-14,2026-09-14T06:00:00,2026-09-14T12:00:00,4,3,5,0.88,92,True
FORECAST-000839,COR-05,SEC-15,2026-09-14,2026-09-14T12:00:00,2026-09-14T18:00:00,6,4,8,0.87,108,True
FORECAST-000840,COR-05,SEC-15,2026-09-14,2026-09-14T18:00:00,2026-09-15T00:00:00,4,2,6,0.89,112,True
FORECAST-000841,COR-01,SEC-01,2026-09-15,2026-09-15T00:00:00,2026-09-15T06:00:00,3,2,4,0.91,57,True
FORECAST-000842,COR-01,SEC-01,2026-09-15,2026-09-15T06:00:00,2026-09-15T12:00:00,1,0,2,0.89,27,True
FORECAST-000843,COR-01,SEC-01,2026-09-15,2026-09-15T12:00:00,2026-09-15T18:00:00,4,2,6,0.87,80,True
FORECAST-000844,COR-01,SEC-01,2026-09-15,2026-09-15T18:00:00,2026-09-16T00:00:00,0,0,1,0.76,0,True
FORECAST-000845,COR-01,SEC-02,2026-09-15,2026-09-15T00:00:00,2026-09-15T06:00:00,3,2,4,0.76,66,True
FORECAST-000846,COR-01,SEC-02,2026-09-15,2026-09-15T06:00:00,2026-09-15T12:00:00,1,0,3,0.78,19,True
FORECAST-000847,COR-01,SEC-02,2026-09-15,2026-09-15T12:00:00,2026-09-15T18:00:00,0,0,2,0.76,0,True
FORECAST-000848,COR-01,SEC-02,2026-09-15,2026-09-15T18:00:00,2026-09-16T00:00:00,4,3,5,0.8,88,True
FORECAST-000849,COR-01,SEC-03,2026-09-15,2026-09-15T00:00:00,2026-09-15T06:00:00,2,0,4,0.93,54,True
FORECAST-000850,COR-01,SEC-03,2026-09-15,2026-09-15T06:00:00,2026-09-15T12:00:00,0,0,1,0.84,0,True
FORECAST-000851,COR-01,SEC-03,2026-09-15,2026-09-15T12:00:00,2026-09-15T18:00:00,2,0,4,0.8,40,True
FORECAST-000852,COR-01,SEC-03,2026-09-15,2026-09-15T18:00:00,2026-09-16T00:00:00,4,2,6,0.81,72,True
FORECAST-000853,COR-02,SEC-04,2026-09-15,2026-09-15T00:00:00,2026-09-15T06:00:00,3,2,4,0.86,57,True
FORECAST-000854,COR-02,SEC-04,2026-09-15,2026-09-15T06:00:00,2026-09-15T12:00:00,1,0,2,0.79,22,True
FORECAST-000855,COR-02,SEC-04,2026-09-15,2026-09-15T12:00:00,2026-09-15T18:00:00,0,0,2,0.91,0,True
FORECAST-000856,COR-02,SEC-04,2026-09-15,2026-09-15T18:00:00,2026-09-16T00:00:00,0,0,1,0.79,0,True
FORECAST-000857,COR-02,SEC-05,2026-09-15,2026-09-15T00:00:00,2026-09-15T06:00:00,1,0,2,0.88,25,True
FORECAST-000858,COR-02,SEC-05,2026-09-15,2026-09-15T06:00:00,2026-09-15T12:00:00,3,2,4,0.73,78,True
FORECAST-000859,COR-02,SEC-05,2026-09-15,2026-09-15T12:00:00,2026-09-15T18:00:00,1,0,3,0.79,25,True
FORECAST-000860,COR-02,SEC-05,2026-09-15,2026-09-15T18:00:00,2026-09-16T00:00:00,4,2,6,0.81,72,True
FORECAST-000861,COR-02,SEC-06,2026-09-15,2026-09-15T00:00:00,2026-09-15T06:00:00,4,3,5,0.92,84,True
FORECAST-000862,COR-02,SEC-06,2026-09-15,2026-09-15T06:00:00,2026-09-15T12:00:00,2,1,3,0.93,48,True
FORECAST-000863,COR-02,SEC-06,2026-09-15,2026-09-15T12:00:00,2026-09-15T18:00:00,1,0,2,0.73,19,True
FORECAST-000864,COR-02,SEC-06,2026-09-15,2026-09-15T18:00:00,2026-09-16T00:00:00,3,2,4,0.93,60,True
FORECAST-000865,COR-03,SEC-07,2026-09-15,2026-09-15T00:00:00,2026-09-15T06:00:00,3,2,4,0.91,69,True
FORECAST-000866,COR-03,SEC-07,2026-09-15,2026-09-15T06:00:00,2026-09-15T12:00:00,1,0,3,0.93,25,True
FORECAST-000867,COR-03,SEC-07,2026-09-15,2026-09-15T12:00:00,2026-09-15T18:00:00,2,1,3,0.79,56,True
FORECAST-000868,COR-03,SEC-07,2026-09-15,2026-09-15T18:00:00,2026-09-16T00:00:00,0,0,2,0.88,0,True
FORECAST-000869,COR-03,SEC-08,2026-09-15,2026-09-15T00:00:00,2026-09-15T06:00:00,1,0,2,0.79,19,True
FORECAST-000870,COR-03,SEC-08,2026-09-15,2026-09-15T06:00:00,2026-09-15T12:00:00,3,1,5,0.92,84,True
FORECAST-000871,COR-03,SEC-08,2026-09-15,2026-09-15T12:00:00,2026-09-15T18:00:00,3,2,4,0.74,54,True
FORECAST-000872,COR-03,SEC-08,2026-09-15,2026-09-15T18:00:00,2026-09-16T00:00:00,4,2,6,0.86,92,True
FORECAST-000873,COR-03,SEC-09,2026-09-15,2026-09-15T00:00:00,2026-09-15T06:00:00,0,0,1,0.76,0,True
FORECAST-000874,COR-03,SEC-09,2026-09-15,2026-09-15T06:00:00,2026-09-15T12:00:00,1,0,2,0.74,20,True
FORECAST-000875,COR-03,SEC-09,2026-09-15,2026-09-15T12:00:00,2026-09-15T18:00:00,2,0,4,0.87,36,True
FORECAST-000876,COR-03,SEC-09,2026-09-15,2026-09-15T18:00:00,2026-09-16T00:00:00,2,1,3,0.88,44,True
FORECAST-000877,COR-04,SEC-10,2026-09-15,2026-09-15T00:00:00,2026-09-15T06:00:00,0,0,1,0.84,0,True
FORECAST-000878,COR-04,SEC-10,2026-09-15,2026-09-15T06:00:00,2026-09-15T12:00:00,0,0,1,0.88,0,True
FORECAST-000879,COR-04,SEC-10,2026-09-15,2026-09-15T12:00:00,2026-09-15T18:00:00,4,3,5,0.86,92,True
FORECAST-000880,COR-04,SEC-10,2026-09-15,2026-09-15T18:00:00,2026-09-16T00:00:00,0,0,1,0.84,0,True
FORECAST-000881,COR-04,SEC-11,2026-09-15,2026-09-15T00:00:00,2026-09-15T06:00:00,0,0,1,0.86,0,True
FORECAST-000882,COR-04,SEC-11,2026-09-15,2026-09-15T06:00:00,2026-09-15T12:00:00,1,0,2,0.81,25,True
FORECAST-000883,COR-04,SEC-11,2026-09-15,2026-09-15T12:00:00,2026-09-15T18:00:00,3,1,5,0.87,54,True
FORECAST-000884,COR-04,SEC-11,2026-09-15,2026-09-15T18:00:00,2026-09-16T00:00:00,1,0,2,0.9,26,True
FORECAST-000885,COR-04,SEC-12,2026-09-15,2026-09-15T00:00:00,2026-09-15T06:00:00,1,0,2,0.87,26,True
FORECAST-000886,COR-04,SEC-12,2026-09-15,2026-09-15T06:00:00,2026-09-15T12:00:00,3,1,5,0.87,60,True
FORECAST-000887,COR-04,SEC-12,2026-09-15,2026-09-15T12:00:00,2026-09-15T18:00:00,1,0,3,0.75,21,True
FORECAST-000888,COR-04,SEC-12,2026-09-15,2026-09-15T18:00:00,2026-09-16T00:00:00,2,0,4,0.73,46,True
FORECAST-000889,COR-05,SEC-13,2026-09-15,2026-09-15T00:00:00,2026-09-15T06:00:00,4,3,5,0.72,100,True
FORECAST-000890,COR-05,SEC-13,2026-09-15,2026-09-15T06:00:00,2026-09-15T12:00:00,3,1,5,0.82,84,True
FORECAST-000891,COR-05,SEC-13,2026-09-15,2026-09-15T12:00:00,2026-09-15T18:00:00,4,3,5,0.74,104,True
FORECAST-000892,COR-05,SEC-13,2026-09-15,2026-09-15T18:00:00,2026-09-16T00:00:00,4,3,5,0.88,76,True
FORECAST-000893,COR-05,SEC-14,2026-09-15,2026-09-15T00:00:00,2026-09-15T06:00:00,4,3,5,0.73,88,True
FORECAST-000894,COR-05,SEC-14,2026-09-15,2026-09-15T06:00:00,2026-09-15T12:00:00,3,2,4,0.72,84,True
FORECAST-000895,COR-05,SEC-14,2026-09-15,2026-09-15T12:00:00,2026-09-15T18:00:00,7,5,9,0.82,140,True
FORECAST-000896,COR-05,SEC-14,2026-09-15,2026-09-15T18:00:00,2026-09-16T00:00:00,6,5,7,0.77,144,True
FORECAST-000897,COR-05,SEC-15,2026-09-15,2026-09-15T00:00:00,2026-09-15T06:00:00,3,1,5,0.83,54,True
FORECAST-000898,COR-05,SEC-15,2026-09-15,2026-09-15T06:00:00,2026-09-15T12:00:00,5,3,7,0.9,125,True
FORECAST-000899,COR-05,SEC-15,2026-09-15,2026-09-15T12:00:00,2026-09-15T18:00:00,6,5,7,0.79,114,True
FORECAST-000900,COR-05,SEC-15,2026-09-15,2026-09-15T18:00:00,2026-09-16T00:00:00,3,2,4,0.72,78,True
FORECAST-000901,COR-01,SEC-01,2026-09-16,2026-09-16T00:00:00,2026-09-16T06:00:00,3,2,4,0.79,84,True
FORECAST-000902,COR-01,SEC-01,2026-09-16,2026-09-16T06:00:00,2026-09-16T12:00:00,3,2,4,0.93,75,True
FORECAST-000903,COR-01,SEC-01,2026-09-16,2026-09-16T12:00:00,2026-09-16T18:00:00,3,2,4,0.89,84,True
FORECAST-000904,COR-01,SEC-01,2026-09-16,2026-09-16T18:00:00,2026-09-17T00:00:00,1,0,3,0.87,23,True
FORECAST-000905,COR-01,SEC-02,2026-09-16,2026-09-16T00:00:00,2026-09-16T06:00:00,0,0,2,0.88,0,True
FORECAST-000906,COR-01,SEC-02,2026-09-16,2026-09-16T06:00:00,2026-09-16T12:00:00,4,3,5,0.89,88,True
FORECAST-000907,COR-01,SEC-02,2026-09-16,2026-09-16T12:00:00,2026-09-16T18:00:00,2,1,3,0.8,36,True
FORECAST-000908,COR-01,SEC-02,2026-09-16,2026-09-16T18:00:00,2026-09-17T00:00:00,3,1,5,0.78,57,True
FORECAST-000909,COR-01,SEC-03,2026-09-16,2026-09-16T00:00:00,2026-09-16T06:00:00,1,0,3,0.72,19,True
FORECAST-000910,COR-01,SEC-03,2026-09-16,2026-09-16T06:00:00,2026-09-16T12:00:00,1,0,2,0.94,28,True
FORECAST-000911,COR-01,SEC-03,2026-09-16,2026-09-16T12:00:00,2026-09-16T18:00:00,4,3,5,0.82,112,True
FORECAST-000912,COR-01,SEC-03,2026-09-16,2026-09-16T18:00:00,2026-09-17T00:00:00,2,1,3,0.89,44,True
FORECAST-000913,COR-02,SEC-04,2026-09-16,2026-09-16T00:00:00,2026-09-16T06:00:00,1,0,3,0.92,22,True
FORECAST-000914,COR-02,SEC-04,2026-09-16,2026-09-16T06:00:00,2026-09-16T12:00:00,3,2,4,0.91,84,True
FORECAST-000915,COR-02,SEC-04,2026-09-16,2026-09-16T12:00:00,2026-09-16T18:00:00,2,1,3,0.74,38,True
FORECAST-000916,COR-02,SEC-04,2026-09-16,2026-09-16T18:00:00,2026-09-17T00:00:00,2,1,3,0.8,48,True
FORECAST-000917,COR-02,SEC-05,2026-09-16,2026-09-16T00:00:00,2026-09-16T06:00:00,4,2,6,0.76,84,True
FORECAST-000918,COR-02,SEC-05,2026-09-16,2026-09-16T06:00:00,2026-09-16T12:00:00,2,1,3,0.87,46,True
FORECAST-000919,COR-02,SEC-05,2026-09-16,2026-09-16T12:00:00,2026-09-16T18:00:00,4,3,5,0.91,84,True
FORECAST-000920,COR-02,SEC-05,2026-09-16,2026-09-16T18:00:00,2026-09-17T00:00:00,2,0,4,0.86,48,True
FORECAST-000921,COR-02,SEC-06,2026-09-16,2026-09-16T00:00:00,2026-09-16T06:00:00,1,0,2,0.84,26,True
FORECAST-000922,COR-02,SEC-06,2026-09-16,2026-09-16T06:00:00,2026-09-16T12:00:00,3,2,4,0.79,69,True
FORECAST-000923,COR-02,SEC-06,2026-09-16,2026-09-16T12:00:00,2026-09-16T18:00:00,1,0,2,0.85,27,True
FORECAST-000924,COR-02,SEC-06,2026-09-16,2026-09-16T18:00:00,2026-09-17T00:00:00,3,1,5,0.83,57,True
FORECAST-000925,COR-03,SEC-07,2026-09-16,2026-09-16T00:00:00,2026-09-16T06:00:00,3,1,5,0.76,84,True
FORECAST-000926,COR-03,SEC-07,2026-09-16,2026-09-16T06:00:00,2026-09-16T12:00:00,4,2,6,0.87,84,True
FORECAST-000927,COR-03,SEC-07,2026-09-16,2026-09-16T12:00:00,2026-09-16T18:00:00,3,2,4,0.74,54,True
FORECAST-000928,COR-03,SEC-07,2026-09-16,2026-09-16T18:00:00,2026-09-17T00:00:00,3,1,5,0.76,63,True
FORECAST-000929,COR-03,SEC-08,2026-09-16,2026-09-16T00:00:00,2026-09-16T06:00:00,0,0,2,0.94,0,True
FORECAST-000930,COR-03,SEC-08,2026-09-16,2026-09-16T06:00:00,2026-09-16T12:00:00,4,3,5,0.85,88,True
FORECAST-000931,COR-03,SEC-08,2026-09-16,2026-09-16T12:00:00,2026-09-16T18:00:00,2,0,4,0.84,50,True
FORECAST-000932,COR-03,SEC-08,2026-09-16,2026-09-16T18:00:00,2026-09-17T00:00:00,4,2,6,0.75,96,True
FORECAST-000933,COR-03,SEC-09,2026-09-16,2026-09-16T00:00:00,2026-09-16T06:00:00,2,1,3,0.73,56,True
FORECAST-000934,COR-03,SEC-09,2026-09-16,2026-09-16T06:00:00,2026-09-16T12:00:00,2,0,4,0.83,44,True
FORECAST-000935,COR-03,SEC-09,2026-09-16,2026-09-16T12:00:00,2026-09-16T18:00:00,4,3,5,0.83,76,True
FORECAST-000936,COR-03,SEC-09,2026-09-16,2026-09-16T18:00:00,2026-09-17T00:00:00,3,2,4,0.93,66,True
FORECAST-000937,COR-04,SEC-10,2026-09-16,2026-09-16T00:00:00,2026-09-16T06:00:00,4,3,5,0.75,108,True
FORECAST-000938,COR-04,SEC-10,2026-09-16,2026-09-16T06:00:00,2026-09-16T12:00:00,1,0,2,0.88,26,True
FORECAST-000939,COR-04,SEC-10,2026-09-16,2026-09-16T12:00:00,2026-09-16T18:00:00,3,2,4,0.74,75,True
FORECAST-000940,COR-04,SEC-10,2026-09-16,2026-09-16T18:00:00,2026-09-17T00:00:00,2,0,4,0.82,40,True
FORECAST-000941,COR-04,SEC-11,2026-09-16,2026-09-16T00:00:00,2026-09-16T06:00:00,0,0,1,0.87,0,True
FORECAST-000942,COR-04,SEC-11,2026-09-16,2026-09-16T06:00:00,2026-09-16T12:00:00,3,2,4,0.86,54,True
FORECAST-000943,COR-04,SEC-11,2026-09-16,2026-09-16T12:00:00,2026-09-16T18:00:00,0,0,1,0.89,0,True
FORECAST-000944,COR-04,SEC-11,2026-09-16,2026-09-16T18:00:00,2026-09-17T00:00:00,0,0,1,0.81,0,True
FORECAST-000945,COR-04,SEC-12,2026-09-16,2026-09-16T00:00:00,2026-09-16T06:00:00,2,1,3,0.9,42,True
FORECAST-000946,COR-04,SEC-12,2026-09-16,2026-09-16T06:00:00,2026-09-16T12:00:00,4,2,6,0.92,88,True
FORECAST-000947,COR-04,SEC-12,2026-09-16,2026-09-16T12:00:00,2026-09-16T18:00:00,2,1,3,0.78,46,True
FORECAST-000948,COR-04,SEC-12,2026-09-16,2026-09-16T18:00:00,2026-09-17T00:00:00,4,2,6,0.93,104,True
FORECAST-000949,COR-05,SEC-13,2026-09-16,2026-09-16T00:00:00,2026-09-16T06:00:00,3,1,5,0.9,75,True
FORECAST-000950,COR-05,SEC-13,2026-09-16,2026-09-16T06:00:00,2026-09-16T12:00:00,4,3,5,0.83,80,True
FORECAST-000951,COR-05,SEC-13,2026-09-16,2026-09-16T12:00:00,2026-09-16T18:00:00,3,2,4,0.78,84,True
FORECAST-000952,COR-05,SEC-13,2026-09-16,2026-09-16T18:00:00,2026-09-17T00:00:00,6,4,8,0.87,168,True
FORECAST-000953,COR-05,SEC-14,2026-09-16,2026-09-16T00:00:00,2026-09-16T06:00:00,7,5,9,0.85,154,True
FORECAST-000954,COR-05,SEC-14,2026-09-16,2026-09-16T06:00:00,2026-09-16T12:00:00,5,3,7,0.76,100,True
FORECAST-000955,COR-05,SEC-14,2026-09-16,2026-09-16T12:00:00,2026-09-16T18:00:00,5,4,6,0.88,110,True
FORECAST-000956,COR-05,SEC-14,2026-09-16,2026-09-16T18:00:00,2026-09-17T00:00:00,4,3,5,0.92,96,True
FORECAST-000957,COR-05,SEC-15,2026-09-16,2026-09-16T00:00:00,2026-09-16T06:00:00,7,6,8,0.79,175,True
FORECAST-000958,COR-05,SEC-15,2026-09-16,2026-09-16T06:00:00,2026-09-16T12:00:00,4,3,5,0.74,112,True
FORECAST-000959,COR-05,SEC-15,2026-09-16,2026-09-16T12:00:00,2026-09-16T18:00:00,7,6,8,0.91,147,True
FORECAST-000960,COR-05,SEC-15,2026-09-16,2026-09-16T18:00:00,2026-09-17T00:00:00,6,5,7,0.93,120,True
FORECAST-000961,COR-01,SEC-01,2026-09-17,2026-09-17T00:00:00,2026-09-17T06:00:00,2,1,3,0.75,44,True
FORECAST-000962,COR-01,SEC-01,2026-09-17,2026-09-17T06:00:00,2026-09-17T12:00:00,0,0,1,0.73,0,True
FORECAST-000963,COR-01,SEC-01,2026-09-17,2026-09-17T12:00:00,2026-09-17T18:00:00,3,2,4,0.83,60,True
FORECAST-000964,COR-01,SEC-01,2026-09-17,2026-09-17T18:00:00,2026-09-18T00:00:00,2,1,3,0.83,44,True
FORECAST-000965,COR-01,SEC-02,2026-09-17,2026-09-17T00:00:00,2026-09-17T06:00:00,1,0,2,0.82,27,True
FORECAST-000966,COR-01,SEC-02,2026-09-17,2026-09-17T06:00:00,2026-09-17T12:00:00,0,0,1,0.92,0,True
FORECAST-000967,COR-01,SEC-02,2026-09-17,2026-09-17T12:00:00,2026-09-17T18:00:00,1,0,2,0.8,20,True
FORECAST-000968,COR-01,SEC-02,2026-09-17,2026-09-17T18:00:00,2026-09-18T00:00:00,3,1,5,0.82,72,True
FORECAST-000969,COR-01,SEC-03,2026-09-17,2026-09-17T00:00:00,2026-09-17T06:00:00,4,3,5,0.73,92,True
FORECAST-000970,COR-01,SEC-03,2026-09-17,2026-09-17T06:00:00,2026-09-17T12:00:00,4,2,6,0.82,96,True
FORECAST-000971,COR-01,SEC-03,2026-09-17,2026-09-17T12:00:00,2026-09-17T18:00:00,1,0,3,0.91,25,True
FORECAST-000972,COR-01,SEC-03,2026-09-17,2026-09-17T18:00:00,2026-09-18T00:00:00,2,1,3,0.88,40,True
FORECAST-000973,COR-02,SEC-04,2026-09-17,2026-09-17T00:00:00,2026-09-17T06:00:00,4,3,5,0.88,84,True
FORECAST-000974,COR-02,SEC-04,2026-09-17,2026-09-17T06:00:00,2026-09-17T12:00:00,3,1,5,0.92,78,True
FORECAST-000975,COR-02,SEC-04,2026-09-17,2026-09-17T12:00:00,2026-09-17T18:00:00,3,2,4,0.76,69,True
FORECAST-000976,COR-02,SEC-04,2026-09-17,2026-09-17T18:00:00,2026-09-18T00:00:00,0,0,1,0.86,0,True
FORECAST-000977,COR-02,SEC-05,2026-09-17,2026-09-17T00:00:00,2026-09-17T06:00:00,3,1,5,0.77,78,True
FORECAST-000978,COR-02,SEC-05,2026-09-17,2026-09-17T06:00:00,2026-09-17T12:00:00,3,2,4,0.84,63,True
FORECAST-000979,COR-02,SEC-05,2026-09-17,2026-09-17T12:00:00,2026-09-17T18:00:00,1,0,3,0.77,21,True
FORECAST-000980,COR-02,SEC-05,2026-09-17,2026-09-17T18:00:00,2026-09-18T00:00:00,1,0,3,0.86,22,True
FORECAST-000981,COR-02,SEC-06,2026-09-17,2026-09-17T00:00:00,2026-09-17T06:00:00,0,0,1,0.9,0,True
FORECAST-000982,COR-02,SEC-06,2026-09-17,2026-09-17T06:00:00,2026-09-17T12:00:00,4,3,5,0.87,104,True
FORECAST-000983,COR-02,SEC-06,2026-09-17,2026-09-17T12:00:00,2026-09-17T18:00:00,0,0,1,0.74,0,True
FORECAST-000984,COR-02,SEC-06,2026-09-17,2026-09-17T18:00:00,2026-09-18T00:00:00,1,0,2,0.75,24,True
FORECAST-000985,COR-03,SEC-07,2026-09-17,2026-09-17T00:00:00,2026-09-17T06:00:00,2,1,3,0.83,54,True
FORECAST-000986,COR-03,SEC-07,2026-09-17,2026-09-17T06:00:00,2026-09-17T12:00:00,0,0,1,0.73,0,True
FORECAST-000987,COR-03,SEC-07,2026-09-17,2026-09-17T12:00:00,2026-09-17T18:00:00,3,2,4,0.93,57,True
FORECAST-000988,COR-03,SEC-07,2026-09-17,2026-09-17T18:00:00,2026-09-18T00:00:00,0,0,2,0.78,0,True
FORECAST-000989,COR-03,SEC-08,2026-09-17,2026-09-17T00:00:00,2026-09-17T06:00:00,1,0,3,0.91,18,True
FORECAST-000990,COR-03,SEC-08,2026-09-17,2026-09-17T06:00:00,2026-09-17T12:00:00,4,2,6,0.74,92,True
FORECAST-000991,COR-03,SEC-08,2026-09-17,2026-09-17T12:00:00,2026-09-17T18:00:00,3,2,4,0.92,69,True
FORECAST-000992,COR-03,SEC-08,2026-09-17,2026-09-17T18:00:00,2026-09-18T00:00:00,1,0,2,0.81,23,True
FORECAST-000993,COR-03,SEC-09,2026-09-17,2026-09-17T00:00:00,2026-09-17T06:00:00,2,0,4,0.9,42,True
FORECAST-000994,COR-03,SEC-09,2026-09-17,2026-09-17T06:00:00,2026-09-17T12:00:00,3,2,4,0.87,81,True
FORECAST-000995,COR-03,SEC-09,2026-09-17,2026-09-17T12:00:00,2026-09-17T18:00:00,1,0,2,0.76,23,True
FORECAST-000996,COR-03,SEC-09,2026-09-17,2026-09-17T18:00:00,2026-09-18T00:00:00,3,2,4,0.81,54,True
FORECAST-000997,COR-04,SEC-10,2026-09-17,2026-09-17T00:00:00,2026-09-17T06:00:00,2,1,3,0.85,48,True
FORECAST-000998,COR-04,SEC-10,2026-09-17,2026-09-17T06:00:00,2026-09-17T12:00:00,4,3,5,0.87,84,True
FORECAST-000999,COR-04,SEC-10,2026-09-17,2026-09-17T12:00:00,2026-09-17T18:00:00,0,0,1,0.9,0,True
FORECAST-001000,COR-04,SEC-10,2026-09-17,2026-09-17T18:00:00,2026-09-18T00:00:00,2,1,3,0.8,40,True
FORECAST-001001,COR-04,SEC-11,2026-09-17,2026-09-17T00:00:00,2026-09-17T06:00:00,4,3,5,0.82,84,True
FORECAST-001002,COR-04,SEC-11,2026-09-17,2026-09-17T06:00:00,2026-09-17T12:00:00,3,2,4,0.88,57,True
FORECAST-001003,COR-04,SEC-11,2026-09-17,2026-09-17T12:00:00,2026-09-17T18:00:00,2,1,3,0.75,36,True
FORECAST-001004,COR-04,SEC-11,2026-09-17,2026-09-17T18:00:00,2026-09-18T00:00:00,0,0,1,0.76,0,True
FORECAST-001005,COR-04,SEC-12,2026-09-17,2026-09-17T00:00:00,2026-09-17T06:00:00,1,0,2,0.9,23,True
FORECAST-001006,COR-04,SEC-12,2026-09-17,2026-09-17T06:00:00,2026-09-17T12:00:00,0,0,1,0.85,0,True
FORECAST-001007,COR-04,SEC-12,2026-09-17,2026-09-17T12:00:00,2026-09-17T18:00:00,4,2,6,0.89,104,True
FORECAST-001008,COR-04,SEC-12,2026-09-17,2026-09-17T18:00:00,2026-09-18T00:00:00,0,0,1,0.93,0,True
FORECAST-001009,COR-05,SEC-13,2026-09-17,2026-09-17T00:00:00,2026-09-17T06:00:00,7,5,9,0.77,182,True
FORECAST-001010,COR-05,SEC-13,2026-09-17,2026-09-17T06:00:00,2026-09-17T12:00:00,7,6,8,0.76,196,True
FORECAST-001011,COR-05,SEC-13,2026-09-17,2026-09-17T12:00:00,2026-09-17T18:00:00,6,5,7,0.8,108,True
FORECAST-001012,COR-05,SEC-13,2026-09-17,2026-09-17T18:00:00,2026-09-18T00:00:00,7,6,8,0.88,182,True
FORECAST-001013,COR-05,SEC-14,2026-09-17,2026-09-17T00:00:00,2026-09-17T06:00:00,5,4,6,0.75,115,True
FORECAST-001014,COR-05,SEC-14,2026-09-17,2026-09-17T06:00:00,2026-09-17T12:00:00,5,4,6,0.91,135,True
FORECAST-001015,COR-05,SEC-14,2026-09-17,2026-09-17T12:00:00,2026-09-17T18:00:00,3,2,4,0.82,63,True
FORECAST-001016,COR-05,SEC-14,2026-09-17,2026-09-17T18:00:00,2026-09-18T00:00:00,5,3,7,0.89,115,True
FORECAST-001017,COR-05,SEC-15,2026-09-17,2026-09-17T00:00:00,2026-09-17T06:00:00,4,2,6,0.91,76,True
FORECAST-001018,COR-05,SEC-15,2026-09-17,2026-09-17T06:00:00,2026-09-17T12:00:00,6,5,7,0.75,126,True
FORECAST-001019,COR-05,SEC-15,2026-09-17,2026-09-17T12:00:00,2026-09-17T18:00:00,3,1,5,0.83,75,True
FORECAST-001020,COR-05,SEC-15,2026-09-17,2026-09-17T18:00:00,2026-09-18T00:00:00,7,6,8,0.84,133,True
FORECAST-001021,COR-01,SEC-01,2026-09-18,2026-09-18T00:00:00,2026-09-18T06:00:00,2,1,3,0.78,46,True
FORECAST-001022,COR-01,SEC-01,2026-09-18,2026-09-18T06:00:00,2026-09-18T12:00:00,3,2,4,0.81,78,True
FORECAST-001023,COR-01,SEC-01,2026-09-18,2026-09-18T12:00:00,2026-09-18T18:00:00,1,0,3,0.93,18,True
FORECAST-001024,COR-01,SEC-01,2026-09-18,2026-09-18T18:00:00,2026-09-19T00:00:00,1,0,3,0.73,28,True
FORECAST-001025,COR-01,SEC-02,2026-09-18,2026-09-18T00:00:00,2026-09-18T06:00:00,1,0,3,0.89,26,True
FORECAST-001026,COR-01,SEC-02,2026-09-18,2026-09-18T06:00:00,2026-09-18T12:00:00,1,0,2,0.81,23,True
FORECAST-001027,COR-01,SEC-02,2026-09-18,2026-09-18T12:00:00,2026-09-18T18:00:00,3,2,4,0.84,72,True
FORECAST-001028,COR-01,SEC-02,2026-09-18,2026-09-18T18:00:00,2026-09-19T00:00:00,4,3,5,0.73,88,True
FORECAST-001029,COR-01,SEC-03,2026-09-18,2026-09-18T00:00:00,2026-09-18T06:00:00,4,2,6,0.88,84,True
FORECAST-001030,COR-01,SEC-03,2026-09-18,2026-09-18T06:00:00,2026-09-18T12:00:00,2,0,4,0.93,40,True
FORECAST-001031,COR-01,SEC-03,2026-09-18,2026-09-18T12:00:00,2026-09-18T18:00:00,4,2,6,0.88,80,True
FORECAST-001032,COR-01,SEC-03,2026-09-18,2026-09-18T18:00:00,2026-09-19T00:00:00,3,1,5,0.78,75,True
FORECAST-001033,COR-02,SEC-04,2026-09-18,2026-09-18T00:00:00,2026-09-18T06:00:00,4,3,5,0.73,80,True
FORECAST-001034,COR-02,SEC-04,2026-09-18,2026-09-18T06:00:00,2026-09-18T12:00:00,1,0,2,0.76,26,True
FORECAST-001035,COR-02,SEC-04,2026-09-18,2026-09-18T12:00:00,2026-09-18T18:00:00,3,2,4,0.83,63,True
FORECAST-001036,COR-02,SEC-04,2026-09-18,2026-09-18T18:00:00,2026-09-19T00:00:00,3,2,4,0.9,72,True
FORECAST-001037,COR-02,SEC-05,2026-09-18,2026-09-18T00:00:00,2026-09-18T06:00:00,4,3,5,0.78,112,True
FORECAST-001038,COR-02,SEC-05,2026-09-18,2026-09-18T06:00:00,2026-09-18T12:00:00,1,0,2,0.74,25,True
FORECAST-001039,COR-02,SEC-05,2026-09-18,2026-09-18T12:00:00,2026-09-18T18:00:00,1,0,2,0.81,27,True
FORECAST-001040,COR-02,SEC-05,2026-09-18,2026-09-18T18:00:00,2026-09-19T00:00:00,2,0,4,0.8,54,True
FORECAST-001041,COR-02,SEC-06,2026-09-18,2026-09-18T00:00:00,2026-09-18T06:00:00,2,1,3,0.73,36,True
FORECAST-001042,COR-02,SEC-06,2026-09-18,2026-09-18T06:00:00,2026-09-18T12:00:00,0,0,1,0.83,0,True
FORECAST-001043,COR-02,SEC-06,2026-09-18,2026-09-18T12:00:00,2026-09-18T18:00:00,4,2,6,0.8,80,True
FORECAST-001044,COR-02,SEC-06,2026-09-18,2026-09-18T18:00:00,2026-09-19T00:00:00,1,0,2,0.81,25,True
FORECAST-001045,COR-03,SEC-07,2026-09-18,2026-09-18T00:00:00,2026-09-18T06:00:00,1,0,2,0.87,19,True
FORECAST-001046,COR-03,SEC-07,2026-09-18,2026-09-18T06:00:00,2026-09-18T12:00:00,1,0,2,0.91,25,True
FORECAST-001047,COR-03,SEC-07,2026-09-18,2026-09-18T12:00:00,2026-09-18T18:00:00,4,2,6,0.87,100,True
FORECAST-001048,COR-03,SEC-07,2026-09-18,2026-09-18T18:00:00,2026-09-19T00:00:00,0,0,1,0.9,0,True
FORECAST-001049,COR-03,SEC-08,2026-09-18,2026-09-18T00:00:00,2026-09-18T06:00:00,4,2,6,0.75,92,True
FORECAST-001050,COR-03,SEC-08,2026-09-18,2026-09-18T06:00:00,2026-09-18T12:00:00,0,0,2,0.79,0,True
FORECAST-001051,COR-03,SEC-08,2026-09-18,2026-09-18T12:00:00,2026-09-18T18:00:00,2,0,4,0.92,46,True
FORECAST-001052,COR-03,SEC-08,2026-09-18,2026-09-18T18:00:00,2026-09-19T00:00:00,3,2,4,0.8,54,True
FORECAST-001053,COR-03,SEC-09,2026-09-18,2026-09-18T00:00:00,2026-09-18T06:00:00,3,1,5,0.77,75,True
FORECAST-001054,COR-03,SEC-09,2026-09-18,2026-09-18T06:00:00,2026-09-18T12:00:00,4,3,5,0.85,84,True
FORECAST-001055,COR-03,SEC-09,2026-09-18,2026-09-18T12:00:00,2026-09-18T18:00:00,4,3,5,0.82,108,True
FORECAST-001056,COR-03,SEC-09,2026-09-18,2026-09-18T18:00:00,2026-09-19T00:00:00,1,0,3,0.93,23,True
FORECAST-001057,COR-04,SEC-10,2026-09-18,2026-09-18T00:00:00,2026-09-18T06:00:00,2,1,3,0.83,38,True
FORECAST-001058,COR-04,SEC-10,2026-09-18,2026-09-18T06:00:00,2026-09-18T12:00:00,1,0,2,0.75,24,True
FORECAST-001059,COR-04,SEC-10,2026-09-18,2026-09-18T12:00:00,2026-09-18T18:00:00,2,1,3,0.73,36,True
FORECAST-001060,COR-04,SEC-10,2026-09-18,2026-09-18T18:00:00,2026-09-19T00:00:00,2,0,4,0.91,44,True
FORECAST-001061,COR-04,SEC-11,2026-09-18,2026-09-18T00:00:00,2026-09-18T06:00:00,2,0,4,0.93,48,True
FORECAST-001062,COR-04,SEC-11,2026-09-18,2026-09-18T06:00:00,2026-09-18T12:00:00,2,1,3,0.79,54,True
FORECAST-001063,COR-04,SEC-11,2026-09-18,2026-09-18T12:00:00,2026-09-18T18:00:00,3,2,4,0.8,57,True
FORECAST-001064,COR-04,SEC-11,2026-09-18,2026-09-18T18:00:00,2026-09-19T00:00:00,1,0,2,0.89,22,True
FORECAST-001065,COR-04,SEC-12,2026-09-18,2026-09-18T00:00:00,2026-09-18T06:00:00,0,0,1,0.92,0,True
FORECAST-001066,COR-04,SEC-12,2026-09-18,2026-09-18T06:00:00,2026-09-18T12:00:00,1,0,2,0.89,27,True
FORECAST-001067,COR-04,SEC-12,2026-09-18,2026-09-18T12:00:00,2026-09-18T18:00:00,4,2,6,0.86,108,True
FORECAST-001068,COR-04,SEC-12,2026-09-18,2026-09-18T18:00:00,2026-09-19T00:00:00,4,2,6,0.77,112,True
FORECAST-001069,COR-05,SEC-13,2026-09-18,2026-09-18T00:00:00,2026-09-18T06:00:00,5,3,7,0.93,140,True
FORECAST-001070,COR-05,SEC-13,2026-09-18,2026-09-18T06:00:00,2026-09-18T12:00:00,6,5,7,0.74,132,True
FORECAST-001071,COR-05,SEC-13,2026-09-18,2026-09-18T12:00:00,2026-09-18T18:00:00,3,2,4,0.85,63,True
FORECAST-001072,COR-05,SEC-13,2026-09-18,2026-09-18T18:00:00,2026-09-19T00:00:00,7,5,9,0.77,154,True
FORECAST-001073,COR-05,SEC-14,2026-09-18,2026-09-18T00:00:00,2026-09-18T06:00:00,4,3,5,0.81,104,True
FORECAST-001074,COR-05,SEC-14,2026-09-18,2026-09-18T06:00:00,2026-09-18T12:00:00,7,6,8,0.92,189,True
FORECAST-001075,COR-05,SEC-14,2026-09-18,2026-09-18T12:00:00,2026-09-18T18:00:00,5,4,6,0.89,130,True
FORECAST-001076,COR-05,SEC-14,2026-09-18,2026-09-18T18:00:00,2026-09-19T00:00:00,4,3,5,0.76,88,True
FORECAST-001077,COR-05,SEC-15,2026-09-18,2026-09-18T00:00:00,2026-09-18T06:00:00,5,4,6,0.73,110,True
FORECAST-001078,COR-05,SEC-15,2026-09-18,2026-09-18T06:00:00,2026-09-18T12:00:00,3,2,4,0.78,72,True
FORECAST-001079,COR-05,SEC-15,2026-09-18,2026-09-18T12:00:00,2026-09-18T18:00:00,5,4,6,0.79,90,True
FORECAST-001080,COR-05,SEC-15,2026-09-18,2026-09-18T18:00:00,2026-09-19T00:00:00,7,5,9,0.92,189,True
FORECAST-001081,COR-01,SEC-01,2026-09-19,2026-09-19T00:00:00,2026-09-19T06:00:00,3,1,5,0.9,60,True
FORECAST-001082,COR-01,SEC-01,2026-09-19,2026-09-19T06:00:00,2026-09-19T12:00:00,0,0,1,0.83,0,True
FORECAST-001083,COR-01,SEC-01,2026-09-19,2026-09-19T12:00:00,2026-09-19T18:00:00,4,3,5,0.73,104,True
FORECAST-001084,COR-01,SEC-01,2026-09-19,2026-09-19T18:00:00,2026-09-20T00:00:00,4,2,6,0.87,80,True
FORECAST-001085,COR-01,SEC-02,2026-09-19,2026-09-19T00:00:00,2026-09-19T06:00:00,4,3,5,0.85,84,True
FORECAST-001086,COR-01,SEC-02,2026-09-19,2026-09-19T06:00:00,2026-09-19T12:00:00,3,1,5,0.9,66,True
FORECAST-001087,COR-01,SEC-02,2026-09-19,2026-09-19T12:00:00,2026-09-19T18:00:00,1,0,2,0.94,23,True
FORECAST-001088,COR-01,SEC-02,2026-09-19,2026-09-19T18:00:00,2026-09-20T00:00:00,1,0,3,0.83,18,True
FORECAST-001089,COR-01,SEC-03,2026-09-19,2026-09-19T00:00:00,2026-09-19T06:00:00,2,1,3,0.92,46,True
FORECAST-001090,COR-01,SEC-03,2026-09-19,2026-09-19T06:00:00,2026-09-19T12:00:00,2,1,3,0.93,48,True
FORECAST-001091,COR-01,SEC-03,2026-09-19,2026-09-19T12:00:00,2026-09-19T18:00:00,0,0,1,0.85,0,True
FORECAST-001092,COR-01,SEC-03,2026-09-19,2026-09-19T18:00:00,2026-09-20T00:00:00,3,2,4,0.87,57,True
FORECAST-001093,COR-02,SEC-04,2026-09-19,2026-09-19T00:00:00,2026-09-19T06:00:00,3,1,5,0.79,84,True
FORECAST-001094,COR-02,SEC-04,2026-09-19,2026-09-19T06:00:00,2026-09-19T12:00:00,3,2,4,0.87,66,True
FORECAST-001095,COR-02,SEC-04,2026-09-19,2026-09-19T12:00:00,2026-09-19T18:00:00,2,1,3,0.88,52,True
FORECAST-001096,COR-02,SEC-04,2026-09-19,2026-09-19T18:00:00,2026-09-20T00:00:00,0,0,1,0.78,0,True
FORECAST-001097,COR-02,SEC-05,2026-09-19,2026-09-19T00:00:00,2026-09-19T06:00:00,1,0,2,0.91,26,True
FORECAST-001098,COR-02,SEC-05,2026-09-19,2026-09-19T06:00:00,2026-09-19T12:00:00,0,0,1,0.83,0,True
FORECAST-001099,COR-02,SEC-05,2026-09-19,2026-09-19T12:00:00,2026-09-19T18:00:00,0,0,1,0.77,0,True
FORECAST-001100,COR-02,SEC-05,2026-09-19,2026-09-19T18:00:00,2026-09-20T00:00:00,1,0,2,0.74,22,True
FORECAST-001101,COR-02,SEC-06,2026-09-19,2026-09-19T00:00:00,2026-09-19T06:00:00,3,2,4,0.92,81,True
FORECAST-001102,COR-02,SEC-06,2026-09-19,2026-09-19T06:00:00,2026-09-19T12:00:00,2,1,3,0.84,52,True
FORECAST-001103,COR-02,SEC-06,2026-09-19,2026-09-19T12:00:00,2026-09-19T18:00:00,2,0,4,0.81,50,True
FORECAST-001104,COR-02,SEC-06,2026-09-19,2026-09-19T18:00:00,2026-09-20T00:00:00,4,2,6,0.73,100,True
FORECAST-001105,COR-03,SEC-07,2026-09-19,2026-09-19T00:00:00,2026-09-19T06:00:00,2,1,3,0.88,52,True
FORECAST-001106,COR-03,SEC-07,2026-09-19,2026-09-19T06:00:00,2026-09-19T12:00:00,2,1,3,0.75,44,True
FORECAST-001107,COR-03,SEC-07,2026-09-19,2026-09-19T12:00:00,2026-09-19T18:00:00,3,2,4,0.79,81,True
FORECAST-001108,COR-03,SEC-07,2026-09-19,2026-09-19T18:00:00,2026-09-20T00:00:00,1,0,3,0.79,22,True
FORECAST-001109,COR-03,SEC-08,2026-09-19,2026-09-19T00:00:00,2026-09-19T06:00:00,4,3,5,0.87,72,True
FORECAST-001110,COR-03,SEC-08,2026-09-19,2026-09-19T06:00:00,2026-09-19T12:00:00,2,0,4,0.87,46,True
FORECAST-001111,COR-03,SEC-08,2026-09-19,2026-09-19T12:00:00,2026-09-19T18:00:00,2,1,3,0.81,36,True
FORECAST-001112,COR-03,SEC-08,2026-09-19,2026-09-19T18:00:00,2026-09-20T00:00:00,0,0,1,0.91,0,True
FORECAST-001113,COR-03,SEC-09,2026-09-19,2026-09-19T00:00:00,2026-09-19T06:00:00,3,1,5,0.8,75,True
FORECAST-001114,COR-03,SEC-09,2026-09-19,2026-09-19T06:00:00,2026-09-19T12:00:00,0,0,1,0.77,0,True
FORECAST-001115,COR-03,SEC-09,2026-09-19,2026-09-19T12:00:00,2026-09-19T18:00:00,2,1,3,0.87,36,True
FORECAST-001116,COR-03,SEC-09,2026-09-19,2026-09-19T18:00:00,2026-09-20T00:00:00,0,0,2,0.75,0,True
FORECAST-001117,COR-04,SEC-10,2026-09-19,2026-09-19T00:00:00,2026-09-19T06:00:00,0,0,2,0.76,0,True
FORECAST-001118,COR-04,SEC-10,2026-09-19,2026-09-19T06:00:00,2026-09-19T12:00:00,0,0,1,0.82,0,True
FORECAST-001119,COR-04,SEC-10,2026-09-19,2026-09-19T12:00:00,2026-09-19T18:00:00,4,3,5,0.88,112,True
FORECAST-001120,COR-04,SEC-10,2026-09-19,2026-09-19T18:00:00,2026-09-20T00:00:00,0,0,2,0.82,0,True
FORECAST-001121,COR-04,SEC-11,2026-09-19,2026-09-19T00:00:00,2026-09-19T06:00:00,0,0,1,0.77,0,True
FORECAST-001122,COR-04,SEC-11,2026-09-19,2026-09-19T06:00:00,2026-09-19T12:00:00,4,2,6,0.81,88,True
FORECAST-001123,COR-04,SEC-11,2026-09-19,2026-09-19T12:00:00,2026-09-19T18:00:00,4,3,5,0.79,76,True
FORECAST-001124,COR-04,SEC-11,2026-09-19,2026-09-19T18:00:00,2026-09-20T00:00:00,4,3,5,0.89,96,True
FORECAST-001125,COR-04,SEC-12,2026-09-19,2026-09-19T00:00:00,2026-09-19T06:00:00,0,0,1,0.93,0,True
FORECAST-001126,COR-04,SEC-12,2026-09-19,2026-09-19T06:00:00,2026-09-19T12:00:00,4,3,5,0.72,108,True
FORECAST-001127,COR-04,SEC-12,2026-09-19,2026-09-19T12:00:00,2026-09-19T18:00:00,1,0,3,0.91,27,True
FORECAST-001128,COR-04,SEC-12,2026-09-19,2026-09-19T18:00:00,2026-09-20T00:00:00,0,0,1,0.89,0,True
FORECAST-001129,COR-05,SEC-13,2026-09-19,2026-09-19T00:00:00,2026-09-19T06:00:00,4,2,6,0.94,84,True
FORECAST-001130,COR-05,SEC-13,2026-09-19,2026-09-19T06:00:00,2026-09-19T12:00:00,4,3,5,0.94,80,True
FORECAST-001131,COR-05,SEC-13,2026-09-19,2026-09-19T12:00:00,2026-09-19T18:00:00,3,2,4,0.76,60,True
FORECAST-001132,COR-05,SEC-13,2026-09-19,2026-09-19T18:00:00,2026-09-20T00:00:00,3,2,4,0.88,54,True
FORECAST-001133,COR-05,SEC-14,2026-09-19,2026-09-19T00:00:00,2026-09-19T06:00:00,7,6,8,0.86,168,True
FORECAST-001134,COR-05,SEC-14,2026-09-19,2026-09-19T06:00:00,2026-09-19T12:00:00,6,5,7,0.85,144,True
FORECAST-001135,COR-05,SEC-14,2026-09-19,2026-09-19T12:00:00,2026-09-19T18:00:00,4,2,6,0.77,112,True
FORECAST-001136,COR-05,SEC-14,2026-09-19,2026-09-19T18:00:00,2026-09-20T00:00:00,5,4,6,0.84,120,True
FORECAST-001137,COR-05,SEC-15,2026-09-19,2026-09-19T00:00:00,2026-09-19T06:00:00,3,2,4,0.83,57,True
FORECAST-001138,COR-05,SEC-15,2026-09-19,2026-09-19T06:00:00,2026-09-19T12:00:00,6,5,7,0.73,108,True
FORECAST-001139,COR-05,SEC-15,2026-09-19,2026-09-19T12:00:00,2026-09-19T18:00:00,7,6,8,0.76,140,True
FORECAST-001140,COR-05,SEC-15,2026-09-19,2026-09-19T18:00:00,2026-09-20T00:00:00,5,4,6,0.9,125,True
FORECAST-001141,COR-01,SEC-01,2026-09-20,2026-09-20T00:00:00,2026-09-20T06:00:00,4,3,5,0.9,72,True
FORECAST-001142,COR-01,SEC-01,2026-09-20,2026-09-20T06:00:00,2026-09-20T12:00:00,2,1,3,0.73,38,True
FORECAST-001143,COR-01,SEC-01,2026-09-20,2026-09-20T12:00:00,2026-09-20T18:00:00,0,0,1,0.89,0,True
FORECAST-001144,COR-01,SEC-01,2026-09-20,2026-09-20T18:00:00,2026-09-21T00:00:00,3,2,4,0.89,75,True
FORECAST-001145,COR-01,SEC-02,2026-09-20,2026-09-20T00:00:00,2026-09-20T06:00:00,3,2,4,0.77,60,True
FORECAST-001146,COR-01,SEC-02,2026-09-20,2026-09-20T06:00:00,2026-09-20T12:00:00,0,0,1,0.75,0,True
FORECAST-001147,COR-01,SEC-02,2026-09-20,2026-09-20T12:00:00,2026-09-20T18:00:00,3,2,4,0.85,78,True
FORECAST-001148,COR-01,SEC-02,2026-09-20,2026-09-20T18:00:00,2026-09-21T00:00:00,3,1,5,0.9,81,True
FORECAST-001149,COR-01,SEC-03,2026-09-20,2026-09-20T00:00:00,2026-09-20T06:00:00,3,2,4,0.85,54,True
FORECAST-001150,COR-01,SEC-03,2026-09-20,2026-09-20T06:00:00,2026-09-20T12:00:00,2,0,4,0.79,46,True
FORECAST-001151,COR-01,SEC-03,2026-09-20,2026-09-20T12:00:00,2026-09-20T18:00:00,3,2,4,0.9,78,True
FORECAST-001152,COR-01,SEC-03,2026-09-20,2026-09-20T18:00:00,2026-09-21T00:00:00,1,0,2,0.88,27,True
FORECAST-001153,COR-02,SEC-04,2026-09-20,2026-09-20T00:00:00,2026-09-20T06:00:00,4,2,6,0.79,96,True
FORECAST-001154,COR-02,SEC-04,2026-09-20,2026-09-20T06:00:00,2026-09-20T12:00:00,4,2,6,0.83,104,True
FORECAST-001155,COR-02,SEC-04,2026-09-20,2026-09-20T12:00:00,2026-09-20T18:00:00,3,2,4,0.76,60,True
FORECAST-001156,COR-02,SEC-04,2026-09-20,2026-09-20T18:00:00,2026-09-21T00:00:00,4,3,5,0.92,84,True
FORECAST-001157,COR-02,SEC-05,2026-09-20,2026-09-20T00:00:00,2026-09-20T06:00:00,1,0,3,0.82,25,True
FORECAST-001158,COR-02,SEC-05,2026-09-20,2026-09-20T06:00:00,2026-09-20T12:00:00,1,0,2,0.72,24,True
FORECAST-001159,COR-02,SEC-05,2026-09-20,2026-09-20T12:00:00,2026-09-20T18:00:00,0,0,2,0.93,0,True
FORECAST-001160,COR-02,SEC-05,2026-09-20,2026-09-20T18:00:00,2026-09-21T00:00:00,0,0,2,0.87,0,True
FORECAST-001161,COR-02,SEC-06,2026-09-20,2026-09-20T00:00:00,2026-09-20T06:00:00,2,1,3,0.81,42,True
FORECAST-001162,COR-02,SEC-06,2026-09-20,2026-09-20T06:00:00,2026-09-20T12:00:00,0,0,1,0.92,0,True
FORECAST-001163,COR-02,SEC-06,2026-09-20,2026-09-20T12:00:00,2026-09-20T18:00:00,3,1,5,0.85,72,True
FORECAST-001164,COR-02,SEC-06,2026-09-20,2026-09-20T18:00:00,2026-09-21T00:00:00,2,0,4,0.82,46,True
FORECAST-001165,COR-03,SEC-07,2026-09-20,2026-09-20T00:00:00,2026-09-20T06:00:00,2,1,3,0.87,54,True
FORECAST-001166,COR-03,SEC-07,2026-09-20,2026-09-20T06:00:00,2026-09-20T12:00:00,1,0,2,0.9,19,True
FORECAST-001167,COR-03,SEC-07,2026-09-20,2026-09-20T12:00:00,2026-09-20T18:00:00,4,3,5,0.89,72,True
FORECAST-001168,COR-03,SEC-07,2026-09-20,2026-09-20T18:00:00,2026-09-21T00:00:00,2,1,3,0.81,52,True
FORECAST-001169,COR-03,SEC-08,2026-09-20,2026-09-20T00:00:00,2026-09-20T06:00:00,0,0,1,0.83,0,True
FORECAST-001170,COR-03,SEC-08,2026-09-20,2026-09-20T06:00:00,2026-09-20T12:00:00,1,0,2,0.75,22,True
FORECAST-001171,COR-03,SEC-08,2026-09-20,2026-09-20T12:00:00,2026-09-20T18:00:00,1,0,2,0.8,22,True
FORECAST-001172,COR-03,SEC-08,2026-09-20,2026-09-20T18:00:00,2026-09-21T00:00:00,0,0,1,0.72,0,True
FORECAST-001173,COR-03,SEC-09,2026-09-20,2026-09-20T00:00:00,2026-09-20T06:00:00,1,0,3,0.86,20,True
FORECAST-001174,COR-03,SEC-09,2026-09-20,2026-09-20T06:00:00,2026-09-20T12:00:00,4,3,5,0.84,88,True
FORECAST-001175,COR-03,SEC-09,2026-09-20,2026-09-20T12:00:00,2026-09-20T18:00:00,0,0,2,0.9,0,True
FORECAST-001176,COR-03,SEC-09,2026-09-20,2026-09-20T18:00:00,2026-09-21T00:00:00,2,0,4,0.77,50,True
FORECAST-001177,COR-04,SEC-10,2026-09-20,2026-09-20T00:00:00,2026-09-20T06:00:00,2,1,3,0.94,40,True
FORECAST-001178,COR-04,SEC-10,2026-09-20,2026-09-20T06:00:00,2026-09-20T12:00:00,0,0,2,0.9,0,True
FORECAST-001179,COR-04,SEC-10,2026-09-20,2026-09-20T12:00:00,2026-09-20T18:00:00,4,3,5,0.75,92,True
FORECAST-001180,COR-04,SEC-10,2026-09-20,2026-09-20T18:00:00,2026-09-21T00:00:00,4,3,5,0.76,104,True
FORECAST-001181,COR-04,SEC-11,2026-09-20,2026-09-20T00:00:00,2026-09-20T06:00:00,0,0,1,0.81,0,True
FORECAST-001182,COR-04,SEC-11,2026-09-20,2026-09-20T06:00:00,2026-09-20T12:00:00,2,1,3,0.85,48,True
FORECAST-001183,COR-04,SEC-11,2026-09-20,2026-09-20T12:00:00,2026-09-20T18:00:00,4,3,5,0.9,96,True
FORECAST-001184,COR-04,SEC-11,2026-09-20,2026-09-20T18:00:00,2026-09-21T00:00:00,3,2,4,0.89,75,True
FORECAST-001185,COR-04,SEC-12,2026-09-20,2026-09-20T00:00:00,2026-09-20T06:00:00,3,2,4,0.93,60,True
FORECAST-001186,COR-04,SEC-12,2026-09-20,2026-09-20T06:00:00,2026-09-20T12:00:00,1,0,2,0.79,21,True
FORECAST-001187,COR-04,SEC-12,2026-09-20,2026-09-20T12:00:00,2026-09-20T18:00:00,2,1,3,0.76,40,True
FORECAST-001188,COR-04,SEC-12,2026-09-20,2026-09-20T18:00:00,2026-09-21T00:00:00,3,2,4,0.87,66,True
FORECAST-001189,COR-05,SEC-13,2026-09-20,2026-09-20T00:00:00,2026-09-20T06:00:00,5,4,6,0.92,110,True
FORECAST-001190,COR-05,SEC-13,2026-09-20,2026-09-20T06:00:00,2026-09-20T12:00:00,6,4,8,0.77,168,True
FORECAST-001191,COR-05,SEC-13,2026-09-20,2026-09-20T12:00:00,2026-09-20T18:00:00,5,4,6,0.73,110,True
FORECAST-001192,COR-05,SEC-13,2026-09-20,2026-09-20T18:00:00,2026-09-21T00:00:00,3,2,4,0.84,78,True
FORECAST-001193,COR-05,SEC-14,2026-09-20,2026-09-20T00:00:00,2026-09-20T06:00:00,7,5,9,0.82,126,True
FORECAST-001194,COR-05,SEC-14,2026-09-20,2026-09-20T06:00:00,2026-09-20T12:00:00,7,6,8,0.93,196,True
FORECAST-001195,COR-05,SEC-14,2026-09-20,2026-09-20T12:00:00,2026-09-20T18:00:00,5,4,6,0.89,95,True
FORECAST-001196,COR-05,SEC-14,2026-09-20,2026-09-20T18:00:00,2026-09-21T00:00:00,6,5,7,0.81,132,True
FORECAST-001197,COR-05,SEC-15,2026-09-20,2026-09-20T00:00:00,2026-09-20T06:00:00,5,4,6,0.91,105,True
FORECAST-001198,COR-05,SEC-15,2026-09-20,2026-09-20T06:00:00,2026-09-20T12:00:00,4,2,6,0.85,80,True
FORECAST-001199,COR-05,SEC-15,2026-09-20,2026-09-20T12:00:00,2026-09-20T18:00:00,7,6,8,0.72,133,True
FORECAST-001200,COR-05,SEC-15,2026-09-20,2026-09-20T18:00:00,2026-09-21T00:00:00,7,5,9,0.85,168,True
FORECAST-001201,COR-01,SEC-01,2026-09-21,2026-09-21T00:00:00,2026-09-21T06:00:00,1,0,3,0.9,19,True
FORECAST-001202,COR-01,SEC-01,2026-09-21,2026-09-21T06:00:00,2026-09-21T12:00:00,2,0,4,0.94,54,True
FORECAST-001203,COR-01,SEC-01,2026-09-21,2026-09-21T12:00:00,2026-09-21T18:00:00,0,0,1,0.9,0,True
FORECAST-001204,COR-01,SEC-01,2026-09-21,2026-09-21T18:00:00,2026-09-22T00:00:00,0,0,2,0.81,0,True
FORECAST-001205,COR-01,SEC-02,2026-09-21,2026-09-21T00:00:00,2026-09-21T06:00:00,0,0,1,0.8,0,True
FORECAST-001206,COR-01,SEC-02,2026-09-21,2026-09-21T06:00:00,2026-09-21T12:00:00,2,0,4,0.73,44,True
FORECAST-001207,COR-01,SEC-02,2026-09-21,2026-09-21T12:00:00,2026-09-21T18:00:00,3,2,4,0.81,78,True
FORECAST-001208,COR-01,SEC-02,2026-09-21,2026-09-21T18:00:00,2026-09-22T00:00:00,3,1,5,0.84,63,True
FORECAST-001209,COR-01,SEC-03,2026-09-21,2026-09-21T00:00:00,2026-09-21T06:00:00,0,0,1,0.81,0,True
FORECAST-001210,COR-01,SEC-03,2026-09-21,2026-09-21T06:00:00,2026-09-21T12:00:00,1,0,3,0.76,21,True
FORECAST-001211,COR-01,SEC-03,2026-09-21,2026-09-21T12:00:00,2026-09-21T18:00:00,4,2,6,0.89,112,True
FORECAST-001212,COR-01,SEC-03,2026-09-21,2026-09-21T18:00:00,2026-09-22T00:00:00,4,2,6,0.83,76,True
FORECAST-001213,COR-02,SEC-04,2026-09-21,2026-09-21T00:00:00,2026-09-21T06:00:00,2,1,3,0.76,52,True
FORECAST-001214,COR-02,SEC-04,2026-09-21,2026-09-21T06:00:00,2026-09-21T12:00:00,3,1,5,0.86,54,True
FORECAST-001215,COR-02,SEC-04,2026-09-21,2026-09-21T12:00:00,2026-09-21T18:00:00,3,2,4,0.79,72,True
FORECAST-001216,COR-02,SEC-04,2026-09-21,2026-09-21T18:00:00,2026-09-22T00:00:00,3,1,5,0.89,81,True
FORECAST-001217,COR-02,SEC-05,2026-09-21,2026-09-21T00:00:00,2026-09-21T06:00:00,2,0,4,0.8,40,True
FORECAST-001218,COR-02,SEC-05,2026-09-21,2026-09-21T06:00:00,2026-09-21T12:00:00,4,3,5,0.89,104,True
FORECAST-001219,COR-02,SEC-05,2026-09-21,2026-09-21T12:00:00,2026-09-21T18:00:00,4,3,5,0.91,76,True
FORECAST-001220,COR-02,SEC-05,2026-09-21,2026-09-21T18:00:00,2026-09-22T00:00:00,2,1,3,0.9,52,True
FORECAST-001221,COR-02,SEC-06,2026-09-21,2026-09-21T00:00:00,2026-09-21T06:00:00,3,2,4,0.78,60,True
FORECAST-001222,COR-02,SEC-06,2026-09-21,2026-09-21T06:00:00,2026-09-21T12:00:00,2,1,3,0.9,40,True
FORECAST-001223,COR-02,SEC-06,2026-09-21,2026-09-21T12:00:00,2026-09-21T18:00:00,2,1,3,0.81,50,True
FORECAST-001224,COR-02,SEC-06,2026-09-21,2026-09-21T18:00:00,2026-09-22T00:00:00,3,2,4,0.9,69,True
FORECAST-001225,COR-03,SEC-07,2026-09-21,2026-09-21T00:00:00,2026-09-21T06:00:00,1,0,3,0.75,28,True
FORECAST-001226,COR-03,SEC-07,2026-09-21,2026-09-21T06:00:00,2026-09-21T12:00:00,1,0,2,0.76,19,True
FORECAST-001227,COR-03,SEC-07,2026-09-21,2026-09-21T12:00:00,2026-09-21T18:00:00,1,0,3,0.94,21,True
FORECAST-001228,COR-03,SEC-07,2026-09-21,2026-09-21T18:00:00,2026-09-22T00:00:00,1,0,3,0.72,26,True
FORECAST-001229,COR-03,SEC-08,2026-09-21,2026-09-21T00:00:00,2026-09-21T06:00:00,3,1,5,0.85,78,True
FORECAST-001230,COR-03,SEC-08,2026-09-21,2026-09-21T06:00:00,2026-09-21T12:00:00,0,0,1,0.78,0,True
FORECAST-001231,COR-03,SEC-08,2026-09-21,2026-09-21T12:00:00,2026-09-21T18:00:00,3,1,5,0.93,69,True
FORECAST-001232,COR-03,SEC-08,2026-09-21,2026-09-21T18:00:00,2026-09-22T00:00:00,2,1,3,0.91,52,True
FORECAST-001233,COR-03,SEC-09,2026-09-21,2026-09-21T00:00:00,2026-09-21T06:00:00,0,0,2,0.78,0,True
FORECAST-001234,COR-03,SEC-09,2026-09-21,2026-09-21T06:00:00,2026-09-21T12:00:00,0,0,1,0.84,0,True
FORECAST-001235,COR-03,SEC-09,2026-09-21,2026-09-21T12:00:00,2026-09-21T18:00:00,3,2,4,0.86,54,True
FORECAST-001236,COR-03,SEC-09,2026-09-21,2026-09-21T18:00:00,2026-09-22T00:00:00,2,1,3,0.89,56,True
FORECAST-001237,COR-04,SEC-10,2026-09-21,2026-09-21T00:00:00,2026-09-21T06:00:00,0,0,1,0.77,0,True
FORECAST-001238,COR-04,SEC-10,2026-09-21,2026-09-21T06:00:00,2026-09-21T12:00:00,3,1,5,0.9,84,True
FORECAST-001239,COR-04,SEC-10,2026-09-21,2026-09-21T12:00:00,2026-09-21T18:00:00,0,0,1,0.86,0,True
FORECAST-001240,COR-04,SEC-10,2026-09-21,2026-09-21T18:00:00,2026-09-22T00:00:00,1,0,2,0.93,21,True
FORECAST-001241,COR-04,SEC-11,2026-09-21,2026-09-21T00:00:00,2026-09-21T06:00:00,4,3,5,0.93,104,True
FORECAST-001242,COR-04,SEC-11,2026-09-21,2026-09-21T06:00:00,2026-09-21T12:00:00,3,1,5,0.92,60,True
FORECAST-001243,COR-04,SEC-11,2026-09-21,2026-09-21T12:00:00,2026-09-21T18:00:00,0,0,1,0.89,0,True
FORECAST-001244,COR-04,SEC-11,2026-09-21,2026-09-21T18:00:00,2026-09-22T00:00:00,4,3,5,0.92,72,True
FORECAST-001245,COR-04,SEC-12,2026-09-21,2026-09-21T00:00:00,2026-09-21T06:00:00,1,0,2,0.85,19,True
FORECAST-001246,COR-04,SEC-12,2026-09-21,2026-09-21T06:00:00,2026-09-21T12:00:00,3,2,4,0.91,63,True
FORECAST-001247,COR-04,SEC-12,2026-09-21,2026-09-21T12:00:00,2026-09-21T18:00:00,0,0,1,0.93,0,True
FORECAST-001248,COR-04,SEC-12,2026-09-21,2026-09-21T18:00:00,2026-09-22T00:00:00,0,0,1,0.74,0,True
FORECAST-001249,COR-05,SEC-13,2026-09-21,2026-09-21T00:00:00,2026-09-21T06:00:00,4,3,5,0.82,88,True
FORECAST-001250,COR-05,SEC-13,2026-09-21,2026-09-21T06:00:00,2026-09-21T12:00:00,5,3,7,0.93,110,True
FORECAST-001251,COR-05,SEC-13,2026-09-21,2026-09-21T12:00:00,2026-09-21T18:00:00,6,5,7,0.92,132,True
FORECAST-001252,COR-05,SEC-13,2026-09-21,2026-09-21T18:00:00,2026-09-22T00:00:00,7,5,9,0.89,161,True
FORECAST-001253,COR-05,SEC-14,2026-09-21,2026-09-21T00:00:00,2026-09-21T06:00:00,6,5,7,0.79,138,True
FORECAST-001254,COR-05,SEC-14,2026-09-21,2026-09-21T06:00:00,2026-09-21T12:00:00,5,4,6,0.78,105,True
FORECAST-001255,COR-05,SEC-14,2026-09-21,2026-09-21T12:00:00,2026-09-21T18:00:00,7,5,9,0.76,182,True
FORECAST-001256,COR-05,SEC-14,2026-09-21,2026-09-21T18:00:00,2026-09-22T00:00:00,4,2,6,0.74,72,True
FORECAST-001257,COR-05,SEC-15,2026-09-21,2026-09-21T00:00:00,2026-09-21T06:00:00,3,2,4,0.88,84,True
FORECAST-001258,COR-05,SEC-15,2026-09-21,2026-09-21T06:00:00,2026-09-21T12:00:00,5,4,6,0.72,95,True
FORECAST-001259,COR-05,SEC-15,2026-09-21,2026-09-21T12:00:00,2026-09-21T18:00:00,5,4,6,0.84,90,True
FORECAST-001260,COR-05,SEC-15,2026-09-21,2026-09-21T18:00:00,2026-09-22T00:00:00,6,5,7,0.76,126,True
FORECAST-001261,COR-01,SEC-01,2026-09-22,2026-09-22T00:00:00,2026-09-22T06:00:00,3,2,4,0.8,78,True
FORECAST-001262,COR-01,SEC-01,2026-09-22,2026-09-22T06:00:00,2026-09-22T12:00:00,2,0,4,0.87,48,True
FORECAST-001263,COR-01,SEC-01,2026-09-22,2026-09-22T12:00:00,2026-09-22T18:00:00,3,2,4,0.83,66,True
FORECAST-001264,COR-01,SEC-01,2026-09-22,2026-09-22T18:00:00,2026-09-23T00:00:00,2,1,3,0.9,52,True
FORECAST-001265,COR-01,SEC-02,2026-09-22,2026-09-22T00:00:00,2026-09-22T06:00:00,2,1,3,0.9,46,True
FORECAST-001266,COR-01,SEC-02,2026-09-22,2026-09-22T06:00:00,2026-09-22T12:00:00,2,1,3,0.84,48,True
FORECAST-001267,COR-01,SEC-02,2026-09-22,2026-09-22T12:00:00,2026-09-22T18:00:00,2,1,3,0.87,50,True
FORECAST-001268,COR-01,SEC-02,2026-09-22,2026-09-22T18:00:00,2026-09-23T00:00:00,1,0,2,0.73,22,True
FORECAST-001269,COR-01,SEC-03,2026-09-22,2026-09-22T00:00:00,2026-09-22T06:00:00,0,0,2,0.75,0,True
FORECAST-001270,COR-01,SEC-03,2026-09-22,2026-09-22T06:00:00,2026-09-22T12:00:00,2,1,3,0.79,38,True
FORECAST-001271,COR-01,SEC-03,2026-09-22,2026-09-22T12:00:00,2026-09-22T18:00:00,2,1,3,0.85,42,True
FORECAST-001272,COR-01,SEC-03,2026-09-22,2026-09-22T18:00:00,2026-09-23T00:00:00,2,1,3,0.89,52,True
FORECAST-001273,COR-02,SEC-04,2026-09-22,2026-09-22T00:00:00,2026-09-22T06:00:00,2,1,3,0.75,42,True
FORECAST-001274,COR-02,SEC-04,2026-09-22,2026-09-22T06:00:00,2026-09-22T12:00:00,1,0,2,0.91,26,True
FORECAST-001275,COR-02,SEC-04,2026-09-22,2026-09-22T12:00:00,2026-09-22T18:00:00,3,2,4,0.88,72,True
FORECAST-001276,COR-02,SEC-04,2026-09-22,2026-09-22T18:00:00,2026-09-23T00:00:00,1,0,2,0.88,23,True
FORECAST-001277,COR-02,SEC-05,2026-09-22,2026-09-22T00:00:00,2026-09-22T06:00:00,2,0,4,0.79,48,True
FORECAST-001278,COR-02,SEC-05,2026-09-22,2026-09-22T06:00:00,2026-09-22T12:00:00,2,1,3,0.93,50,True
FORECAST-001279,COR-02,SEC-05,2026-09-22,2026-09-22T12:00:00,2026-09-22T18:00:00,2,1,3,0.84,46,True
FORECAST-001280,COR-02,SEC-05,2026-09-22,2026-09-22T18:00:00,2026-09-23T00:00:00,1,0,3,0.88,25,True
FORECAST-001281,COR-02,SEC-06,2026-09-22,2026-09-22T00:00:00,2026-09-22T06:00:00,2,0,4,0.75,46,True
FORECAST-001282,COR-02,SEC-06,2026-09-22,2026-09-22T06:00:00,2026-09-22T12:00:00,1,0,3,0.72,26,True
FORECAST-001283,COR-02,SEC-06,2026-09-22,2026-09-22T12:00:00,2026-09-22T18:00:00,0,0,1,0.91,0,True
FORECAST-001284,COR-02,SEC-06,2026-09-22,2026-09-22T18:00:00,2026-09-23T00:00:00,0,0,1,0.74,0,True
FORECAST-001285,COR-03,SEC-07,2026-09-22,2026-09-22T00:00:00,2026-09-22T06:00:00,2,1,3,0.76,38,True
FORECAST-001286,COR-03,SEC-07,2026-09-22,2026-09-22T06:00:00,2026-09-22T12:00:00,2,1,3,0.78,40,True
FORECAST-001287,COR-03,SEC-07,2026-09-22,2026-09-22T12:00:00,2026-09-22T18:00:00,4,2,6,0.8,72,True
FORECAST-001288,COR-03,SEC-07,2026-09-22,2026-09-22T18:00:00,2026-09-23T00:00:00,0,0,2,0.83,0,True
FORECAST-001289,COR-03,SEC-08,2026-09-22,2026-09-22T00:00:00,2026-09-22T06:00:00,4,3,5,0.92,100,True
FORECAST-001290,COR-03,SEC-08,2026-09-22,2026-09-22T06:00:00,2026-09-22T12:00:00,0,0,1,0.92,0,True
FORECAST-001291,COR-03,SEC-08,2026-09-22,2026-09-22T12:00:00,2026-09-22T18:00:00,4,3,5,0.93,88,True
FORECAST-001292,COR-03,SEC-08,2026-09-22,2026-09-22T18:00:00,2026-09-23T00:00:00,2,1,3,0.9,36,True
FORECAST-001293,COR-03,SEC-09,2026-09-22,2026-09-22T00:00:00,2026-09-22T06:00:00,1,0,3,0.8,18,True
FORECAST-001294,COR-03,SEC-09,2026-09-22,2026-09-22T06:00:00,2026-09-22T12:00:00,0,0,2,0.84,0,True
FORECAST-001295,COR-03,SEC-09,2026-09-22,2026-09-22T12:00:00,2026-09-22T18:00:00,2,1,3,0.84,46,True
FORECAST-001296,COR-03,SEC-09,2026-09-22,2026-09-22T18:00:00,2026-09-23T00:00:00,2,1,3,0.92,36,True
FORECAST-001297,COR-04,SEC-10,2026-09-22,2026-09-22T00:00:00,2026-09-22T06:00:00,3,1,5,0.72,81,True
FORECAST-001298,COR-04,SEC-10,2026-09-22,2026-09-22T06:00:00,2026-09-22T12:00:00,1,0,2,0.89,23,True
FORECAST-001299,COR-04,SEC-10,2026-09-22,2026-09-22T12:00:00,2026-09-22T18:00:00,2,1,3,0.85,56,True
FORECAST-001300,COR-04,SEC-10,2026-09-22,2026-09-22T18:00:00,2026-09-23T00:00:00,4,3,5,0.85,80,True
FORECAST-001301,COR-04,SEC-11,2026-09-22,2026-09-22T00:00:00,2026-09-22T06:00:00,1,0,2,0.84,21,True
FORECAST-001302,COR-04,SEC-11,2026-09-22,2026-09-22T06:00:00,2026-09-22T12:00:00,2,0,4,0.73,50,True
FORECAST-001303,COR-04,SEC-11,2026-09-22,2026-09-22T12:00:00,2026-09-22T18:00:00,1,0,2,0.79,22,True
FORECAST-001304,COR-04,SEC-11,2026-09-22,2026-09-22T18:00:00,2026-09-23T00:00:00,2,1,3,0.73,56,True
FORECAST-001305,COR-04,SEC-12,2026-09-22,2026-09-22T00:00:00,2026-09-22T06:00:00,1,0,2,0.75,19,True
FORECAST-001306,COR-04,SEC-12,2026-09-22,2026-09-22T06:00:00,2026-09-22T12:00:00,4,3,5,0.8,112,True
FORECAST-001307,COR-04,SEC-12,2026-09-22,2026-09-22T12:00:00,2026-09-22T18:00:00,1,0,3,0.74,26,True
FORECAST-001308,COR-04,SEC-12,2026-09-22,2026-09-22T18:00:00,2026-09-23T00:00:00,1,0,2,0.76,26,True
FORECAST-001309,COR-05,SEC-13,2026-09-22,2026-09-22T00:00:00,2026-09-22T06:00:00,3,2,4,0.75,63,True
FORECAST-001310,COR-05,SEC-13,2026-09-22,2026-09-22T06:00:00,2026-09-22T12:00:00,5,4,6,0.84,110,True
FORECAST-001311,COR-05,SEC-13,2026-09-22,2026-09-22T12:00:00,2026-09-22T18:00:00,5,4,6,0.9,140,True
FORECAST-001312,COR-05,SEC-13,2026-09-22,2026-09-22T18:00:00,2026-09-23T00:00:00,7,6,8,0.73,133,True
FORECAST-001313,COR-05,SEC-14,2026-09-22,2026-09-22T00:00:00,2026-09-22T06:00:00,3,1,5,0.9,66,True
FORECAST-001314,COR-05,SEC-14,2026-09-22,2026-09-22T06:00:00,2026-09-22T12:00:00,6,4,8,0.89,114,True
FORECAST-001315,COR-05,SEC-14,2026-09-22,2026-09-22T12:00:00,2026-09-22T18:00:00,7,6,8,0.8,168,True
FORECAST-001316,COR-05,SEC-14,2026-09-22,2026-09-22T18:00:00,2026-09-23T00:00:00,3,2,4,0.88,81,True
FORECAST-001317,COR-05,SEC-15,2026-09-22,2026-09-22T00:00:00,2026-09-22T06:00:00,5,3,7,0.9,140,True
FORECAST-001318,COR-05,SEC-15,2026-09-22,2026-09-22T06:00:00,2026-09-22T12:00:00,4,3,5,0.83,84,True
FORECAST-001319,COR-05,SEC-15,2026-09-22,2026-09-22T12:00:00,2026-09-22T18:00:00,5,4,6,0.84,135,True
FORECAST-001320,COR-05,SEC-15,2026-09-22,2026-09-22T18:00:00,2026-09-23T00:00:00,6,5,7,0.82,150,True
FORECAST-001321,COR-01,SEC-01,2026-09-23,2026-09-23T00:00:00,2026-09-23T06:00:00,4,3,5,0.94,76,True
FORECAST-001322,COR-01,SEC-01,2026-09-23,2026-09-23T06:00:00,2026-09-23T12:00:00,2,1,3,0.77,56,True
FORECAST-001323,COR-01,SEC-01,2026-09-23,2026-09-23T12:00:00,2026-09-23T18:00:00,0,0,1,0.87,0,True
FORECAST-001324,COR-01,SEC-01,2026-09-23,2026-09-23T18:00:00,2026-09-24T00:00:00,2,1,3,0.83,54,True
FORECAST-001325,COR-01,SEC-02,2026-09-23,2026-09-23T00:00:00,2026-09-23T06:00:00,2,1,3,0.85,42,True
FORECAST-001326,COR-01,SEC-02,2026-09-23,2026-09-23T06:00:00,2026-09-23T12:00:00,3,2,4,0.81,63,True
FORECAST-001327,COR-01,SEC-02,2026-09-23,2026-09-23T12:00:00,2026-09-23T18:00:00,0,0,2,0.78,0,True
FORECAST-001328,COR-01,SEC-02,2026-09-23,2026-09-23T18:00:00,2026-09-24T00:00:00,0,0,1,0.85,0,True
FORECAST-001329,COR-01,SEC-03,2026-09-23,2026-09-23T00:00:00,2026-09-23T06:00:00,1,0,3,0.9,25,True
FORECAST-001330,COR-01,SEC-03,2026-09-23,2026-09-23T06:00:00,2026-09-23T12:00:00,1,0,2,0.83,19,True
FORECAST-001331,COR-01,SEC-03,2026-09-23,2026-09-23T12:00:00,2026-09-23T18:00:00,1,0,3,0.84,19,True
FORECAST-001332,COR-01,SEC-03,2026-09-23,2026-09-23T18:00:00,2026-09-24T00:00:00,0,0,1,0.94,0,True
FORECAST-001333,COR-02,SEC-04,2026-09-23,2026-09-23T00:00:00,2026-09-23T06:00:00,4,3,5,0.75,112,True
FORECAST-001334,COR-02,SEC-04,2026-09-23,2026-09-23T06:00:00,2026-09-23T12:00:00,1,0,2,0.72,25,True
FORECAST-001335,COR-02,SEC-04,2026-09-23,2026-09-23T12:00:00,2026-09-23T18:00:00,1,0,2,0.87,21,True
FORECAST-001336,COR-02,SEC-04,2026-09-23,2026-09-23T18:00:00,2026-09-24T00:00:00,1,0,2,0.84,19,True
FORECAST-001337,COR-02,SEC-05,2026-09-23,2026-09-23T00:00:00,2026-09-23T06:00:00,4,3,5,0.74,108,True
FORECAST-001338,COR-02,SEC-05,2026-09-23,2026-09-23T06:00:00,2026-09-23T12:00:00,2,1,3,0.78,54,True
FORECAST-001339,COR-02,SEC-05,2026-09-23,2026-09-23T12:00:00,2026-09-23T18:00:00,1,0,2,0.75,25,True
FORECAST-001340,COR-02,SEC-05,2026-09-23,2026-09-23T18:00:00,2026-09-24T00:00:00,2,1,3,0.75,42,True
FORECAST-001341,COR-02,SEC-06,2026-09-23,2026-09-23T00:00:00,2026-09-23T06:00:00,1,0,2,0.85,25,True
FORECAST-001342,COR-02,SEC-06,2026-09-23,2026-09-23T06:00:00,2026-09-23T12:00:00,0,0,1,0.79,0,True
FORECAST-001343,COR-02,SEC-06,2026-09-23,2026-09-23T12:00:00,2026-09-23T18:00:00,0,0,1,0.8,0,True
FORECAST-001344,COR-02,SEC-06,2026-09-23,2026-09-23T18:00:00,2026-09-24T00:00:00,4,2,6,0.86,112,True
FORECAST-001345,COR-03,SEC-07,2026-09-23,2026-09-23T00:00:00,2026-09-23T06:00:00,1,0,2,0.87,23,True
FORECAST-001346,COR-03,SEC-07,2026-09-23,2026-09-23T06:00:00,2026-09-23T12:00:00,1,0,2,0.8,19,True
FORECAST-001347,COR-03,SEC-07,2026-09-23,2026-09-23T12:00:00,2026-09-23T18:00:00,3,2,4,0.94,81,True
FORECAST-001348,COR-03,SEC-07,2026-09-23,2026-09-23T18:00:00,2026-09-24T00:00:00,2,0,4,0.73,52,True
FORECAST-001349,COR-03,SEC-08,2026-09-23,2026-09-23T00:00:00,2026-09-23T06:00:00,2,0,4,0.75,52,True
FORECAST-001350,COR-03,SEC-08,2026-09-23,2026-09-23T06:00:00,2026-09-23T12:00:00,1,0,2,0.89,20,True
FORECAST-001351,COR-03,SEC-08,2026-09-23,2026-09-23T12:00:00,2026-09-23T18:00:00,1,0,2,0.74,23,True
FORECAST-001352,COR-03,SEC-08,2026-09-23,2026-09-23T18:00:00,2026-09-24T00:00:00,2,1,3,0.87,50,True
FORECAST-001353,COR-03,SEC-09,2026-09-23,2026-09-23T00:00:00,2026-09-23T06:00:00,2,1,3,0.92,46,True
FORECAST-001354,COR-03,SEC-09,2026-09-23,2026-09-23T06:00:00,2026-09-23T12:00:00,1,0,3,0.85,25,True
FORECAST-001355,COR-03,SEC-09,2026-09-23,2026-09-23T12:00:00,2026-09-23T18:00:00,3,1,5,0.9,81,True
FORECAST-001356,COR-03,SEC-09,2026-09-23,2026-09-23T18:00:00,2026-09-24T00:00:00,2,1,3,0.73,36,True
FORECAST-001357,COR-04,SEC-10,2026-09-23,2026-09-23T00:00:00,2026-09-23T06:00:00,1,0,3,0.78,28,True
FORECAST-001358,COR-04,SEC-10,2026-09-23,2026-09-23T06:00:00,2026-09-23T12:00:00,0,0,1,0.75,0,True
FORECAST-001359,COR-04,SEC-10,2026-09-23,2026-09-23T12:00:00,2026-09-23T18:00:00,1,0,2,0.93,22,True
FORECAST-001360,COR-04,SEC-10,2026-09-23,2026-09-23T18:00:00,2026-09-24T00:00:00,1,0,2,0.88,27,True
FORECAST-001361,COR-04,SEC-11,2026-09-23,2026-09-23T00:00:00,2026-09-23T06:00:00,0,0,1,0.77,0,True
FORECAST-001362,COR-04,SEC-11,2026-09-23,2026-09-23T06:00:00,2026-09-23T12:00:00,2,1,3,0.92,50,True
FORECAST-001363,COR-04,SEC-11,2026-09-23,2026-09-23T12:00:00,2026-09-23T18:00:00,4,2,6,0.75,100,True
FORECAST-001364,COR-04,SEC-11,2026-09-23,2026-09-23T18:00:00,2026-09-24T00:00:00,3,1,5,0.93,57,True
FORECAST-001365,COR-04,SEC-12,2026-09-23,2026-09-23T00:00:00,2026-09-23T06:00:00,3,1,5,0.78,72,True
FORECAST-001366,COR-04,SEC-12,2026-09-23,2026-09-23T06:00:00,2026-09-23T12:00:00,2,1,3,0.78,36,True
FORECAST-001367,COR-04,SEC-12,2026-09-23,2026-09-23T12:00:00,2026-09-23T18:00:00,0,0,2,0.74,0,True
FORECAST-001368,COR-04,SEC-12,2026-09-23,2026-09-23T18:00:00,2026-09-24T00:00:00,3,2,4,0.77,69,True
FORECAST-001369,COR-05,SEC-13,2026-09-23,2026-09-23T00:00:00,2026-09-23T06:00:00,7,6,8,0.88,147,True
FORECAST-001370,COR-05,SEC-13,2026-09-23,2026-09-23T06:00:00,2026-09-23T12:00:00,3,1,5,0.77,63,True
FORECAST-001371,COR-05,SEC-13,2026-09-23,2026-09-23T12:00:00,2026-09-23T18:00:00,5,4,6,0.77,100,True
FORECAST-001372,COR-05,SEC-13,2026-09-23,2026-09-23T18:00:00,2026-09-24T00:00:00,7,6,8,0.91,147,True
FORECAST-001373,COR-05,SEC-14,2026-09-23,2026-09-23T00:00:00,2026-09-23T06:00:00,5,3,7,0.72,105,True
FORECAST-001374,COR-05,SEC-14,2026-09-23,2026-09-23T06:00:00,2026-09-23T12:00:00,6,4,8,0.77,138,True
FORECAST-001375,COR-05,SEC-14,2026-09-23,2026-09-23T12:00:00,2026-09-23T18:00:00,4,3,5,0.72,104,True
FORECAST-001376,COR-05,SEC-14,2026-09-23,2026-09-23T18:00:00,2026-09-24T00:00:00,4,2,6,0.81,80,True
FORECAST-001377,COR-05,SEC-15,2026-09-23,2026-09-23T00:00:00,2026-09-23T06:00:00,7,6,8,0.9,168,True
FORECAST-001378,COR-05,SEC-15,2026-09-23,2026-09-23T06:00:00,2026-09-23T12:00:00,7,5,9,0.88,161,True
FORECAST-001379,COR-05,SEC-15,2026-09-23,2026-09-23T12:00:00,2026-09-23T18:00:00,3,2,4,0.8,75,True
FORECAST-001380,COR-05,SEC-15,2026-09-23,2026-09-23T18:00:00,2026-09-24T00:00:00,4,3,5,0.93,104,True
FORECAST-001381,COR-01,SEC-01,2026-09-24,2026-09-24T00:00:00,2026-09-24T06:00:00,1,0,3,0.79,19,True
FORECAST-001382,COR-01,SEC-01,2026-09-24,2026-09-24T06:00:00,2026-09-24T12:00:00,3,2,4,0.78,60,True
FORECAST-001383,COR-01,SEC-01,2026-09-24,2026-09-24T12:00:00,2026-09-24T18:00:00,2,1,3,0.84,36,True
FORECAST-001384,COR-01,SEC-01,2026-09-24,2026-09-24T18:00:00,2026-09-25T00:00:00,0,0,1,0.73,0,True
FORECAST-001385,COR-01,SEC-02,2026-09-24,2026-09-24T00:00:00,2026-09-24T06:00:00,1,0,3,0.78,26,True
FORECAST-001386,COR-01,SEC-02,2026-09-24,2026-09-24T06:00:00,2026-09-24T12:00:00,2,0,4,0.75,54,True
FORECAST-001387,COR-01,SEC-02,2026-09-24,2026-09-24T12:00:00,2026-09-24T18:00:00,4,2,6,0.86,88,True
FORECAST-001388,COR-01,SEC-02,2026-09-24,2026-09-24T18:00:00,2026-09-25T00:00:00,0,0,1,0.75,0,True
FORECAST-001389,COR-01,SEC-03,2026-09-24,2026-09-24T00:00:00,2026-09-24T06:00:00,3,2,4,0.76,78,True
FORECAST-001390,COR-01,SEC-03,2026-09-24,2026-09-24T06:00:00,2026-09-24T12:00:00,4,3,5,0.83,76,True
FORECAST-001391,COR-01,SEC-03,2026-09-24,2026-09-24T12:00:00,2026-09-24T18:00:00,1,0,3,0.81,20,True
FORECAST-001392,COR-01,SEC-03,2026-09-24,2026-09-24T18:00:00,2026-09-25T00:00:00,3,2,4,0.93,81,True
FORECAST-001393,COR-02,SEC-04,2026-09-24,2026-09-24T00:00:00,2026-09-24T06:00:00,4,2,6,0.75,76,True
FORECAST-001394,COR-02,SEC-04,2026-09-24,2026-09-24T06:00:00,2026-09-24T12:00:00,3,2,4,0.86,54,True
FORECAST-001395,COR-02,SEC-04,2026-09-24,2026-09-24T12:00:00,2026-09-24T18:00:00,1,0,2,0.75,26,True
FORECAST-001396,COR-02,SEC-04,2026-09-24,2026-09-24T18:00:00,2026-09-25T00:00:00,0,0,2,0.74,0,True
FORECAST-001397,COR-02,SEC-05,2026-09-24,2026-09-24T00:00:00,2026-09-24T06:00:00,0,0,2,0.93,0,True
FORECAST-001398,COR-02,SEC-05,2026-09-24,2026-09-24T06:00:00,2026-09-24T12:00:00,1,0,2,0.83,18,True
FORECAST-001399,COR-02,SEC-05,2026-09-24,2026-09-24T12:00:00,2026-09-24T18:00:00,2,0,4,0.84,50,True
FORECAST-001400,COR-02,SEC-05,2026-09-24,2026-09-24T18:00:00,2026-09-25T00:00:00,2,1,3,0.82,40,True
FORECAST-001401,COR-02,SEC-06,2026-09-24,2026-09-24T00:00:00,2026-09-24T06:00:00,3,2,4,0.77,60,True
FORECAST-001402,COR-02,SEC-06,2026-09-24,2026-09-24T06:00:00,2026-09-24T12:00:00,4,3,5,0.8,112,True
FORECAST-001403,COR-02,SEC-06,2026-09-24,2026-09-24T12:00:00,2026-09-24T18:00:00,2,1,3,0.72,42,True
FORECAST-001404,COR-02,SEC-06,2026-09-24,2026-09-24T18:00:00,2026-09-25T00:00:00,2,1,3,0.85,44,True
FORECAST-001405,COR-03,SEC-07,2026-09-24,2026-09-24T00:00:00,2026-09-24T06:00:00,0,0,2,0.74,0,True
FORECAST-001406,COR-03,SEC-07,2026-09-24,2026-09-24T06:00:00,2026-09-24T12:00:00,0,0,1,0.81,0,True
FORECAST-001407,COR-03,SEC-07,2026-09-24,2026-09-24T12:00:00,2026-09-24T18:00:00,2,1,3,0.85,44,True
FORECAST-001408,COR-03,SEC-07,2026-09-24,2026-09-24T18:00:00,2026-09-25T00:00:00,2,1,3,0.9,46,True
FORECAST-001409,COR-03,SEC-08,2026-09-24,2026-09-24T00:00:00,2026-09-24T06:00:00,0,0,2,0.93,0,True
FORECAST-001410,COR-03,SEC-08,2026-09-24,2026-09-24T06:00:00,2026-09-24T12:00:00,0,0,1,0.82,0,True
FORECAST-001411,COR-03,SEC-08,2026-09-24,2026-09-24T12:00:00,2026-09-24T18:00:00,1,0,2,0.93,18,True
FORECAST-001412,COR-03,SEC-08,2026-09-24,2026-09-24T18:00:00,2026-09-25T00:00:00,1,0,2,0.82,28,True
FORECAST-001413,COR-03,SEC-09,2026-09-24,2026-09-24T00:00:00,2026-09-24T06:00:00,3,2,4,0.77,81,True
FORECAST-001414,COR-03,SEC-09,2026-09-24,2026-09-24T06:00:00,2026-09-24T12:00:00,2,1,3,0.73,56,True
FORECAST-001415,COR-03,SEC-09,2026-09-24,2026-09-24T12:00:00,2026-09-24T18:00:00,3,1,5,0.91,78,True
FORECAST-001416,COR-03,SEC-09,2026-09-24,2026-09-24T18:00:00,2026-09-25T00:00:00,4,3,5,0.8,96,True
FORECAST-001417,COR-04,SEC-10,2026-09-24,2026-09-24T00:00:00,2026-09-24T06:00:00,2,1,3,0.74,40,True
FORECAST-001418,COR-04,SEC-10,2026-09-24,2026-09-24T06:00:00,2026-09-24T12:00:00,2,0,4,0.76,42,True
FORECAST-001419,COR-04,SEC-10,2026-09-24,2026-09-24T12:00:00,2026-09-24T18:00:00,1,0,3,0.8,21,True
FORECAST-001420,COR-04,SEC-10,2026-09-24,2026-09-24T18:00:00,2026-09-25T00:00:00,2,1,3,0.93,44,True
FORECAST-001421,COR-04,SEC-11,2026-09-24,2026-09-24T00:00:00,2026-09-24T06:00:00,4,2,6,0.81,108,True
FORECAST-001422,COR-04,SEC-11,2026-09-24,2026-09-24T06:00:00,2026-09-24T12:00:00,3,2,4,0.88,63,True
FORECAST-001423,COR-04,SEC-11,2026-09-24,2026-09-24T12:00:00,2026-09-24T18:00:00,4,2,6,0.89,112,True
FORECAST-001424,COR-04,SEC-11,2026-09-24,2026-09-24T18:00:00,2026-09-25T00:00:00,3,2,4,0.84,84,True
FORECAST-001425,COR-04,SEC-12,2026-09-24,2026-09-24T00:00:00,2026-09-24T06:00:00,0,0,2,0.85,0,True
FORECAST-001426,COR-04,SEC-12,2026-09-24,2026-09-24T06:00:00,2026-09-24T12:00:00,0,0,1,0.74,0,True
FORECAST-001427,COR-04,SEC-12,2026-09-24,2026-09-24T12:00:00,2026-09-24T18:00:00,3,2,4,0.93,78,True
FORECAST-001428,COR-04,SEC-12,2026-09-24,2026-09-24T18:00:00,2026-09-25T00:00:00,3,1,5,0.77,78,True
FORECAST-001429,COR-05,SEC-13,2026-09-24,2026-09-24T00:00:00,2026-09-24T06:00:00,3,2,4,0.8,57,True
FORECAST-001430,COR-05,SEC-13,2026-09-24,2026-09-24T06:00:00,2026-09-24T12:00:00,5,3,7,0.84,120,True
FORECAST-001431,COR-05,SEC-13,2026-09-24,2026-09-24T12:00:00,2026-09-24T18:00:00,5,4,6,0.87,140,True
FORECAST-001432,COR-05,SEC-13,2026-09-24,2026-09-24T18:00:00,2026-09-25T00:00:00,7,6,8,0.75,161,True
FORECAST-001433,COR-05,SEC-14,2026-09-24,2026-09-24T00:00:00,2026-09-24T06:00:00,3,2,4,0.84,60,True
FORECAST-001434,COR-05,SEC-14,2026-09-24,2026-09-24T06:00:00,2026-09-24T12:00:00,4,3,5,0.83,104,True
FORECAST-001435,COR-05,SEC-14,2026-09-24,2026-09-24T12:00:00,2026-09-24T18:00:00,5,4,6,0.79,95,True
FORECAST-001436,COR-05,SEC-14,2026-09-24,2026-09-24T18:00:00,2026-09-25T00:00:00,4,2,6,0.72,80,True
FORECAST-001437,COR-05,SEC-15,2026-09-24,2026-09-24T00:00:00,2026-09-24T06:00:00,5,4,6,0.83,130,True
FORECAST-001438,COR-05,SEC-15,2026-09-24,2026-09-24T06:00:00,2026-09-24T12:00:00,4,2,6,0.88,100,True
FORECAST-001439,COR-05,SEC-15,2026-09-24,2026-09-24T12:00:00,2026-09-24T18:00:00,6,5,7,0.75,108,True
FORECAST-001440,COR-05,SEC-15,2026-09-24,2026-09-24T18:00:00,2026-09-25T00:00:00,3,2,4,0.81,78,True
FORECAST-001441,COR-01,SEC-01,2026-09-25,2026-09-25T00:00:00,2026-09-25T06:00:00,0,0,2,0.92,0,True
FORECAST-001442,COR-01,SEC-01,2026-09-25,2026-09-25T06:00:00,2026-09-25T12:00:00,0,0,1,0.94,0,True
FORECAST-001443,COR-01,SEC-01,2026-09-25,2026-09-25T12:00:00,2026-09-25T18:00:00,2,0,4,0.9,46,True
FORECAST-001444,COR-01,SEC-01,2026-09-25,2026-09-25T18:00:00,2026-09-26T00:00:00,0,0,1,0.93,0,True
FORECAST-001445,COR-01,SEC-02,2026-09-25,2026-09-25T00:00:00,2026-09-25T06:00:00,1,0,2,0.94,27,True
FORECAST-001446,COR-01,SEC-02,2026-09-25,2026-09-25T06:00:00,2026-09-25T12:00:00,2,1,3,0.8,48,True
FORECAST-001447,COR-01,SEC-02,2026-09-25,2026-09-25T12:00:00,2026-09-25T18:00:00,2,1,3,0.72,36,True
FORECAST-001448,COR-01,SEC-02,2026-09-25,2026-09-25T18:00:00,2026-09-26T00:00:00,4,3,5,0.85,104,True
FORECAST-001449,COR-01,SEC-03,2026-09-25,2026-09-25T00:00:00,2026-09-25T06:00:00,4,3,5,0.92,108,True
FORECAST-001450,COR-01,SEC-03,2026-09-25,2026-09-25T06:00:00,2026-09-25T12:00:00,4,3,5,0.92,80,True
FORECAST-001451,COR-01,SEC-03,2026-09-25,2026-09-25T12:00:00,2026-09-25T18:00:00,1,0,3,0.75,28,True
FORECAST-001452,COR-01,SEC-03,2026-09-25,2026-09-25T18:00:00,2026-09-26T00:00:00,1,0,2,0.91,27,True
FORECAST-001453,COR-02,SEC-04,2026-09-25,2026-09-25T00:00:00,2026-09-25T06:00:00,0,0,2,0.73,0,True
FORECAST-001454,COR-02,SEC-04,2026-09-25,2026-09-25T06:00:00,2026-09-25T12:00:00,2,1,3,0.74,36,True
FORECAST-001455,COR-02,SEC-04,2026-09-25,2026-09-25T12:00:00,2026-09-25T18:00:00,1,0,3,0.74,18,True
FORECAST-001456,COR-02,SEC-04,2026-09-25,2026-09-25T18:00:00,2026-09-26T00:00:00,4,3,5,0.81,84,True
FORECAST-001457,COR-02,SEC-05,2026-09-25,2026-09-25T00:00:00,2026-09-25T06:00:00,4,3,5,0.78,92,True
FORECAST-001458,COR-02,SEC-05,2026-09-25,2026-09-25T06:00:00,2026-09-25T12:00:00,3,1,5,0.89,63,True
FORECAST-001459,COR-02,SEC-05,2026-09-25,2026-09-25T12:00:00,2026-09-25T18:00:00,0,0,1,0.93,0,True
FORECAST-001460,COR-02,SEC-05,2026-09-25,2026-09-25T18:00:00,2026-09-26T00:00:00,0,0,1,0.81,0,True
FORECAST-001461,COR-02,SEC-06,2026-09-25,2026-09-25T00:00:00,2026-09-25T06:00:00,0,0,1,0.93,0,True
FORECAST-001462,COR-02,SEC-06,2026-09-25,2026-09-25T06:00:00,2026-09-25T12:00:00,3,1,5,0.92,66,True
FORECAST-001463,COR-02,SEC-06,2026-09-25,2026-09-25T12:00:00,2026-09-25T18:00:00,3,2,4,0.92,63,True
FORECAST-001464,COR-02,SEC-06,2026-09-25,2026-09-25T18:00:00,2026-09-26T00:00:00,4,3,5,0.93,96,True
FORECAST-001465,COR-03,SEC-07,2026-09-25,2026-09-25T00:00:00,2026-09-25T06:00:00,4,3,5,0.86,72,True
FORECAST-001466,COR-03,SEC-07,2026-09-25,2026-09-25T06:00:00,2026-09-25T12:00:00,4,3,5,0.78,84,True
FORECAST-001467,COR-03,SEC-07,2026-09-25,2026-09-25T12:00:00,2026-09-25T18:00:00,0,0,2,0.77,0,True
FORECAST-001468,COR-03,SEC-07,2026-09-25,2026-09-25T18:00:00,2026-09-26T00:00:00,3,2,4,0.76,84,True
FORECAST-001469,COR-03,SEC-08,2026-09-25,2026-09-25T00:00:00,2026-09-25T06:00:00,2,1,3,0.79,50,True
FORECAST-001470,COR-03,SEC-08,2026-09-25,2026-09-25T06:00:00,2026-09-25T12:00:00,3,2,4,0.77,84,True
FORECAST-001471,COR-03,SEC-08,2026-09-25,2026-09-25T12:00:00,2026-09-25T18:00:00,0,0,1,0.86,0,True
FORECAST-001472,COR-03,SEC-08,2026-09-25,2026-09-25T18:00:00,2026-09-26T00:00:00,0,0,2,0.82,0,True
FORECAST-001473,COR-03,SEC-09,2026-09-25,2026-09-25T00:00:00,2026-09-25T06:00:00,2,1,3,0.75,38,True
FORECAST-001474,COR-03,SEC-09,2026-09-25,2026-09-25T06:00:00,2026-09-25T12:00:00,2,0,4,0.89,42,True
FORECAST-001475,COR-03,SEC-09,2026-09-25,2026-09-25T12:00:00,2026-09-25T18:00:00,4,2,6,0.83,88,True
FORECAST-001476,COR-03,SEC-09,2026-09-25,2026-09-25T18:00:00,2026-09-26T00:00:00,1,0,2,0.72,27,True
FORECAST-001477,COR-04,SEC-10,2026-09-25,2026-09-25T00:00:00,2026-09-25T06:00:00,1,0,3,0.76,22,True
FORECAST-001478,COR-04,SEC-10,2026-09-25,2026-09-25T06:00:00,2026-09-25T12:00:00,1,0,2,0.78,24,True
FORECAST-001479,COR-04,SEC-10,2026-09-25,2026-09-25T12:00:00,2026-09-25T18:00:00,2,1,3,0.92,42,True
FORECAST-001480,COR-04,SEC-10,2026-09-25,2026-09-25T18:00:00,2026-09-26T00:00:00,4,3,5,0.78,92,True
FORECAST-001481,COR-04,SEC-11,2026-09-25,2026-09-25T00:00:00,2026-09-25T06:00:00,3,2,4,0.86,63,True
FORECAST-001482,COR-04,SEC-11,2026-09-25,2026-09-25T06:00:00,2026-09-25T12:00:00,1,0,3,0.79,23,True
FORECAST-001483,COR-04,SEC-11,2026-09-25,2026-09-25T12:00:00,2026-09-25T18:00:00,2,1,3,0.77,42,True
FORECAST-001484,COR-04,SEC-11,2026-09-25,2026-09-25T18:00:00,2026-09-26T00:00:00,3,1,5,0.81,60,True
FORECAST-001485,COR-04,SEC-12,2026-09-25,2026-09-25T00:00:00,2026-09-25T06:00:00,4,2,6,0.74,108,True
FORECAST-001486,COR-04,SEC-12,2026-09-25,2026-09-25T06:00:00,2026-09-25T12:00:00,0,0,1,0.93,0,True
FORECAST-001487,COR-04,SEC-12,2026-09-25,2026-09-25T12:00:00,2026-09-25T18:00:00,2,1,3,0.84,52,True
FORECAST-001488,COR-04,SEC-12,2026-09-25,2026-09-25T18:00:00,2026-09-26T00:00:00,3,2,4,0.94,66,True
FORECAST-001489,COR-05,SEC-13,2026-09-25,2026-09-25T00:00:00,2026-09-25T06:00:00,7,6,8,0.91,196,True
FORECAST-001490,COR-05,SEC-13,2026-09-25,2026-09-25T06:00:00,2026-09-25T12:00:00,4,3,5,0.72,112,True
FORECAST-001491,COR-05,SEC-13,2026-09-25,2026-09-25T12:00:00,2026-09-25T18:00:00,5,3,7,0.87,130,True
FORECAST-001492,COR-05,SEC-13,2026-09-25,2026-09-25T18:00:00,2026-09-26T00:00:00,7,6,8,0.82,196,True
FORECAST-001493,COR-05,SEC-14,2026-09-25,2026-09-25T00:00:00,2026-09-25T06:00:00,5,4,6,0.91,115,True
FORECAST-001494,COR-05,SEC-14,2026-09-25,2026-09-25T06:00:00,2026-09-25T12:00:00,6,5,7,0.9,144,True
FORECAST-001495,COR-05,SEC-14,2026-09-25,2026-09-25T12:00:00,2026-09-25T18:00:00,6,5,7,0.87,144,True
FORECAST-001496,COR-05,SEC-14,2026-09-25,2026-09-25T18:00:00,2026-09-26T00:00:00,7,6,8,0.85,126,True
FORECAST-001497,COR-05,SEC-15,2026-09-25,2026-09-25T00:00:00,2026-09-25T06:00:00,6,4,8,0.93,156,True
FORECAST-001498,COR-05,SEC-15,2026-09-25,2026-09-25T06:00:00,2026-09-25T12:00:00,6,5,7,0.86,108,True
FORECAST-001499,COR-05,SEC-15,2026-09-25,2026-09-25T12:00:00,2026-09-25T18:00:00,6,4,8,0.88,150,True
FORECAST-001500,COR-05,SEC-15,2026-09-25,2026-09-25T18:00:00,2026-09-26T00:00:00,5,4,6,0.73,135,True
FORECAST-001501,COR-01,SEC-01,2026-09-26,2026-09-26T00:00:00,2026-09-26T06:00:00,2,0,4,0.86,44,True
FORECAST-001502,COR-01,SEC-01,2026-09-26,2026-09-26T06:00:00,2026-09-26T12:00:00,2,0,4,0.89,48,True
FORECAST-001503,COR-01,SEC-01,2026-09-26,2026-09-26T12:00:00,2026-09-26T18:00:00,1,0,3,0.83,22,True
FORECAST-001504,COR-01,SEC-01,2026-09-26,2026-09-26T18:00:00,2026-09-27T00:00:00,0,0,2,0.87,0,True
FORECAST-001505,COR-01,SEC-02,2026-09-26,2026-09-26T00:00:00,2026-09-26T06:00:00,4,3,5,0.83,80,True
FORECAST-001506,COR-01,SEC-02,2026-09-26,2026-09-26T06:00:00,2026-09-26T12:00:00,4,2,6,0.79,80,True
FORECAST-001507,COR-01,SEC-02,2026-09-26,2026-09-26T12:00:00,2026-09-26T18:00:00,3,1,5,0.82,54,True
FORECAST-001508,COR-01,SEC-02,2026-09-26,2026-09-26T18:00:00,2026-09-27T00:00:00,4,2,6,0.87,72,True
FORECAST-001509,COR-01,SEC-03,2026-09-26,2026-09-26T00:00:00,2026-09-26T06:00:00,3,2,4,0.75,63,True
FORECAST-001510,COR-01,SEC-03,2026-09-26,2026-09-26T06:00:00,2026-09-26T12:00:00,3,2,4,0.86,54,True
FORECAST-001511,COR-01,SEC-03,2026-09-26,2026-09-26T12:00:00,2026-09-26T18:00:00,0,0,2,0.91,0,True
FORECAST-001512,COR-01,SEC-03,2026-09-26,2026-09-26T18:00:00,2026-09-27T00:00:00,2,0,4,0.84,36,True
FORECAST-001513,COR-02,SEC-04,2026-09-26,2026-09-26T00:00:00,2026-09-26T06:00:00,1,0,3,0.82,22,True
FORECAST-001514,COR-02,SEC-04,2026-09-26,2026-09-26T06:00:00,2026-09-26T12:00:00,1,0,2,0.73,24,True
FORECAST-001515,COR-02,SEC-04,2026-09-26,2026-09-26T12:00:00,2026-09-26T18:00:00,1,0,2,0.92,26,True
FORECAST-001516,COR-02,SEC-04,2026-09-26,2026-09-26T18:00:00,2026-09-27T00:00:00,2,0,4,0.77,46,True
FORECAST-001517,COR-02,SEC-05,2026-09-26,2026-09-26T00:00:00,2026-09-26T06:00:00,3,2,4,0.94,57,True
FORECAST-001518,COR-02,SEC-05,2026-09-26,2026-09-26T06:00:00,2026-09-26T12:00:00,4,3,5,0.88,76,True
FORECAST-001519,COR-02,SEC-05,2026-09-26,2026-09-26T12:00:00,2026-09-26T18:00:00,0,0,2,0.77,0,True
FORECAST-001520,COR-02,SEC-05,2026-09-26,2026-09-26T18:00:00,2026-09-27T00:00:00,0,0,2,0.92,0,True
FORECAST-001521,COR-02,SEC-06,2026-09-26,2026-09-26T00:00:00,2026-09-26T06:00:00,0,0,1,0.84,0,True
FORECAST-001522,COR-02,SEC-06,2026-09-26,2026-09-26T06:00:00,2026-09-26T12:00:00,0,0,1,0.88,0,True
FORECAST-001523,COR-02,SEC-06,2026-09-26,2026-09-26T12:00:00,2026-09-26T18:00:00,0,0,1,0.84,0,True
FORECAST-001524,COR-02,SEC-06,2026-09-26,2026-09-26T18:00:00,2026-09-27T00:00:00,4,3,5,0.81,108,True
FORECAST-001525,COR-03,SEC-07,2026-09-26,2026-09-26T00:00:00,2026-09-26T06:00:00,1,0,2,0.84,26,True
FORECAST-001526,COR-03,SEC-07,2026-09-26,2026-09-26T06:00:00,2026-09-26T12:00:00,0,0,1,0.87,0,True
FORECAST-001527,COR-03,SEC-07,2026-09-26,2026-09-26T12:00:00,2026-09-26T18:00:00,4,3,5,0.72,108,True
FORECAST-001528,COR-03,SEC-07,2026-09-26,2026-09-26T18:00:00,2026-09-27T00:00:00,0,0,1,0.83,0,True
FORECAST-001529,COR-03,SEC-08,2026-09-26,2026-09-26T00:00:00,2026-09-26T06:00:00,1,0,3,0.84,27,True
FORECAST-001530,COR-03,SEC-08,2026-09-26,2026-09-26T06:00:00,2026-09-26T12:00:00,2,1,3,0.86,38,True
FORECAST-001531,COR-03,SEC-08,2026-09-26,2026-09-26T12:00:00,2026-09-26T18:00:00,1,0,3,0.83,27,True
FORECAST-001532,COR-03,SEC-08,2026-09-26,2026-09-26T18:00:00,2026-09-27T00:00:00,4,2,6,0.83,112,True
FORECAST-001533,COR-03,SEC-09,2026-09-26,2026-09-26T00:00:00,2026-09-26T06:00:00,3,2,4,0.73,60,True
FORECAST-001534,COR-03,SEC-09,2026-09-26,2026-09-26T06:00:00,2026-09-26T12:00:00,1,0,3,0.82,28,True
FORECAST-001535,COR-03,SEC-09,2026-09-26,2026-09-26T12:00:00,2026-09-26T18:00:00,3,2,4,0.77,63,True
FORECAST-001536,COR-03,SEC-09,2026-09-26,2026-09-26T18:00:00,2026-09-27T00:00:00,3,2,4,0.76,60,True
FORECAST-001537,COR-04,SEC-10,2026-09-26,2026-09-26T00:00:00,2026-09-26T06:00:00,1,0,2,0.78,26,True
FORECAST-001538,COR-04,SEC-10,2026-09-26,2026-09-26T06:00:00,2026-09-26T12:00:00,2,0,4,0.77,44,True
FORECAST-001539,COR-04,SEC-10,2026-09-26,2026-09-26T12:00:00,2026-09-26T18:00:00,1,0,2,0.82,25,True
FORECAST-001540,COR-04,SEC-10,2026-09-26,2026-09-26T18:00:00,2026-09-27T00:00:00,3,2,4,0.89,81,True
FORECAST-001541,COR-04,SEC-11,2026-09-26,2026-09-26T00:00:00,2026-09-26T06:00:00,3,2,4,0.79,78,True
FORECAST-001542,COR-04,SEC-11,2026-09-26,2026-09-26T06:00:00,2026-09-26T12:00:00,3,2,4,0.78,72,True
FORECAST-001543,COR-04,SEC-11,2026-09-26,2026-09-26T12:00:00,2026-09-26T18:00:00,4,3,5,0.75,84,True
FORECAST-001544,COR-04,SEC-11,2026-09-26,2026-09-26T18:00:00,2026-09-27T00:00:00,3,2,4,0.83,75,True
FORECAST-001545,COR-04,SEC-12,2026-09-26,2026-09-26T00:00:00,2026-09-26T06:00:00,3,2,4,0.74,78,True
FORECAST-001546,COR-04,SEC-12,2026-09-26,2026-09-26T06:00:00,2026-09-26T12:00:00,3,2,4,0.86,60,True
FORECAST-001547,COR-04,SEC-12,2026-09-26,2026-09-26T12:00:00,2026-09-26T18:00:00,0,0,2,0.74,0,True
FORECAST-001548,COR-04,SEC-12,2026-09-26,2026-09-26T18:00:00,2026-09-27T00:00:00,0,0,1,0.74,0,True
FORECAST-001549,COR-05,SEC-13,2026-09-26,2026-09-26T00:00:00,2026-09-26T06:00:00,4,3,5,0.74,92,True
FORECAST-001550,COR-05,SEC-13,2026-09-26,2026-09-26T06:00:00,2026-09-26T12:00:00,5,4,6,0.88,100,True
FORECAST-001551,COR-05,SEC-13,2026-09-26,2026-09-26T12:00:00,2026-09-26T18:00:00,4,3,5,0.87,108,True
FORECAST-001552,COR-05,SEC-13,2026-09-26,2026-09-26T18:00:00,2026-09-27T00:00:00,5,3,7,0.79,130,True
FORECAST-001553,COR-05,SEC-14,2026-09-26,2026-09-26T00:00:00,2026-09-26T06:00:00,3,2,4,0.88,84,True
FORECAST-001554,COR-05,SEC-14,2026-09-26,2026-09-26T06:00:00,2026-09-26T12:00:00,5,3,7,0.92,90,True
FORECAST-001555,COR-05,SEC-14,2026-09-26,2026-09-26T12:00:00,2026-09-26T18:00:00,7,6,8,0.83,189,True
FORECAST-001556,COR-05,SEC-14,2026-09-26,2026-09-26T18:00:00,2026-09-27T00:00:00,3,1,5,0.74,63,True
FORECAST-001557,COR-05,SEC-15,2026-09-26,2026-09-26T00:00:00,2026-09-26T06:00:00,3,1,5,0.89,66,True
FORECAST-001558,COR-05,SEC-15,2026-09-26,2026-09-26T06:00:00,2026-09-26T12:00:00,3,2,4,0.75,84,True
FORECAST-001559,COR-05,SEC-15,2026-09-26,2026-09-26T12:00:00,2026-09-26T18:00:00,6,5,7,0.77,108,True
FORECAST-001560,COR-05,SEC-15,2026-09-26,2026-09-26T18:00:00,2026-09-27T00:00:00,4,2,6,0.79,112,True
FORECAST-001561,COR-01,SEC-01,2026-09-27,2026-09-27T00:00:00,2026-09-27T06:00:00,2,1,3,0.76,42,True
FORECAST-001562,COR-01,SEC-01,2026-09-27,2026-09-27T06:00:00,2026-09-27T12:00:00,3,1,5,0.76,54,True
FORECAST-001563,COR-01,SEC-01,2026-09-27,2026-09-27T12:00:00,2026-09-27T18:00:00,2,1,3,0.76,50,True
FORECAST-001564,COR-01,SEC-01,2026-09-27,2026-09-27T18:00:00,2026-09-28T00:00:00,0,0,1,0.73,0,True
FORECAST-001565,COR-01,SEC-02,2026-09-27,2026-09-27T00:00:00,2026-09-27T06:00:00,4,2,6,0.86,92,True
FORECAST-001566,COR-01,SEC-02,2026-09-27,2026-09-27T06:00:00,2026-09-27T12:00:00,4,2,6,0.85,104,True
FORECAST-001567,COR-01,SEC-02,2026-09-27,2026-09-27T12:00:00,2026-09-27T18:00:00,2,1,3,0.79,54,True
FORECAST-001568,COR-01,SEC-02,2026-09-27,2026-09-27T18:00:00,2026-09-28T00:00:00,1,0,2,0.81,23,True
FORECAST-001569,COR-01,SEC-03,2026-09-27,2026-09-27T00:00:00,2026-09-27T06:00:00,2,1,3,0.92,56,True
FORECAST-001570,COR-01,SEC-03,2026-09-27,2026-09-27T06:00:00,2026-09-27T12:00:00,4,3,5,0.84,112,True
FORECAST-001571,COR-01,SEC-03,2026-09-27,2026-09-27T12:00:00,2026-09-27T18:00:00,0,0,2,0.8,0,True
FORECAST-001572,COR-01,SEC-03,2026-09-27,2026-09-27T18:00:00,2026-09-28T00:00:00,1,0,2,0.86,23,True
FORECAST-001573,COR-02,SEC-04,2026-09-27,2026-09-27T00:00:00,2026-09-27T06:00:00,1,0,2,0.81,20,True
FORECAST-001574,COR-02,SEC-04,2026-09-27,2026-09-27T06:00:00,2026-09-27T12:00:00,3,2,4,0.89,57,True
FORECAST-001575,COR-02,SEC-04,2026-09-27,2026-09-27T12:00:00,2026-09-27T18:00:00,0,0,2,0.89,0,True
FORECAST-001576,COR-02,SEC-04,2026-09-27,2026-09-27T18:00:00,2026-09-28T00:00:00,2,1,3,0.72,36,True
FORECAST-001577,COR-02,SEC-05,2026-09-27,2026-09-27T00:00:00,2026-09-27T06:00:00,3,2,4,0.81,54,True
FORECAST-001578,COR-02,SEC-05,2026-09-27,2026-09-27T06:00:00,2026-09-27T12:00:00,4,2,6,0.74,92,True
FORECAST-001579,COR-02,SEC-05,2026-09-27,2026-09-27T12:00:00,2026-09-27T18:00:00,4,3,5,0.74,84,True
FORECAST-001580,COR-02,SEC-05,2026-09-27,2026-09-27T18:00:00,2026-09-28T00:00:00,2,1,3,0.86,48,True
FORECAST-001581,COR-02,SEC-06,2026-09-27,2026-09-27T00:00:00,2026-09-27T06:00:00,3,2,4,0.8,60,True
FORECAST-001582,COR-02,SEC-06,2026-09-27,2026-09-27T06:00:00,2026-09-27T12:00:00,1,0,2,0.8,24,True
FORECAST-001583,COR-02,SEC-06,2026-09-27,2026-09-27T12:00:00,2026-09-27T18:00:00,0,0,1,0.86,0,True
FORECAST-001584,COR-02,SEC-06,2026-09-27,2026-09-27T18:00:00,2026-09-28T00:00:00,4,3,5,0.87,108,True
FORECAST-001585,COR-03,SEC-07,2026-09-27,2026-09-27T00:00:00,2026-09-27T06:00:00,4,2,6,0.86,80,True
FORECAST-001586,COR-03,SEC-07,2026-09-27,2026-09-27T06:00:00,2026-09-27T12:00:00,2,1,3,0.85,54,True
FORECAST-001587,COR-03,SEC-07,2026-09-27,2026-09-27T12:00:00,2026-09-27T18:00:00,2,0,4,0.92,56,True
FORECAST-001588,COR-03,SEC-07,2026-09-27,2026-09-27T18:00:00,2026-09-28T00:00:00,0,0,2,0.9,0,True
FORECAST-001589,COR-03,SEC-08,2026-09-27,2026-09-27T00:00:00,2026-09-27T06:00:00,3,2,4,0.82,78,True
FORECAST-001590,COR-03,SEC-08,2026-09-27,2026-09-27T06:00:00,2026-09-27T12:00:00,4,3,5,0.81,96,True
FORECAST-001591,COR-03,SEC-08,2026-09-27,2026-09-27T12:00:00,2026-09-27T18:00:00,2,1,3,0.75,44,True
FORECAST-001592,COR-03,SEC-08,2026-09-27,2026-09-27T18:00:00,2026-09-28T00:00:00,2,0,4,0.76,50,True
FORECAST-001593,COR-03,SEC-09,2026-09-27,2026-09-27T00:00:00,2026-09-27T06:00:00,1,0,2,0.74,28,True
FORECAST-001594,COR-03,SEC-09,2026-09-27,2026-09-27T06:00:00,2026-09-27T12:00:00,1,0,2,0.87,18,True
FORECAST-001595,COR-03,SEC-09,2026-09-27,2026-09-27T12:00:00,2026-09-27T18:00:00,2,1,3,0.88,40,True
FORECAST-001596,COR-03,SEC-09,2026-09-27,2026-09-27T18:00:00,2026-09-28T00:00:00,4,3,5,0.76,100,True
FORECAST-001597,COR-04,SEC-10,2026-09-27,2026-09-27T00:00:00,2026-09-27T06:00:00,1,0,3,0.8,28,True
FORECAST-001598,COR-04,SEC-10,2026-09-27,2026-09-27T06:00:00,2026-09-27T12:00:00,1,0,2,0.92,19,True
FORECAST-001599,COR-04,SEC-10,2026-09-27,2026-09-27T12:00:00,2026-09-27T18:00:00,2,1,3,0.79,54,True
FORECAST-001600,COR-04,SEC-10,2026-09-27,2026-09-27T18:00:00,2026-09-28T00:00:00,4,3,5,0.92,108,True
FORECAST-001601,COR-04,SEC-11,2026-09-27,2026-09-27T00:00:00,2026-09-27T06:00:00,3,1,5,0.8,75,True
FORECAST-001602,COR-04,SEC-11,2026-09-27,2026-09-27T06:00:00,2026-09-27T12:00:00,2,1,3,0.81,48,True
FORECAST-001603,COR-04,SEC-11,2026-09-27,2026-09-27T12:00:00,2026-09-27T18:00:00,2,1,3,0.81,54,True
FORECAST-001604,COR-04,SEC-11,2026-09-27,2026-09-27T18:00:00,2026-09-28T00:00:00,0,0,1,0.79,0,True
FORECAST-001605,COR-04,SEC-12,2026-09-27,2026-09-27T00:00:00,2026-09-27T06:00:00,0,0,1,0.91,0,True
FORECAST-001606,COR-04,SEC-12,2026-09-27,2026-09-27T06:00:00,2026-09-27T12:00:00,3,1,5,0.88,54,True
FORECAST-001607,COR-04,SEC-12,2026-09-27,2026-09-27T12:00:00,2026-09-27T18:00:00,2,1,3,0.85,56,True
FORECAST-001608,COR-04,SEC-12,2026-09-27,2026-09-27T18:00:00,2026-09-28T00:00:00,1,0,3,0.93,28,True
FORECAST-001609,COR-05,SEC-13,2026-09-27,2026-09-27T00:00:00,2026-09-27T06:00:00,7,6,8,0.86,168,True
FORECAST-001610,COR-05,SEC-13,2026-09-27,2026-09-27T06:00:00,2026-09-27T12:00:00,4,3,5,0.93,96,True
FORECAST-001611,COR-05,SEC-13,2026-09-27,2026-09-27T12:00:00,2026-09-27T18:00:00,6,5,7,0.91,132,True
FORECAST-001612,COR-05,SEC-13,2026-09-27,2026-09-27T18:00:00,2026-09-28T00:00:00,4,3,5,0.93,100,True
FORECAST-001613,COR-05,SEC-14,2026-09-27,2026-09-27T00:00:00,2026-09-27T06:00:00,4,3,5,0.81,108,True
FORECAST-001614,COR-05,SEC-14,2026-09-27,2026-09-27T06:00:00,2026-09-27T12:00:00,7,6,8,0.91,196,True
FORECAST-001615,COR-05,SEC-14,2026-09-27,2026-09-27T12:00:00,2026-09-27T18:00:00,3,2,4,0.78,72,True
FORECAST-001616,COR-05,SEC-14,2026-09-27,2026-09-27T18:00:00,2026-09-28T00:00:00,6,4,8,0.75,120,True
FORECAST-001617,COR-05,SEC-15,2026-09-27,2026-09-27T00:00:00,2026-09-27T06:00:00,5,3,7,0.78,110,True
FORECAST-001618,COR-05,SEC-15,2026-09-27,2026-09-27T06:00:00,2026-09-27T12:00:00,7,5,9,0.8,175,True
FORECAST-001619,COR-05,SEC-15,2026-09-27,2026-09-27T12:00:00,2026-09-27T18:00:00,3,2,4,0.9,54,True
FORECAST-001620,COR-05,SEC-15,2026-09-27,2026-09-27T18:00:00,2026-09-28T00:00:00,4,3,5,0.94,72,True
FORECAST-001621,COR-01,SEC-01,2026-09-28,2026-09-28T00:00:00,2026-09-28T06:00:00,3,2,4,0.92,84,True
FORECAST-001622,COR-01,SEC-01,2026-09-28,2026-09-28T06:00:00,2026-09-28T12:00:00,3,2,4,0.85,57,True
FORECAST-001623,COR-01,SEC-01,2026-09-28,2026-09-28T12:00:00,2026-09-28T18:00:00,4,3,5,0.75,96,True
FORECAST-001624,COR-01,SEC-01,2026-09-28,2026-09-28T18:00:00,2026-09-29T00:00:00,1,0,3,0.84,23,True
FORECAST-001625,COR-01,SEC-02,2026-09-28,2026-09-28T00:00:00,2026-09-28T06:00:00,1,0,3,0.76,20,True
FORECAST-001626,COR-01,SEC-02,2026-09-28,2026-09-28T06:00:00,2026-09-28T12:00:00,0,0,2,0.72,0,True
FORECAST-001627,COR-01,SEC-02,2026-09-28,2026-09-28T12:00:00,2026-09-28T18:00:00,3,1,5,0.91,78,True
FORECAST-001628,COR-01,SEC-02,2026-09-28,2026-09-28T18:00:00,2026-09-29T00:00:00,1,0,2,0.87,23,True
FORECAST-001629,COR-01,SEC-03,2026-09-28,2026-09-28T00:00:00,2026-09-28T06:00:00,2,1,3,0.73,48,True
FORECAST-001630,COR-01,SEC-03,2026-09-28,2026-09-28T06:00:00,2026-09-28T12:00:00,3,2,4,0.85,84,True
FORECAST-001631,COR-01,SEC-03,2026-09-28,2026-09-28T12:00:00,2026-09-28T18:00:00,3,2,4,0.86,66,True
FORECAST-001632,COR-01,SEC-03,2026-09-28,2026-09-28T18:00:00,2026-09-29T00:00:00,2,0,4,0.76,44,True
FORECAST-001633,COR-02,SEC-04,2026-09-28,2026-09-28T00:00:00,2026-09-28T06:00:00,4,2,6,0.85,96,True
FORECAST-001634,COR-02,SEC-04,2026-09-28,2026-09-28T06:00:00,2026-09-28T12:00:00,3,1,5,0.9,81,True
FORECAST-001635,COR-02,SEC-04,2026-09-28,2026-09-28T12:00:00,2026-09-28T18:00:00,3,2,4,0.84,66,True
FORECAST-001636,COR-02,SEC-04,2026-09-28,2026-09-28T18:00:00,2026-09-29T00:00:00,3,2,4,0.86,81,True
FORECAST-001637,COR-02,SEC-05,2026-09-28,2026-09-28T00:00:00,2026-09-28T06:00:00,3,2,4,0.9,66,True
FORECAST-001638,COR-02,SEC-05,2026-09-28,2026-09-28T06:00:00,2026-09-28T12:00:00,2,0,4,0.9,54,True
FORECAST-001639,COR-02,SEC-05,2026-09-28,2026-09-28T12:00:00,2026-09-28T18:00:00,4,3,5,0.89,76,True
FORECAST-001640,COR-02,SEC-05,2026-09-28,2026-09-28T18:00:00,2026-09-29T00:00:00,1,0,2,0.91,18,True
FORECAST-001641,COR-02,SEC-06,2026-09-28,2026-09-28T00:00:00,2026-09-28T06:00:00,1,0,2,0.87,22,True
FORECAST-001642,COR-02,SEC-06,2026-09-28,2026-09-28T06:00:00,2026-09-28T12:00:00,2,1,3,0.87,46,True
FORECAST-001643,COR-02,SEC-06,2026-09-28,2026-09-28T12:00:00,2026-09-28T18:00:00,1,0,3,0.92,25,True
FORECAST-001644,COR-02,SEC-06,2026-09-28,2026-09-28T18:00:00,2026-09-29T00:00:00,3,1,5,0.91,66,True
FORECAST-001645,COR-03,SEC-07,2026-09-28,2026-09-28T00:00:00,2026-09-28T06:00:00,4,2,6,0.85,92,True
FORECAST-001646,COR-03,SEC-07,2026-09-28,2026-09-28T06:00:00,2026-09-28T12:00:00,1,0,2,0.8,28,True
FORECAST-001647,COR-03,SEC-07,2026-09-28,2026-09-28T12:00:00,2026-09-28T18:00:00,4,3,5,0.81,76,True
FORECAST-001648,COR-03,SEC-07,2026-09-28,2026-09-28T18:00:00,2026-09-29T00:00:00,1,0,2,0.77,23,True
FORECAST-001649,COR-03,SEC-08,2026-09-28,2026-09-28T00:00:00,2026-09-28T06:00:00,2,1,3,0.82,36,True
FORECAST-001650,COR-03,SEC-08,2026-09-28,2026-09-28T06:00:00,2026-09-28T12:00:00,4,3,5,0.92,92,True
FORECAST-001651,COR-03,SEC-08,2026-09-28,2026-09-28T12:00:00,2026-09-28T18:00:00,4,3,5,0.9,100,True
FORECAST-001652,COR-03,SEC-08,2026-09-28,2026-09-28T18:00:00,2026-09-29T00:00:00,3,1,5,0.81,66,True
FORECAST-001653,COR-03,SEC-09,2026-09-28,2026-09-28T00:00:00,2026-09-28T06:00:00,0,0,1,0.85,0,True
FORECAST-001654,COR-03,SEC-09,2026-09-28,2026-09-28T06:00:00,2026-09-28T12:00:00,2,0,4,0.9,40,True
FORECAST-001655,COR-03,SEC-09,2026-09-28,2026-09-28T12:00:00,2026-09-28T18:00:00,4,2,6,0.87,88,True
FORECAST-001656,COR-03,SEC-09,2026-09-28,2026-09-28T18:00:00,2026-09-29T00:00:00,0,0,1,0.92,0,True
FORECAST-001657,COR-04,SEC-10,2026-09-28,2026-09-28T00:00:00,2026-09-28T06:00:00,3,2,4,0.82,78,True
FORECAST-001658,COR-04,SEC-10,2026-09-28,2026-09-28T06:00:00,2026-09-28T12:00:00,0,0,2,0.84,0,True
FORECAST-001659,COR-04,SEC-10,2026-09-28,2026-09-28T12:00:00,2026-09-28T18:00:00,4,3,5,0.81,84,True
FORECAST-001660,COR-04,SEC-10,2026-09-28,2026-09-28T18:00:00,2026-09-29T00:00:00,0,0,1,0.79,0,True
FORECAST-001661,COR-04,SEC-11,2026-09-28,2026-09-28T00:00:00,2026-09-28T06:00:00,2,0,4,0.89,56,True
FORECAST-001662,COR-04,SEC-11,2026-09-28,2026-09-28T06:00:00,2026-09-28T12:00:00,4,2,6,0.9,108,True
FORECAST-001663,COR-04,SEC-11,2026-09-28,2026-09-28T12:00:00,2026-09-28T18:00:00,1,0,3,0.84,20,True
FORECAST-001664,COR-04,SEC-11,2026-09-28,2026-09-28T18:00:00,2026-09-29T00:00:00,0,0,1,0.84,0,True
FORECAST-001665,COR-04,SEC-12,2026-09-28,2026-09-28T00:00:00,2026-09-28T06:00:00,2,1,3,0.79,38,True
FORECAST-001666,COR-04,SEC-12,2026-09-28,2026-09-28T06:00:00,2026-09-28T12:00:00,3,2,4,0.83,81,True
FORECAST-001667,COR-04,SEC-12,2026-09-28,2026-09-28T12:00:00,2026-09-28T18:00:00,4,3,5,0.86,76,True
FORECAST-001668,COR-04,SEC-12,2026-09-28,2026-09-28T18:00:00,2026-09-29T00:00:00,1,0,2,0.74,18,True
FORECAST-001669,COR-05,SEC-13,2026-09-28,2026-09-28T00:00:00,2026-09-28T06:00:00,3,1,5,0.81,78,True
FORECAST-001670,COR-05,SEC-13,2026-09-28,2026-09-28T06:00:00,2026-09-28T12:00:00,6,4,8,0.86,126,True
FORECAST-001671,COR-05,SEC-13,2026-09-28,2026-09-28T12:00:00,2026-09-28T18:00:00,4,2,6,0.93,104,True
FORECAST-001672,COR-05,SEC-13,2026-09-28,2026-09-28T18:00:00,2026-09-29T00:00:00,3,2,4,0.75,84,True
FORECAST-001673,COR-05,SEC-14,2026-09-28,2026-09-28T00:00:00,2026-09-28T06:00:00,5,4,6,0.81,105,True
FORECAST-001674,COR-05,SEC-14,2026-09-28,2026-09-28T06:00:00,2026-09-28T12:00:00,3,2,4,0.79,75,True
FORECAST-001675,COR-05,SEC-14,2026-09-28,2026-09-28T12:00:00,2026-09-28T18:00:00,3,1,5,0.92,72,True
FORECAST-001676,COR-05,SEC-14,2026-09-28,2026-09-28T18:00:00,2026-09-29T00:00:00,5,3,7,0.81,115,True
FORECAST-001677,COR-05,SEC-15,2026-09-28,2026-09-28T00:00:00,2026-09-28T06:00:00,6,4,8,0.91,168,True
FORECAST-001678,COR-05,SEC-15,2026-09-28,2026-09-28T06:00:00,2026-09-28T12:00:00,5,3,7,0.79,140,True
FORECAST-001679,COR-05,SEC-15,2026-09-28,2026-09-28T12:00:00,2026-09-28T18:00:00,3,2,4,0.9,57,True
FORECAST-001680,COR-05,SEC-15,2026-09-28,2026-09-28T18:00:00,2026-09-29T00:00:00,3,1,5,0.84,66,True
FORECAST-001681,COR-01,SEC-01,2026-09-29,2026-09-29T00:00:00,2026-09-29T06:00:00,0,0,1,0.81,0,True
FORECAST-001682,COR-01,SEC-01,2026-09-29,2026-09-29T06:00:00,2026-09-29T12:00:00,4,3,5,0.79,108,True
FORECAST-001683,COR-01,SEC-01,2026-09-29,2026-09-29T12:00:00,2026-09-29T18:00:00,3,2,4,0.94,75,True
FORECAST-001684,COR-01,SEC-01,2026-09-29,2026-09-29T18:00:00,2026-09-30T00:00:00,0,0,1,0.83,0,True
FORECAST-001685,COR-01,SEC-02,2026-09-29,2026-09-29T00:00:00,2026-09-29T06:00:00,2,1,3,0.84,54,True
FORECAST-001686,COR-01,SEC-02,2026-09-29,2026-09-29T06:00:00,2026-09-29T12:00:00,2,1,3,0.81,38,True
FORECAST-001687,COR-01,SEC-02,2026-09-29,2026-09-29T12:00:00,2026-09-29T18:00:00,2,1,3,0.75,44,True
FORECAST-001688,COR-01,SEC-02,2026-09-29,2026-09-29T18:00:00,2026-09-30T00:00:00,3,2,4,0.76,57,True
FORECAST-001689,COR-01,SEC-03,2026-09-29,2026-09-29T00:00:00,2026-09-29T06:00:00,1,0,2,0.75,21,True
FORECAST-001690,COR-01,SEC-03,2026-09-29,2026-09-29T06:00:00,2026-09-29T12:00:00,3,2,4,0.8,84,True
FORECAST-001691,COR-01,SEC-03,2026-09-29,2026-09-29T12:00:00,2026-09-29T18:00:00,0,0,1,0.85,0,True
FORECAST-001692,COR-01,SEC-03,2026-09-29,2026-09-29T18:00:00,2026-09-30T00:00:00,4,3,5,0.86,88,True
FORECAST-001693,COR-02,SEC-04,2026-09-29,2026-09-29T00:00:00,2026-09-29T06:00:00,0,0,2,0.86,0,True
FORECAST-001694,COR-02,SEC-04,2026-09-29,2026-09-29T06:00:00,2026-09-29T12:00:00,4,3,5,0.93,72,True
FORECAST-001695,COR-02,SEC-04,2026-09-29,2026-09-29T12:00:00,2026-09-29T18:00:00,4,3,5,0.91,88,True
FORECAST-001696,COR-02,SEC-04,2026-09-29,2026-09-29T18:00:00,2026-09-30T00:00:00,2,0,4,0.85,44,True
FORECAST-001697,COR-02,SEC-05,2026-09-29,2026-09-29T00:00:00,2026-09-29T06:00:00,3,2,4,0.77,78,True
FORECAST-001698,COR-02,SEC-05,2026-09-29,2026-09-29T06:00:00,2026-09-29T12:00:00,4,2,6,0.92,112,True
FORECAST-001699,COR-02,SEC-05,2026-09-29,2026-09-29T12:00:00,2026-09-29T18:00:00,1,0,2,0.88,20,True
FORECAST-001700,COR-02,SEC-05,2026-09-29,2026-09-29T18:00:00,2026-09-30T00:00:00,2,1,3,0.92,38,True
FORECAST-001701,COR-02,SEC-06,2026-09-29,2026-09-29T00:00:00,2026-09-29T06:00:00,0,0,2,0.85,0,True
FORECAST-001702,COR-02,SEC-06,2026-09-29,2026-09-29T06:00:00,2026-09-29T12:00:00,0,0,1,0.79,0,True
FORECAST-001703,COR-02,SEC-06,2026-09-29,2026-09-29T12:00:00,2026-09-29T18:00:00,0,0,2,0.93,0,True
FORECAST-001704,COR-02,SEC-06,2026-09-29,2026-09-29T18:00:00,2026-09-30T00:00:00,0,0,2,0.88,0,True
FORECAST-001705,COR-03,SEC-07,2026-09-29,2026-09-29T00:00:00,2026-09-29T06:00:00,0,0,2,0.79,0,True
FORECAST-001706,COR-03,SEC-07,2026-09-29,2026-09-29T06:00:00,2026-09-29T12:00:00,0,0,2,0.9,0,True
FORECAST-001707,COR-03,SEC-07,2026-09-29,2026-09-29T12:00:00,2026-09-29T18:00:00,3,1,5,0.91,84,True
FORECAST-001708,COR-03,SEC-07,2026-09-29,2026-09-29T18:00:00,2026-09-30T00:00:00,4,2,6,0.86,92,True
FORECAST-001709,COR-03,SEC-08,2026-09-29,2026-09-29T00:00:00,2026-09-29T06:00:00,0,0,1,0.79,0,True
FORECAST-001710,COR-03,SEC-08,2026-09-29,2026-09-29T06:00:00,2026-09-29T12:00:00,4,3,5,0.87,92,True
FORECAST-001711,COR-03,SEC-08,2026-09-29,2026-09-29T12:00:00,2026-09-29T18:00:00,3,2,4,0.85,72,True
FORECAST-001712,COR-03,SEC-08,2026-09-29,2026-09-29T18:00:00,2026-09-30T00:00:00,3,2,4,0.81,81,True
FORECAST-001713,COR-03,SEC-09,2026-09-29,2026-09-29T00:00:00,2026-09-29T06:00:00,2,1,3,0.92,48,True
FORECAST-001714,COR-03,SEC-09,2026-09-29,2026-09-29T06:00:00,2026-09-29T12:00:00,3,2,4,0.74,78,True
FORECAST-001715,COR-03,SEC-09,2026-09-29,2026-09-29T12:00:00,2026-09-29T18:00:00,4,2,6,0.79,88,True
FORECAST-001716,COR-03,SEC-09,2026-09-29,2026-09-29T18:00:00,2026-09-30T00:00:00,3,2,4,0.85,84,True
FORECAST-001717,COR-04,SEC-10,2026-09-29,2026-09-29T00:00:00,2026-09-29T06:00:00,1,0,3,0.83,23,True
FORECAST-001718,COR-04,SEC-10,2026-09-29,2026-09-29T06:00:00,2026-09-29T12:00:00,3,2,4,0.73,57,True
FORECAST-001719,COR-04,SEC-10,2026-09-29,2026-09-29T12:00:00,2026-09-29T18:00:00,3,1,5,0.84,57,True
FORECAST-001720,COR-04,SEC-10,2026-09-29,2026-09-29T18:00:00,2026-09-30T00:00:00,2,1,3,0.73,54,True
FORECAST-001721,COR-04,SEC-11,2026-09-29,2026-09-29T00:00:00,2026-09-29T06:00:00,1,0,3,0.8,20,True
FORECAST-001722,COR-04,SEC-11,2026-09-29,2026-09-29T06:00:00,2026-09-29T12:00:00,0,0,2,0.73,0,True
FORECAST-001723,COR-04,SEC-11,2026-09-29,2026-09-29T12:00:00,2026-09-29T18:00:00,1,0,2,0.8,24,True
FORECAST-001724,COR-04,SEC-11,2026-09-29,2026-09-29T18:00:00,2026-09-30T00:00:00,2,0,4,0.73,48,True
FORECAST-001725,COR-04,SEC-12,2026-09-29,2026-09-29T00:00:00,2026-09-29T06:00:00,2,1,3,0.79,38,True
FORECAST-001726,COR-04,SEC-12,2026-09-29,2026-09-29T06:00:00,2026-09-29T12:00:00,1,0,2,0.74,22,True
FORECAST-001727,COR-04,SEC-12,2026-09-29,2026-09-29T12:00:00,2026-09-29T18:00:00,0,0,1,0.77,0,True
FORECAST-001728,COR-04,SEC-12,2026-09-29,2026-09-29T18:00:00,2026-09-30T00:00:00,1,0,2,0.86,26,True
FORECAST-001729,COR-05,SEC-13,2026-09-29,2026-09-29T00:00:00,2026-09-29T06:00:00,5,4,6,0.83,140,True
FORECAST-001730,COR-05,SEC-13,2026-09-29,2026-09-29T06:00:00,2026-09-29T12:00:00,7,6,8,0.72,147,True
FORECAST-001731,COR-05,SEC-13,2026-09-29,2026-09-29T12:00:00,2026-09-29T18:00:00,6,4,8,0.78,150,True
FORECAST-001732,COR-05,SEC-13,2026-09-29,2026-09-29T18:00:00,2026-09-30T00:00:00,3,2,4,0.94,69,True
FORECAST-001733,COR-05,SEC-14,2026-09-29,2026-09-29T00:00:00,2026-09-29T06:00:00,6,5,7,0.84,144,True
FORECAST-001734,COR-05,SEC-14,2026-09-29,2026-09-29T06:00:00,2026-09-29T12:00:00,4,3,5,0.94,96,True
FORECAST-001735,COR-05,SEC-14,2026-09-29,2026-09-29T12:00:00,2026-09-29T18:00:00,3,1,5,0.84,72,True
FORECAST-001736,COR-05,SEC-14,2026-09-29,2026-09-29T18:00:00,2026-09-30T00:00:00,7,6,8,0.76,161,True
FORECAST-001737,COR-05,SEC-15,2026-09-29,2026-09-29T00:00:00,2026-09-29T06:00:00,4,3,5,0.87,84,True
FORECAST-001738,COR-05,SEC-15,2026-09-29,2026-09-29T06:00:00,2026-09-29T12:00:00,4,3,5,0.81,104,True
FORECAST-001739,COR-05,SEC-15,2026-09-29,2026-09-29T12:00:00,2026-09-29T18:00:00,6,4,8,0.78,108,True
FORECAST-001740,COR-05,SEC-15,2026-09-29,2026-09-29T18:00:00,2026-09-30T00:00:00,4,2,6,0.86,88,True
FORECAST-001741,COR-01,SEC-01,2026-09-30,2026-09-30T00:00:00,2026-09-30T06:00:00,0,0,1,0.85,0,True
FORECAST-001742,COR-01,SEC-01,2026-09-30,2026-09-30T06:00:00,2026-09-30T12:00:00,0,0,2,0.84,0,True
FORECAST-001743,COR-01,SEC-01,2026-09-30,2026-09-30T12:00:00,2026-09-30T18:00:00,4,2,6,0.79,76,True
FORECAST-001744,COR-01,SEC-01,2026-09-30,2026-09-30T18:00:00,2026-10-01T00:00:00,3,2,4,0.79,60,True
FORECAST-001745,COR-01,SEC-02,2026-09-30,2026-09-30T00:00:00,2026-09-30T06:00:00,4,3,5,0.89,84,True
FORECAST-001746,COR-01,SEC-02,2026-09-30,2026-09-30T06:00:00,2026-09-30T12:00:00,1,0,2,0.8,22,True
FORECAST-001747,COR-01,SEC-02,2026-09-30,2026-09-30T12:00:00,2026-09-30T18:00:00,4,2,6,0.74,84,True
FORECAST-001748,COR-01,SEC-02,2026-09-30,2026-09-30T18:00:00,2026-10-01T00:00:00,0,0,2,0.74,0,True
FORECAST-001749,COR-01,SEC-03,2026-09-30,2026-09-30T00:00:00,2026-09-30T06:00:00,3,2,4,0.81,54,True
FORECAST-001750,COR-01,SEC-03,2026-09-30,2026-09-30T06:00:00,2026-09-30T12:00:00,2,0,4,0.77,44,True
FORECAST-001751,COR-01,SEC-03,2026-09-30,2026-09-30T12:00:00,2026-09-30T18:00:00,4,2,6,0.81,76,True
FORECAST-001752,COR-01,SEC-03,2026-09-30,2026-09-30T18:00:00,2026-10-01T00:00:00,3,2,4,0.76,57,True
FORECAST-001753,COR-02,SEC-04,2026-09-30,2026-09-30T00:00:00,2026-09-30T06:00:00,2,1,3,0.82,48,True
FORECAST-001754,COR-02,SEC-04,2026-09-30,2026-09-30T06:00:00,2026-09-30T12:00:00,0,0,1,0.83,0,True
FORECAST-001755,COR-02,SEC-04,2026-09-30,2026-09-30T12:00:00,2026-09-30T18:00:00,2,1,3,0.75,50,True
FORECAST-001756,COR-02,SEC-04,2026-09-30,2026-09-30T18:00:00,2026-10-01T00:00:00,4,3,5,0.85,104,True
FORECAST-001757,COR-02,SEC-05,2026-09-30,2026-09-30T00:00:00,2026-09-30T06:00:00,3,2,4,0.9,78,True
FORECAST-001758,COR-02,SEC-05,2026-09-30,2026-09-30T06:00:00,2026-09-30T12:00:00,3,2,4,0.82,72,True
FORECAST-001759,COR-02,SEC-05,2026-09-30,2026-09-30T12:00:00,2026-09-30T18:00:00,4,2,6,0.86,108,True
FORECAST-001760,COR-02,SEC-05,2026-09-30,2026-09-30T18:00:00,2026-10-01T00:00:00,1,0,2,0.86,23,True
FORECAST-001761,COR-02,SEC-06,2026-09-30,2026-09-30T00:00:00,2026-09-30T06:00:00,0,0,2,0.86,0,True
FORECAST-001762,COR-02,SEC-06,2026-09-30,2026-09-30T06:00:00,2026-09-30T12:00:00,4,2,6,0.93,72,True
FORECAST-001763,COR-02,SEC-06,2026-09-30,2026-09-30T12:00:00,2026-09-30T18:00:00,1,0,3,0.79,21,True
FORECAST-001764,COR-02,SEC-06,2026-09-30,2026-09-30T18:00:00,2026-10-01T00:00:00,0,0,2,0.78,0,True
FORECAST-001765,COR-03,SEC-07,2026-09-30,2026-09-30T00:00:00,2026-09-30T06:00:00,0,0,1,0.91,0,True
FORECAST-001766,COR-03,SEC-07,2026-09-30,2026-09-30T06:00:00,2026-09-30T12:00:00,2,1,3,0.89,54,True
FORECAST-001767,COR-03,SEC-07,2026-09-30,2026-09-30T12:00:00,2026-09-30T18:00:00,3,2,4,0.84,78,True
FORECAST-001768,COR-03,SEC-07,2026-09-30,2026-09-30T18:00:00,2026-10-01T00:00:00,2,1,3,0.78,36,True
FORECAST-001769,COR-03,SEC-08,2026-09-30,2026-09-30T00:00:00,2026-09-30T06:00:00,1,0,2,0.86,19,True
FORECAST-001770,COR-03,SEC-08,2026-09-30,2026-09-30T06:00:00,2026-09-30T12:00:00,3,1,5,0.73,78,True
FORECAST-001771,COR-03,SEC-08,2026-09-30,2026-09-30T12:00:00,2026-09-30T18:00:00,1,0,3,0.75,27,True
FORECAST-001772,COR-03,SEC-08,2026-09-30,2026-09-30T18:00:00,2026-10-01T00:00:00,2,1,3,0.84,48,True
FORECAST-001773,COR-03,SEC-09,2026-09-30,2026-09-30T00:00:00,2026-09-30T06:00:00,3,2,4,0.8,69,True
FORECAST-001774,COR-03,SEC-09,2026-09-30,2026-09-30T06:00:00,2026-09-30T12:00:00,1,0,2,0.73,19,True
FORECAST-001775,COR-03,SEC-09,2026-09-30,2026-09-30T12:00:00,2026-09-30T18:00:00,1,0,2,0.81,22,True
FORECAST-001776,COR-03,SEC-09,2026-09-30,2026-09-30T18:00:00,2026-10-01T00:00:00,4,2,6,0.78,108,True
FORECAST-001777,COR-04,SEC-10,2026-09-30,2026-09-30T00:00:00,2026-09-30T06:00:00,1,0,3,0.85,18,True
FORECAST-001778,COR-04,SEC-10,2026-09-30,2026-09-30T06:00:00,2026-09-30T12:00:00,2,0,4,0.8,54,True
FORECAST-001779,COR-04,SEC-10,2026-09-30,2026-09-30T12:00:00,2026-09-30T18:00:00,4,2,6,0.72,84,True
FORECAST-001780,COR-04,SEC-10,2026-09-30,2026-09-30T18:00:00,2026-10-01T00:00:00,2,1,3,0.83,40,True
FORECAST-001781,COR-04,SEC-11,2026-09-30,2026-09-30T00:00:00,2026-09-30T06:00:00,0,0,1,0.85,0,True
FORECAST-001782,COR-04,SEC-11,2026-09-30,2026-09-30T06:00:00,2026-09-30T12:00:00,4,3,5,0.84,72,True
FORECAST-001783,COR-04,SEC-11,2026-09-30,2026-09-30T12:00:00,2026-09-30T18:00:00,1,0,2,0.73,20,True
FORECAST-001784,COR-04,SEC-11,2026-09-30,2026-09-30T18:00:00,2026-10-01T00:00:00,1,0,3,0.75,25,True
FORECAST-001785,COR-04,SEC-12,2026-09-30,2026-09-30T00:00:00,2026-09-30T06:00:00,3,2,4,0.82,78,True
FORECAST-001786,COR-04,SEC-12,2026-09-30,2026-09-30T06:00:00,2026-09-30T12:00:00,2,1,3,0.94,56,True
FORECAST-001787,COR-04,SEC-12,2026-09-30,2026-09-30T12:00:00,2026-09-30T18:00:00,1,0,2,0.73,19,True
FORECAST-001788,COR-04,SEC-12,2026-09-30,2026-09-30T18:00:00,2026-10-01T00:00:00,1,0,2,0.82,24,True
FORECAST-001789,COR-05,SEC-13,2026-09-30,2026-09-30T00:00:00,2026-09-30T06:00:00,4,3,5,0.74,72,True
FORECAST-001790,COR-05,SEC-13,2026-09-30,2026-09-30T06:00:00,2026-09-30T12:00:00,3,1,5,0.84,81,True
FORECAST-001791,COR-05,SEC-13,2026-09-30,2026-09-30T12:00:00,2026-09-30T18:00:00,3,1,5,0.81,84,True
FORECAST-001792,COR-05,SEC-13,2026-09-30,2026-09-30T18:00:00,2026-10-01T00:00:00,3,2,4,0.77,66,True
FORECAST-001793,COR-05,SEC-14,2026-09-30,2026-09-30T00:00:00,2026-09-30T06:00:00,5,4,6,0.79,135,True
FORECAST-001794,COR-05,SEC-14,2026-09-30,2026-09-30T06:00:00,2026-09-30T12:00:00,6,5,7,0.73,108,True
FORECAST-001795,COR-05,SEC-14,2026-09-30,2026-09-30T12:00:00,2026-09-30T18:00:00,3,1,5,0.79,60,True
FORECAST-001796,COR-05,SEC-14,2026-09-30,2026-09-30T18:00:00,2026-10-01T00:00:00,4,2,6,0.88,100,True
FORECAST-001797,COR-05,SEC-15,2026-09-30,2026-09-30T00:00:00,2026-09-30T06:00:00,3,1,5,0.76,57,True
FORECAST-001798,COR-05,SEC-15,2026-09-30,2026-09-30T06:00:00,2026-09-30T12:00:00,6,5,7,0.91,162,True
FORECAST-001799,COR-05,SEC-15,2026-09-30,2026-09-30T12:00:00,2026-09-30T18:00:00,5,4,6,0.8,125,True
FORECAST-001800,COR-05,SEC-15,2026-09-30,2026-09-30T18:00:00,2026-10-01T00:00:00,6,5,7,0.87,150,True
