task_id,source_system,department,asset_id,asset_type,corridor_id,section_id,start_km,end_km,defect_type,defect_severity,safety_criticality,failure_probability,asset_importance,operational_impact,detection_date,due_date,overdue_days,estimated_duration_minutes,minimum_block_minutes,disconnection_type,required_team,required_personnel,required_equipment,preferred_start_time,preferred_end_time,dependency_task_ids,compatible_task_ids,weather_sensitive,status,priority_score,priority_level,synthetic_data,priority_breakdown,priority_explanation
TASK-0001,TMS,Engineering,ASSET-SEC-11-0001,Ballast,COR-04,SEC-11,16.28,18.56,Damaged sleeper,2,1,0.349,1,2,2026-07-27,2026-08-13,15,180,195,Track Possession,ENG-Team-03,4,Rail Grinder,22:00:00,23:59:00,,TASK-0020|TASK-0104,False,Pending,35.68,Low,True,"{""safety_criticality"": 0.0, ""deadline_urgency"": 13.6, ""failure_probability"": 5.58, ""defect_severity"": 3.5, ""operational_impact"": 3.0, ""asset_importance"": 0.0, ""bundling_opportunity"": 4.0, ""resource_readiness"": 6.0}","TASK-0001 received a priority score of 35.7/100 (Low) because it is 15 days overdue, and it can potentially be bundled with 2 cross-department tasks."
TASK-0002,SMMS,Signal & Telecommunication,ASSET-SEC-12-0002,Axle Counter,COR-04,SEC-12,42.37,44.1,Axle counter mismatch,5,4,0.922,3,1,2026-07-30,2026-08-30,0,30,45,Signalling,SNT-Team-02,2,Cable Fault Locator|Signal Tester,14:00:00,17:00:00,,TASK-0106|TASK-0142,False,Pending,61.65,Medium,True,"{""safety_criticality"": 16.5, ""deadline_urgency"": 2.4, ""failure_probability"": 14.75, ""defect_severity"": 14.0, ""operational_impact"": 0.0, ""asset_importance"": 4.0, ""bundling_opportunity"": 4.0, ""resource_readiness"": 6.0}","TASK-0002 received a priority score of 61.6/100 (Medium) because it has high safety criticality, the defect severity is very high, its estimated failure probability is 92%, and it can potentially be bundled with 2 cross-department tasks."
TASK-0003,TDMS,Traction Distribution,ASSET-SEC-06-0003,Insulator,COR-02,SEC-06,44.57,47.03,Feeder voltage anomaly,1,4,0.34,1,2,2026-06-30,2026-08-06,22,90,135,Power,TRD-Team-01,4,OHE Inspection Vehicle,22:00:00,23:59:00,,TASK-0029|TASK-0065|TASK-0080,False,Pending,52.41,Medium,True,"{""safety_criticality"": 16.5, ""deadline_urgency"": 15.47, ""failure_probability"": 5.44, ""defect_severity"": 0.0, ""operational_impact"": 3.0, ""asset_importance"": 0.0, ""bundling_opportunity"": 6.0, ""resource_readiness"": 6.0}","TASK-0003 received a priority score of 52.4/100 (Medium) because it has high safety criticality, it is 22 days overdue, and it can potentially be bundled with 3 cross-department tasks."
TASK-0004,TMS,Engineering,ASSET-SEC-07-0004,Bridge Component,COR-03,SEC-07,5.42,7.4,Insufficient ballast,3,3,0.492,2,4,2026-07-12,2026-07-25,34,120,165,Track Possession,ENG-Team-02,6,Inspection Trolley,00:00:00,04:00:00,,TASK-0066|TASK-0108,False,Pending,62.87,Medium,True,"{""safety_criticality"": 11.0, ""deadline_urgency"": 16.0, ""failure_probability"": 7.87, ""defect_severity"": 7.0, ""operational_impact"": 9.0, ""asset_importance"": 2.0, ""bundling_opportunity"": 4.0, ""resource_readiness"": 6.0}","TASK-0004 received a priority score of 62.9/100 (Medium) because it is 34 days overdue, it can materially affect railway operations, and it can potentially be bundled with 2 cross-department tasks."
TASK-0005,SMMS,Signal & Telecommunication,ASSET-SEC-14-0005,Track Circuit,COR-05,SEC-14,41.29,41.65,Track circuit instability,3,4,0.587,4,2,2026-08-23,2026-10-16,0,45,90,Signalling,SNT-Team-01,3,Track Circuit Meter|Axle Counter Tester,10:30:00,13:30:00,,,False,Pending,50.29,Medium,True,"{""safety_criticality"": 16.5, ""deadline_urgency"": 2.4, ""failure_probability"": 9.39, ""defect_severity"": 7.0, ""operational_impact"": 3.0, ""asset_importance"": 6.0, ""bundling_opportunity"": 0.0, ""resource_readiness"": 6.0}",TASK-0005 received a priority score of 50.3/100 (Medium) because it has high safety criticality.
TASK-0006,TDMS,Traction Distribution,ASSET-SEC-09-0006,Overhead Equipment,COR-03,SEC-09,45.02,46.86,Contact wire wear,3,2,0.609,2,2,2026-06-14,2026-07-12,47,60,105,Power and Track,TRD-Team-02,3,OHE Inspection Vehicle,14:00:00,17:00:00,,,False,Pending,49.24,Medium,True,"{""safety_criticality"": 5.5, ""deadline_urgency"": 16.0, ""failure_probability"": 9.74, ""defect_severity"": 7.0, ""operational_impact"": 3.0, ""asset_importance"": 2.0, ""bundling_opportunity"": 0.0, ""resource_readiness"": 6.0}",TASK-0006 received a priority score of 49.2/100 (Medium) because it is 47 days overdue.
TASK-0007,TMS,Engineering,ASSET-SEC-10-0007,Rail,COR-04,SEC-10,13.95,14.34,Rail surface defect,1,1,0.25,4,1,2026-06-18,2026-08-15,13,180,210,Power and Track,ENG-Team-03,8,Ultrasonic Rail Tester|Rail Grinder,10:30:00,13:30:00,,TASK-0164,False,Pending,31.07,Low,True,"{""safety_criticality"": 0.0, ""deadline_urgency"": 13.07, ""failure_probability"": 4.0, ""defect_severity"": 0.0, ""operational_impact"": 0.0, ""asset_importance"": 6.0, ""bundling_opportunity"": 2.0, ""resource_readiness"": 6.0}","TASK-0007 received a priority score of 31.1/100 (Low) because it is 13 days overdue, and it can potentially be bundled with 1 cross-department task."
TASK-0008,SMMS,Signal & Telecommunication,ASSET-SEC-13-0008,Communication Cable,COR-05,SEC-13,4.2,6.96,Communication link degradation,5,5,0.85,4,1,2026-06-08,2026-06-30,59,60,75,Signalling,SNT-Team-02,4,Axle Counter Tester,22:00:00,23:59:00,,,False,Pending,77.6,High,True,"{""safety_criticality"": 22.0, ""deadline_urgency"": 16.0, ""failure_probability"": 13.6, ""defect_severity"": 14.0, ""operational_impact"": 0.0, ""asset_importance"": 6.0, ""bundling_opportunity"": 0.0, ""resource_readiness"": 6.0}","TASK-0008 received a priority score of 77.6/100 (High) because it is safety-critical, it is 59 days overdue, the defect severity is very high, and its estimated failure probability is 85%."
TASK-0009,TDMS,Traction Distribution,ASSET-SEC-04-0009,Feeder,COR-02,SEC-04,13.61,15.88,OHE alignment deviation,4,1,0.624,5,5,2026-08-17,2026-10-05,0,150,165,Power,TRD-Team-01,4,Contact Wire Gauge,01:00:00,05:00:00,,TASK-0131,False,Pending,50.88,Medium,True,"{""safety_criticality"": 0.0, ""deadline_urgency"": 2.4, ""failure_probability"": 9.98, ""defect_severity"": 10.5, ""operational_impact"": 12.0, ""asset_importance"": 8.0, ""bundling_opportunity"": 2.0, ""resource_readiness"": 6.0}","TASK-0009 received a priority score of 50.9/100 (Medium) because the defect severity is high, it can materially affect railway operations, and it can potentially be bundled with 1 cross-department task."
TASK-0010,TMS,Engineering,ASSET-SEC-07-0010,Rail,COR-03,SEC-07,19.41,19.86,Rail surface defect,5,4,0.75,1,1,2026-07-02,2026-08-31,0,90,105,Power and Track,ENG-Team-03,4,Inspection Trolley,10:30:00,13:30:00,,,True,Pending,50.9,Medium,True,"{""safety_criticality"": 16.5, ""deadline_urgency"": 2.4, ""failure_probability"": 12.0, ""defect_severity"": 14.0, ""operational_impact"": 0.0, ""asset_importance"": 0.0, ""bundling_opportunity"": 0.0, ""resource_readiness"": 6.0}","TASK-0010 received a priority score of 50.9/100 (Medium) because it has high safety criticality, the defect severity is very high, and its estimated failure probability is 75%."
TASK-0011,SMMS,Signal & Telecommunication,ASSET-SEC-15-0011,Communication Cable,COR-05,SEC-15,47.77,48.9,Communication link degradation,3,4,0.574,4,2,2026-06-23,2026-07-11,48,45,90,Signalling,SNT-Team-01,5,Cable Fault Locator|Track Circuit Meter,22:00:00,23:59:00,,TASK-0013|TASK-0121,False,Pending,67.68,High,True,"{""safety_criticality"": 16.5, ""deadline_urgency"": 16.0, ""failure_probability"": 9.18, ""defect_severity"": 7.0, ""operational_impact"": 3.0, ""asset_importance"": 6.0, ""bundling_opportunity"": 4.0, ""resource_readiness"": 6.0}","TASK-0011 received a priority score of 67.7/100 (High) because it has high safety criticality, it is 48 days overdue, and it can potentially be bundled with 2 cross-department tasks."
TASK-0012,TDMS,Traction Distribution,ASSET-SEC-07-0012,Contact Wire,COR-03,SEC-07,9.11,11.35,Insulator degradation,1,1,0.181,2,4,2026-06-02,2026-07-16,43,90,105,Power,TRD-Team-02,8,Tower Wagon,01:00:00,05:00:00,,TASK-0040|TASK-0071,True,Pending,39.9,Low,True,"{""safety_criticality"": 0.0, ""deadline_urgency"": 16.0, ""failure_probability"": 2.9, ""defect_severity"": 0.0, ""operational_impact"": 9.0, ""asset_importance"": 2.0, ""bundling_opportunity"": 4.0, ""resource_readiness"": 6.0}","TASK-0012 received a priority score of 39.9/100 (Low) because it is 43 days overdue, it can materially affect railway operations, and it can potentially be bundled with 2 cross-department tasks."
TASK-0013,TMS,Engineering,ASSET-SEC-15-0013,Ballast,COR-05,SEC-15,48.85,51.31,Damaged sleeper,1,5,0.609,4,1,2026-06-18,2026-06-27,62,60,75,Track Possession,ENG-Team-02,4,Ultrasonic Rail Tester|Rail Grinder,01:00:00,05:00:00,,TASK-0011|TASK-0017,False,Pending,63.74,Medium,True,"{""safety_criticality"": 22.0, ""deadline_urgency"": 16.0, ""failure_probability"": 9.74, ""defect_severity"": 0.0, ""operational_impact"": 0.0, ""asset_importance"": 6.0, ""bundling_opportunity"": 4.0, ""resource_readiness"": 6.0}","TASK-0013 received a priority score of 63.7/100 (Medium) because it is safety-critical, it is 62 days overdue, and it can potentially be bundled with 2 cross-department tasks."
TASK-0014,SMMS,Signal & Telecommunication,ASSET-SEC-05-0014,Communication Cable,COR-02,SEC-05,32.21,33.66,Communication link degradation,5,4,0.759,1,1,2026-07-22,2026-08-21,7,60,75,Track Possession,SNT-Team-02,3,Axle Counter Tester,00:00:00,04:00:00,,TASK-0099,True,Pending,62.11,Medium,True,"{""safety_criticality"": 16.5, ""deadline_urgency"": 11.47, ""failure_probability"": 12.14, ""defect_severity"": 14.0, ""operational_impact"": 0.0, ""asset_importance"": 0.0, ""bundling_opportunity"": 2.0, ""resource_readiness"": 6.0}","TASK-0014 received a priority score of 62.1/100 (Medium) because it has high safety criticality, it is 7 days overdue, the defect severity is very high, its estimated failure probability is 76%, and it can potentially be bundled with 1 cross-department task."
TASK-0015,TDMS,Traction Distribution,ASSET-SEC-09-0015,Sectioning Equipment,COR-03,SEC-09,41.18,41.9,Sectioning equipment fault,2,4,0.45,4,5,2026-06-12,2026-06-19,70,150,165,Power and Track,TRD-Team-03,6,OHE Inspection Vehicle,22:00:00,23:59:00,,,False,Pending,67.2,High,True,"{""safety_criticality"": 16.5, ""deadline_urgency"": 16.0, ""failure_probability"": 7.2, ""defect_severity"": 3.5, ""operational_impact"": 12.0, ""asset_importance"": 6.0, ""bundling_opportunity"": 0.0, ""resource_readiness"": 6.0}","TASK-0015 received a priority score of 67.2/100 (High) because it has high safety criticality, it is 70 days overdue, and it can materially affect railway operations."
TASK-0016,TMS,Engineering,ASSET-SEC-04-0016,Bridge Component,COR-02,SEC-04,10.38,11.46,Insufficient ballast,2,3,0.454,5,2,2026-07-25,2026-08-22,6,60,75,Power and Track,ENG-Team-02,6,Rail Grinder,14:00:00,17:00:00,,TASK-0123|TASK-0197,False,Pending,53.96,Medium,True,"{""safety_criticality"": 11.0, ""deadline_urgency"": 11.2, ""failure_probability"": 7.26, ""defect_severity"": 3.5, ""operational_impact"": 3.0, ""asset_importance"": 8.0, ""bundling_opportunity"": 4.0, ""resource_readiness"": 6.0}","TASK-0016 received a priority score of 54.0/100 (Medium) because it is 6 days overdue, and it can potentially be bundled with 2 cross-department tasks."
TASK-0017,SMMS,Signal & Telecommunication,ASSET-SEC-15-0017,Signal,COR-05,SEC-15,48.69,49.57,Intermittent signal failure,4,5,0.876,3,1,2026-07-22,2026-08-04,24,120,165,Signalling,SNT-Team-03,3,Signal Tester|Track Circuit Meter,22:00:00,23:59:00,,TASK-0013|TASK-0121,False,Pending,76.52,High,True,"{""safety_criticality"": 22.0, ""deadline_urgency"": 16.0, ""failure_probability"": 14.02, ""defect_severity"": 10.5, ""operational_impact"": 0.0, ""asset_importance"": 4.0, ""bundling_opportunity"": 4.0, ""resource_readiness"": 6.0}","TASK-0017 received a priority score of 76.5/100 (High) because it is safety-critical, it is 24 days overdue, the defect severity is high, its estimated failure probability is 88%, and it can potentially be bundled with 2 cross-department tasks."
TASK-0018,TDMS,Traction Distribution,ASSET-SEC-10-0018,Insulator,COR-04,SEC-10,2.95,4.11,Feeder voltage anomaly,3,5,0.722,3,2,2026-06-01,2026-07-14,45,45,60,Power and Track,TRD-Team-02,4,OHE Inspection Vehicle,14:00:00,17:00:00,,TASK-0035|TASK-0041,False,Pending,73.55,High,True,"{""safety_criticality"": 22.0, ""deadline_urgency"": 16.0, ""failure_probability"": 11.55, ""defect_severity"": 7.0, ""operational_impact"": 3.0, ""asset_importance"": 4.0, ""bundling_opportunity"": 4.0, ""resource_readiness"": 6.0}","TASK-0018 received a priority score of 73.5/100 (High) because it is safety-critical, it is 45 days overdue, its estimated failure probability is 72%, and it can potentially be bundled with 2 cross-department tasks."
TASK-0019,TMS,Engineering,ASSET-SEC-09-0019,Points and Crossings,COR-03,SEC-09,54.32,56.09,Track geometry deviation,2,5,0.509,3,3,2026-08-13,2026-08-20,8,120,165,Track Possession,ENG-Team-02,6,Inspection Trolley|Rail Grinder,22:00:00,23:59:00,,,False,Pending,61.37,Medium,True,"{""safety_criticality"": 22.0, ""deadline_urgency"": 11.73, ""failure_probability"": 8.14, ""defect_severity"": 3.5, ""operational_impact"": 6.0, ""asset_importance"": 4.0, ""bundling_opportunity"": 0.0, ""resource_readiness"": 6.0}","TASK-0019 received a priority score of 61.4/100 (Medium) because it is safety-critical, and it is 8 days overdue."
TASK-0020,SMMS,Signal & Telecommunication,ASSET-SEC-11-0020,Track Circuit,COR-04,SEC-11,16.14,18.52,Track circuit instability,2,2,0.476,2,3,2026-07-06,2026-08-17,11,45,75,Signalling,SNT-Team-03,2,Track Circuit Meter|Axle Counter Tester,00:00:00,04:00:00,,TASK-0001|TASK-0025|TASK-0073,False,Pending,49.15,Medium,True,"{""safety_criticality"": 5.5, ""deadline_urgency"": 12.53, ""failure_probability"": 7.62, ""defect_severity"": 3.5, ""operational_impact"": 6.0, ""asset_importance"": 2.0, ""bundling_opportunity"": 6.0, ""resource_readiness"": 6.0}","TASK-0020 received a priority score of 49.1/100 (Medium) because it is 11 days overdue, and it can potentially be bundled with 3 cross-department tasks."
TASK-0021,TDMS,Traction Distribution,ASSET-SEC-01-0021,Insulator,COR-01,SEC-01,15.03,15.85,Feeder voltage anomaly,3,2,0.416,3,5,2026-06-30,2026-07-25,34,60,90,Power,TRD-Team-03,6,Contact Wire Gauge,10:30:00,13:30:00,,TASK-0077,False,Pending,59.16,Medium,True,"{""safety_criticality"": 5.5, ""deadline_urgency"": 16.0, ""failure_probability"": 6.66, ""defect_severity"": 7.0, ""operational_impact"": 12.0, ""asset_importance"": 4.0, ""bundling_opportunity"": 2.0, ""resource_readiness"": 6.0}","TASK-0021 received a priority score of 59.2/100 (Medium) because it is 34 days overdue, it can materially affect railway operations, and it can potentially be bundled with 1 cross-department task."
TASK-0022,TMS,Engineering,ASSET-SEC-02-0022,Ballast,COR-01,SEC-02,33.79,34.65,Damaged sleeper,1,1,0.229,5,2,2026-06-14,2026-07-03,56,120,165,Track Possession,ENG-Team-01,10,Ultrasonic Rail Tester,10:30:00,13:30:00,,TASK-0155,True,Pending,38.66,Low,True,"{""safety_criticality"": 0.0, ""deadline_urgency"": 16.0, ""failure_probability"": 3.66, ""defect_severity"": 0.0, ""operational_impact"": 3.0, ""asset_importance"": 8.0, ""bundling_opportunity"": 2.0, ""resource_readiness"": 6.0}","TASK-0022 received a priority score of 38.7/100 (Low) because it is 56 days overdue, and it can potentially be bundled with 1 cross-department task."
TASK-0023,SMMS,Signal & Telecommunication,ASSET-SEC-15-0023,Signal,COR-05,SEC-15,66.76,68.88,Intermittent signal failure,3,4,0.537,4,3,2026-06-03,2026-06-18,71,60,105,Signalling,SNT-Team-03,4,Axle Counter Tester|Track Circuit Meter,10:30:00,13:30:00,,,False,Pending,66.09,High,True,"{""safety_criticality"": 16.5, ""deadline_urgency"": 16.0, ""failure_probability"": 8.59, ""defect_severity"": 7.0, ""operational_impact"": 6.0, ""asset_importance"": 6.0, ""bundling_opportunity"": 0.0, ""resource_readiness"": 6.0}","TASK-0023 received a priority score of 66.1/100 (High) because it has high safety criticality, and it is 71 days overdue."
TASK-0024,TDMS,Traction Distribution,ASSET-SEC-04-0024,Insulator,COR-02,SEC-04,6.52,9.35,Feeder voltage anomaly,2,5,0.642,5,5,2026-06-02,2026-07-22,37,120,165,Power and Track,TRD-Team-02,8,Insulation Tester|Tower Wagon,00:00:00,04:00:00,,TASK-0058|TASK-0100|TASK-0109,False,Pending,83.77,Critical,True,"{""safety_criticality"": 22.0, ""deadline_urgency"": 16.0, ""failure_probability"": 10.27, ""defect_severity"": 3.5, ""operational_impact"": 12.0, ""asset_importance"": 8.0, ""bundling_opportunity"": 6.0, ""resource_readiness"": 6.0}","TASK-0024 received a priority score of 83.8/100 (Critical) because it is safety-critical, it is 37 days overdue, it can materially affect railway operations, and it can potentially be bundled with 3 cross-department tasks."
TASK-0025,TMS,Engineering,ASSET-SEC-11-0025,Points and Crossings,COR-04,SEC-11,17.92,19.44,Track geometry deviation,1,3,0.369,2,1,2026-08-06,2026-09-20,0,180,210,Track Possession,ENG-Team-01,10,Inspection Trolley|Rail Grinder,00:00:00,04:00:00,,TASK-0020|TASK-0104|TASK-0107,False,Pending,33.3,Low,True,"{""safety_criticality"": 11.0, ""deadline_urgency"": 2.4, ""failure_probability"": 5.9, ""defect_severity"": 0.0, ""operational_impact"": 0.0, ""asset_importance"": 2.0, ""bundling_opportunity"": 6.0, ""resource_readiness"": 6.0}",TASK-0025 received a priority score of 33.3/100 (Low) because it can potentially be bundled with 3 cross-department tasks.
TASK-0026,SMMS,Signal & Telecommunication,ASSET-SEC-13-0026,Signal,COR-05,SEC-13,1.71,3.07,Intermittent signal failure,2,4,0.544,5,4,2026-06-08,2026-07-17,42,45,60,Signalling,SNT-Team-03,3,Cable Fault Locator|Signal Tester,00:00:00,04:00:00,,,False,Pending,67.7,High,True,"{""safety_criticality"": 16.5, ""deadline_urgency"": 16.0, ""failure_probability"": 8.7, ""defect_severity"": 3.5, ""operational_impact"": 9.0, ""asset_importance"": 8.0, ""bundling_opportunity"": 0.0, ""resource_readiness"": 6.0}","TASK-0026 received a priority score of 67.7/100 (High) because it has high safety criticality, it is 42 days overdue, and it can materially affect railway operations."
TASK-0027,TDMS,Traction Distribution,ASSET-SEC-02-0027,Feeder,COR-01,SEC-02,26.22,28.66,OHE alignment deviation,5,5,0.879,4,4,2026-06-03,2026-07-09,50,120,165,Power,TRD-Team-01,6,Insulation Tester|Contact Wire Gauge,22:00:00,23:59:00,,TASK-0086,False,Pending,89.06,Critical,True,"{""safety_criticality"": 22.0, ""deadline_urgency"": 16.0, ""failure_probability"": 14.06, ""defect_severity"": 14.0, ""operational_impact"": 9.0, ""asset_importance"": 6.0, ""bundling_opportunity"": 2.0, ""resource_readiness"": 6.0}","TASK-0027 received a priority score of 89.1/100 (Critical) because it is safety-critical, it is 50 days overdue, the defect severity is very high, its estimated failure probability is 88%, it can materially affect railway operations, and it can potentially be bundled with 1 cross-department task."
TASK-0028,TMS,Engineering,ASSET-SEC-09-0028,Points and Crossings,COR-03,SEC-09,49.68,50.55,Track geometry deviation,3,2,0.428,4,2,2026-07-02,2026-07-09,50,120,165,Power and Track,ENG-Team-01,4,Inspection Trolley,00:00:00,04:00:00,,TASK-0138,False,Pending,52.35,Medium,True,"{""safety_criticality"": 5.5, ""deadline_urgency"": 16.0, ""failure_probability"": 6.85, ""defect_severity"": 7.0, ""operational_impact"": 3.0, ""asset_importance"": 6.0, ""bundling_opportunity"": 2.0, ""resource_readiness"": 6.0}","TASK-0028 received a priority score of 52.4/100 (Medium) because it is 50 days overdue, and it can potentially be bundled with 1 cross-department task."
TASK-0029,SMMS,Signal & Telecommunication,ASSET-SEC-06-0029,Communication Cable,COR-02,SEC-06,43.5,44.86,Communication link degradation,4,4,0.846,3,3,2026-08-01,2026-09-26,0,120,165,Signalling,SNT-Team-02,3,Track Circuit Meter|Signal Tester,00:00:00,04:00:00,,TASK-0003,False,Pending,60.94,Medium,True,"{""safety_criticality"": 16.5, ""deadline_urgency"": 2.4, ""failure_probability"": 13.54, ""defect_severity"": 10.5, ""operational_impact"": 6.0, ""asset_importance"": 4.0, ""bundling_opportunity"": 2.0, ""resource_readiness"": 6.0}","TASK-0029 received a priority score of 60.9/100 (Medium) because it has high safety criticality, the defect severity is high, its estimated failure probability is 85%, and it can potentially be bundled with 1 cross-department task."
TASK-0030,TDMS,Traction Distribution,ASSET-SEC-05-0030,Overhead Equipment,COR-02,SEC-05,23.63,23.91,Contact wire wear,4,2,0.67,4,2,2026-07-15,2026-08-29,0,60,105,Power,TRD-Team-01,3,OHE Inspection Vehicle|Tower Wagon,22:00:00,23:59:00,,TASK-0151|TASK-0188,True,Pending,48.12,Medium,True,"{""safety_criticality"": 5.5, ""deadline_urgency"": 2.4, ""failure_probability"": 10.72, ""defect_severity"": 10.5, ""operational_impact"": 3.0, ""asset_importance"": 6.0, ""bundling_opportunity"": 4.0, ""resource_readiness"": 6.0}","TASK-0030 received a priority score of 48.1/100 (Medium) because the defect severity is high, and it can potentially be bundled with 2 cross-department tasks."
TASK-0031,TMS,Engineering,ASSET-SEC-06-0031,Rail,COR-02,SEC-06,37.7,38.82,Rail surface defect,4,3,0.749,1,1,2026-07-10,2026-07-30,29,150,165,Track Possession,ENG-Team-01,6,Inspection Trolley|Tamping Machine,22:00:00,23:59:00,,,False,Pending,55.48,Medium,True,"{""safety_criticality"": 11.0, ""deadline_urgency"": 16.0, ""failure_probability"": 11.98, ""defect_severity"": 10.5, ""operational_impact"": 0.0, ""asset_importance"": 0.0, ""bundling_opportunity"": 0.0, ""resource_readiness"": 6.0}","TASK-0031 received a priority score of 55.5/100 (Medium) because it is 29 days overdue, the defect severity is high, and its estimated failure probability is 75%."
TASK-0032,SMMS,Signal & Telecommunication,ASSET-SEC-10-0032,Communication Cable,COR-04,SEC-10,2.13,2.68,Communication link degradation,5,4,0.836,3,1,2026-06-03,2026-06-13,76,60,90,Track Possession,SNT-Team-01,4,Cable Fault Locator,01:00:00,05:00:00,,TASK-0166,False,Pending,71.88,High,True,"{""safety_criticality"": 16.5, ""deadline_urgency"": 16.0, ""failure_probability"": 13.38, ""defect_severity"": 14.0, ""operational_impact"": 0.0, ""asset_importance"": 4.0, ""bundling_opportunity"": 2.0, ""resource_readiness"": 6.0}","TASK-0032 received a priority score of 71.9/100 (High) because it has high safety criticality, it is 76 days overdue, the defect severity is very high, its estimated failure probability is 84%, and it can potentially be bundled with 1 cross-department task."
TASK-0033,TDMS,Traction Distribution,ASSET-SEC-15-0033,Overhead Equipment,COR-05,SEC-15,70.48,71.2,Contact wire wear,5,4,0.745,5,4,2026-08-02,2026-08-09,19,90,135,Power and Track,TRD-Team-02,3,Contact Wire Gauge,22:00:00,23:59:00,,,False,Pending,80.09,Critical,True,"{""safety_criticality"": 16.5, ""deadline_urgency"": 14.67, ""failure_probability"": 11.92, ""defect_severity"": 14.0, ""operational_impact"": 9.0, ""asset_importance"": 8.0, ""bundling_opportunity"": 0.0, ""resource_readiness"": 6.0}","TASK-0033 received a priority score of 80.1/100 (Critical) because it has high safety criticality, it is 19 days overdue, the defect severity is very high, its estimated failure probability is 74%, and it can materially affect railway operations."
TASK-0034,TMS,Engineering,ASSET-SEC-06-0034,Ballast,COR-02,SEC-06,34.22,35.6,Damaged sleeper,4,3,0.699,5,5,2026-06-26,2026-07-05,54,150,195,Track Possession,ENG-Team-02,10,Tamping Machine,01:00:00,05:00:00,,,False,Pending,74.68,High,True,"{""safety_criticality"": 11.0, ""deadline_urgency"": 16.0, ""failure_probability"": 11.18, ""defect_severity"": 10.5, ""operational_impact"": 12.0, ""asset_importance"": 8.0, ""bundling_opportunity"": 0.0, ""resource_readiness"": 6.0}","TASK-0034 received a priority score of 74.7/100 (High) because it is 54 days overdue, the defect severity is high, and it can materially affect railway operations."
TASK-0035,SMMS,Signal & Telecommunication,ASSET-SEC-10-0035,Axle Counter,COR-04,SEC-10,3.76,6.34,Axle counter mismatch,4,2,0.648,3,2,2026-08-16,2026-09-05,0,120,165,Signalling,SNT-Team-01,4,Track Circuit Meter,14:00:00,17:00:00,,TASK-0018|TASK-0054,False,Pending,48.97,Medium,True,"{""safety_criticality"": 5.5, ""deadline_urgency"": 5.6, ""failure_probability"": 10.37, ""defect_severity"": 10.5, ""operational_impact"": 3.0, ""asset_importance"": 4.0, ""bundling_opportunity"": 4.0, ""resource_readiness"": 6.0}","TASK-0035 received a priority score of 49.0/100 (Medium) because the defect severity is high, and it can potentially be bundled with 2 cross-department tasks."
TASK-0036,TDMS,Traction Distribution,ASSET-SEC-06-0036,Feeder,COR-02,SEC-06,38.89,40.76,OHE alignment deviation,1,5,0.637,4,4,2026-07-23,2026-08-30,0,45,60,Power,TRD-Team-01,6,Tower Wagon,14:00:00,17:00:00,,TASK-0091|TASK-0178,True,Pending,59.59,Medium,True,"{""safety_criticality"": 22.0, ""deadline_urgency"": 2.4, ""failure_probability"": 10.19, ""defect_severity"": 0.0, ""operational_impact"": 9.0, ""asset_importance"": 6.0, ""bundling_opportunity"": 4.0, ""resource_readiness"": 6.0}","TASK-0036 received a priority score of 59.6/100 (Medium) because it is safety-critical, it can materially affect railway operations, and it can potentially be bundled with 2 cross-department tasks."
TASK-0037,TMS,Engineering,ASSET-SEC-12-0037,Ballast,COR-04,SEC-12,35.26,37.32,Damaged sleeper,5,5,0.886,2,1,2026-07-11,2026-08-13,15,180,210,Power and Track,ENG-Team-01,8,Tamping Machine|Inspection Trolley,10:30:00,13:30:00,,TASK-0128|TASK-0141|TASK-0150,True,Pending,77.78,High,True,"{""safety_criticality"": 22.0, ""deadline_urgency"": 13.6, ""failure_probability"": 14.18, ""defect_severity"": 14.0, ""operational_impact"": 0.0, ""asset_importance"": 2.0, ""bundling_opportunity"": 6.0, ""resource_readiness"": 6.0}","TASK-0037 received a priority score of 77.8/100 (High) because it is safety-critical, it is 15 days overdue, the defect severity is very high, its estimated failure probability is 89%, and it can potentially be bundled with 3 cross-department tasks."
TASK-0038,SMMS,Signal & Telecommunication,ASSET-SEC-09-0038,Signal,COR-03,SEC-09,59.47,60.59,Intermittent signal failure,4,3,0.721,2,3,2026-08-03,2026-08-19,9,120,165,Signalling,SNT-Team-02,2,Axle Counter Tester,10:30:00,13:30:00,,TASK-0165,False,Pending,61.04,Medium,True,"{""safety_criticality"": 11.0, ""deadline_urgency"": 12.0, ""failure_probability"": 11.54, ""defect_severity"": 10.5, ""operational_impact"": 6.0, ""asset_importance"": 2.0, ""bundling_opportunity"": 2.0, ""resource_readiness"": 6.0}","TASK-0038 received a priority score of 61.0/100 (Medium) because it is 9 days overdue, the defect severity is high, its estimated failure probability is 72%, and it can potentially be bundled with 1 cross-department task."
TASK-0039,TDMS,Traction Distribution,ASSET-SEC-03-0039,Feeder,COR-01,SEC-03,41.44,44.37,OHE alignment deviation,2,4,0.446,2,1,2026-06-18,2026-07-09,50,45,90,Power,TRD-Team-02,3,Tower Wagon|Insulation Tester,10:30:00,13:30:00,,TASK-0095|TASK-0145,False,Pending,55.14,Medium,True,"{""safety_criticality"": 16.5, ""deadline_urgency"": 16.0, ""failure_probability"": 7.14, ""defect_severity"": 3.5, ""operational_impact"": 0.0, ""asset_importance"": 2.0, ""bundling_opportunity"": 4.0, ""resource_readiness"": 6.0}","TASK-0039 received a priority score of 55.1/100 (Medium) because it has high safety criticality, it is 50 days overdue, and it can potentially be bundled with 2 cross-department tasks."
TASK-0040,TMS,Engineering,ASSET-SEC-07-0040,Rail,COR-03,SEC-07,9.59,11.41,Rail surface defect,2,2,0.463,4,4,2026-06-01,2026-06-07,82,120,135,Track Possession,ENG-Team-02,10,Inspection Trolley|Tamping Machine,01:00:00,05:00:00,,TASK-0012|TASK-0071|TASK-0120,False,Pending,59.41,Medium,True,"{""safety_criticality"": 5.5, ""deadline_urgency"": 16.0, ""failure_probability"": 7.41, ""defect_severity"": 3.5, ""operational_impact"": 9.0, ""asset_importance"": 6.0, ""bundling_opportunity"": 6.0, ""resource_readiness"": 6.0}","TASK-0040 received a priority score of 59.4/100 (Medium) because it is 82 days overdue, it can materially affect railway operations, and it can potentially be bundled with 3 cross-department tasks."
TASK-0041,SMMS,Signal & Telecommunication,ASSET-SEC-10-0041,Track Circuit,COR-04,SEC-10,0.84,3.73,Track circuit instability,2,2,0.326,1,4,2026-08-15,2026-10-05,0,30,45,Signalling,SNT-Team-03,5,Cable Fault Locator,01:00:00,05:00:00,,TASK-0018|TASK-0166,False,Pending,35.62,Low,True,"{""safety_criticality"": 5.5, ""deadline_urgency"": 2.4, ""failure_probability"": 5.22, ""defect_severity"": 3.5, ""operational_impact"": 9.0, ""asset_importance"": 0.0, ""bundling_opportunity"": 4.0, ""resource_readiness"": 6.0}","TASK-0041 received a priority score of 35.6/100 (Low) because it can materially affect railway operations, and it can potentially be bundled with 2 cross-department tasks."
TASK-0042,TDMS,Traction Distribution,ASSET-SEC-04-0042,Feeder,COR-02,SEC-04,4.47,5.46,OHE alignment deviation,2,3,0.537,2,3,2026-06-30,2026-07-07,52,150,195,Power,TRD-Team-01,3,Insulation Tester,01:00:00,05:00:00,,,True,Pending,53.09,Medium,True,"{""safety_criticality"": 11.0, ""deadline_urgency"": 16.0, ""failure_probability"": 8.59, ""defect_severity"": 3.5, ""operational_impact"": 6.0, ""asset_importance"": 2.0, ""bundling_opportunity"": 0.0, ""resource_readiness"": 6.0}",TASK-0042 received a priority score of 53.1/100 (Medium) because it is 52 days overdue.
TASK-0043,TMS,Engineering,ASSET-SEC-05-0043,Bridge Component,COR-02,SEC-05,26.41,28.92,Insufficient ballast,1,4,0.492,5,1,2026-07-22,2026-08-22,6,150,180,Track Possession,ENG-Team-03,8,Ultrasonic Rail Tester|Rail Grinder,22:00:00,23:59:00,,TASK-0047|TASK-0096,False,Pending,53.57,Medium,True,"{""safety_criticality"": 16.5, ""deadline_urgency"": 11.2, ""failure_probability"": 7.87, ""defect_severity"": 0.0, ""operational_impact"": 0.0, ""asset_importance"": 8.0, ""bundling_opportunity"": 4.0, ""resource_readiness"": 6.0}","TASK-0043 received a priority score of 53.6/100 (Medium) because it has high safety criticality, it is 6 days overdue, and it can potentially be bundled with 2 cross-department tasks."
TASK-0044,SMMS,Signal & Telecommunication,ASSET-SEC-01-0044,Point Machine,COR-01,SEC-01,1.6,4.49,Point machine response delay,1,3,0.384,4,4,2026-06-15,2026-07-25,34,45,75,Signalling,SNT-Team-02,4,Cable Fault Locator|Axle Counter Tester,22:00:00,23:59:00,,TASK-0153,False,Pending,56.14,Medium,True,"{""safety_criticality"": 11.0, ""deadline_urgency"": 16.0, ""failure_probability"": 6.14, ""defect_severity"": 0.0, ""operational_impact"": 9.0, ""asset_importance"": 6.0, ""bundling_opportunity"": 2.0, ""resource_readiness"": 6.0}","TASK-0044 received a priority score of 56.1/100 (Medium) because it is 34 days overdue, it can materially affect railway operations, and it can potentially be bundled with 1 cross-department task."
TASK-0045,TDMS,Traction Distribution,ASSET-SEC-06-0045,Feeder,COR-02,SEC-06,45.73,48.33,OHE alignment deviation,4,3,0.706,3,3,2026-07-16,2026-08-14,14,120,165,Power,TRD-Team-02,3,Contact Wire Gauge,00:00:00,04:00:00,,TASK-0065|TASK-0080|TASK-0175,False,Pending,68.13,High,True,"{""safety_criticality"": 11.0, ""deadline_urgency"": 13.33, ""failure_probability"": 11.3, ""defect_severity"": 10.5, ""operational_impact"": 6.0, ""asset_importance"": 4.0, ""bundling_opportunity"": 6.0, ""resource_readiness"": 6.0}","TASK-0045 received a priority score of 68.1/100 (High) because it is 14 days overdue, the defect severity is high, its estimated failure probability is 71%, and it can potentially be bundled with 3 cross-department tasks."
TASK-0046,TMS,Engineering,ASSET-SEC-09-0046,Bridge Component,COR-03,SEC-09,49.2,49.55,Insufficient ballast,5,4,0.876,4,4,2026-06-22,2026-07-18,41,60,75,Track Possession,ENG-Team-01,6,Tamping Machine,10:30:00,13:30:00,,,False,Pending,81.52,Critical,True,"{""safety_criticality"": 16.5, ""deadline_urgency"": 16.0, ""failure_probability"": 14.02, ""defect_severity"": 14.0, ""operational_impact"": 9.0, ""asset_importance"": 6.0, ""bundling_opportunity"": 0.0, ""resource_readiness"": 6.0}","TASK-0046 received a priority score of 81.5/100 (Critical) because it has high safety criticality, it is 41 days overdue, the defect severity is very high, its estimated failure probability is 88%, and it can materially affect railway operations."
TASK-0047,SMMS,Signal & Telecommunication,ASSET-SEC-05-0047,Communication Cable,COR-02,SEC-05,25.64,27.39,Communication link degradation,1,4,0.557,4,2,2026-08-16,2026-09-02,0,45,75,Signalling,SNT-Team-03,3,Track Circuit Meter|Cable Fault Locator,10:30:00,13:30:00,,TASK-0043|TASK-0067|TASK-0096,False,Pending,52.01,Medium,True,"{""safety_criticality"": 16.5, ""deadline_urgency"": 5.6, ""failure_probability"": 8.91, ""defect_severity"": 0.0, ""operational_impact"": 3.0, ""asset_importance"": 6.0, ""bundling_opportunity"": 6.0, ""resource_readiness"": 6.0}","TASK-0047 received a priority score of 52.0/100 (Medium) because it has high safety criticality, and it can potentially be bundled with 3 cross-department tasks."
TASK-0048,TDMS,Traction Distribution,ASSET-SEC-15-0048,Insulator,COR-05,SEC-15,61.68,63.97,Feeder voltage anomaly,1,3,0.433,3,5,2026-08-10,2026-10-07,0,120,150,Power and Track,TRD-Team-03,8,Contact Wire Gauge,22:00:00,23:59:00,,TASK-0074,False,Pending,44.33,Low,True,"{""safety_criticality"": 11.0, ""deadline_urgency"": 2.4, ""failure_probability"": 6.93, ""defect_severity"": 0.0, ""operational_impact"": 12.0, ""asset_importance"": 4.0, ""bundling_opportunity"": 2.0, ""resource_readiness"": 6.0}","TASK-0048 received a priority score of 44.3/100 (Low) because it can materially affect railway operations, and it can potentially be bundled with 1 cross-department task."
TASK-0049,TMS,Engineering,ASSET-SEC-08-0049,Bridge Component,COR-03,SEC-08,30.23,31.4,Insufficient ballast,5,4,0.834,1,3,2026-06-18,2026-08-08,20,120,135,Power and Track,ENG-Team-02,10,Inspection Trolley|Ultrasonic Rail Tester,01:00:00,05:00:00,,TASK-0105|TASK-0147,False,Pending,74.77,High,True,"{""safety_criticality"": 16.5, ""deadline_urgency"": 14.93, ""failure_probability"": 13.34, ""defect_severity"": 14.0, ""operational_impact"": 6.0, ""asset_importance"": 0.0, ""bundling_opportunity"": 4.0, ""resource_readiness"": 6.0}","TASK-0049 received a priority score of 74.8/100 (High) because it has high safety criticality, it is 20 days overdue, the defect severity is very high, its estimated failure probability is 83%, and it can potentially be bundled with 2 cross-department tasks."
TASK-0050,SMMS,Signal & Telecommunication,ASSET-SEC-11-0050,Point Machine,COR-04,SEC-11,27.18,29.21,Point machine response delay,1,2,0.286,1,2,2026-08-08,2026-09-11,0,120,150,Signalling,SNT-Team-03,3,Track Circuit Meter,00:00:00,04:00:00,,TASK-0159,True,Pending,23.48,Low,True,"{""safety_criticality"": 5.5, ""deadline_urgency"": 2.4, ""failure_probability"": 4.58, ""defect_severity"": 0.0, ""operational_impact"": 3.0, ""asset_importance"": 0.0, ""bundling_opportunity"": 2.0, ""resource_readiness"": 6.0}",TASK-0050 received a priority score of 23.5/100 (Low) because it can potentially be bundled with 1 cross-department task.
TASK-0051,TDMS,Traction Distribution,ASSET-SEC-13-0051,Feeder,COR-05,SEC-13,22.78,23.33,OHE alignment deviation,1,3,0.453,2,3,2026-05-31,2026-06-28,61,150,180,Power,TRD-Team-03,3,OHE Inspection Vehicle,10:30:00,13:30:00,,TASK-0169,False,Pending,50.25,Medium,True,"{""safety_criticality"": 11.0, ""deadline_urgency"": 16.0, ""failure_probability"": 7.25, ""defect_severity"": 0.0, ""operational_impact"": 6.0, ""asset_importance"": 2.0, ""bundling_opportunity"": 2.0, ""resource_readiness"": 6.0}","TASK-0051 received a priority score of 50.2/100 (Medium) because it is 61 days overdue, and it can potentially be bundled with 1 cross-department task."
TASK-0052,TMS,Engineering,ASSET-SEC-02-0052,Sleepers,COR-01,SEC-02,31.69,33.86,Worn crossing,2,3,0.566,2,2,2026-08-15,2026-09-15,0,60,90,Power and Track,ENG-Team-02,6,Tamping Machine|Inspection Trolley,00:00:00,04:00:00,,,True,Pending,36.96,Low,True,"{""safety_criticality"": 11.0, ""deadline_urgency"": 2.4, ""failure_probability"": 9.06, ""defect_severity"": 3.5, ""operational_impact"": 3.0, ""asset_importance"": 2.0, ""bundling_opportunity"": 0.0, ""resource_readiness"": 6.0}",TASK-0052 received a priority score of 37.0/100 (Low) because its combined risk and urgency factors require planned attention.
TASK-0053,SMMS,Signal & Telecommunication,ASSET-SEC-02-0053,Point Machine,COR-01,SEC-02,28.97,30.24,Point machine response delay,4,5,0.736,3,5,2026-06-01,2026-06-19,70,90,135,Signalling,SNT-Team-01,5,Signal Tester|Cable Fault Locator,10:30:00,13:30:00,,,False,Pending,82.28,Critical,True,"{""safety_criticality"": 22.0, ""deadline_urgency"": 16.0, ""failure_probability"": 11.78, ""defect_severity"": 10.5, ""operational_impact"": 12.0, ""asset_importance"": 4.0, ""bundling_opportunity"": 0.0, ""resource_readiness"": 6.0}","TASK-0053 received a priority score of 82.3/100 (Critical) because it is safety-critical, it is 70 days overdue, the defect severity is high, its estimated failure probability is 74%, and it can materially affect railway operations."
TASK-0054,TDMS,Traction Distribution,ASSET-SEC-10-0054,Contact Wire,COR-04,SEC-10,4.19,7.08,Insulator degradation,4,3,0.59,3,3,2026-05-31,2026-06-19,70,120,150,Power,TRD-Team-03,8,Contact Wire Gauge|Tower Wagon,00:00:00,04:00:00,,TASK-0035|TASK-0070|TASK-0170,True,Pending,68.94,High,True,"{""safety_criticality"": 11.0, ""deadline_urgency"": 16.0, ""failure_probability"": 9.44, ""defect_severity"": 10.5, ""operational_impact"": 6.0, ""asset_importance"": 4.0, ""bundling_opportunity"": 6.0, ""resource_readiness"": 6.0}","TASK-0054 received a priority score of 68.9/100 (High) because it is 70 days overdue, the defect severity is high, and it can potentially be bundled with 3 cross-department tasks."
TASK-0055,TMS,Engineering,ASSET-SEC-10-0055,Points and Crossings,COR-04,SEC-10,12.11,14.01,Track geometry deviation,4,3,0.734,2,1,2026-08-21,2026-10-01,0,90,135,Power and Track,ENG-Team-03,4,Tamping Machine,10:30:00,13:30:00,,TASK-0164,False,Pending,45.64,Medium,True,"{""safety_criticality"": 11.0, ""deadline_urgency"": 2.4, ""failure_probability"": 11.74, ""defect_severity"": 10.5, ""operational_impact"": 0.0, ""asset_importance"": 2.0, ""bundling_opportunity"": 2.0, ""resource_readiness"": 6.0}","TASK-0055 received a priority score of 45.6/100 (Medium) because the defect severity is high, its estimated failure probability is 73%, and it can potentially be bundled with 1 cross-department task."
TASK-0056,SMMS,Signal & Telecommunication,ASSET-SEC-08-0056,Communication Cable,COR-03,SEC-08,20.63,21.85,Communication link degradation,3,3,0.627,3,4,2026-08-11,2026-08-19,9,45,60,Signalling,SNT-Team-03,4,Axle Counter Tester|Signal Tester,01:00:00,05:00:00,,,False,Pending,59.03,Medium,True,"{""safety_criticality"": 11.0, ""deadline_urgency"": 12.0, ""failure_probability"": 10.03, ""defect_severity"": 7.0, ""operational_impact"": 9.0, ""asset_importance"": 4.0, ""bundling_opportunity"": 0.0, ""resource_readiness"": 6.0}","TASK-0056 received a priority score of 59.0/100 (Medium) because it is 9 days overdue, and it can materially affect railway operations."
TASK-0057,TDMS,Traction Distribution,ASSET-SEC-08-0057,Sectioning Equipment,COR-03,SEC-08,38.29,38.63,Sectioning equipment fault,4,5,0.791,3,3,2026-07-30,2026-09-26,0,120,135,Power and Track,TRD-Team-02,6,Tower Wagon,10:30:00,13:30:00,,TASK-0137,True,Pending,65.56,High,True,"{""safety_criticality"": 22.0, ""deadline_urgency"": 2.4, ""failure_probability"": 12.66, ""defect_severity"": 10.5, ""operational_impact"": 6.0, ""asset_importance"": 4.0, ""bundling_opportunity"": 2.0, ""resource_readiness"": 6.0}","TASK-0057 received a priority score of 65.6/100 (High) because it is safety-critical, the defect severity is high, its estimated failure probability is 79%, and it can potentially be bundled with 1 cross-department task."
TASK-0058,TMS,Engineering,ASSET-SEC-04-0058,Ballast,COR-02,SEC-04,7.31,9.24,Damaged sleeper,5,4,0.882,1,1,2026-06-17,2026-07-10,49,150,195,Track Possession,ENG-Team-02,4,Inspection Trolley,10:30:00,13:30:00,,TASK-0024|TASK-0123|TASK-0135,True,Pending,72.61,High,True,"{""safety_criticality"": 16.5, ""deadline_urgency"": 16.0, ""failure_probability"": 14.11, ""defect_severity"": 14.0, ""operational_impact"": 0.0, ""asset_importance"": 0.0, ""bundling_opportunity"": 6.0, ""resource_readiness"": 6.0}","TASK-0058 received a priority score of 72.6/100 (High) because it has high safety criticality, it is 49 days overdue, the defect severity is very high, its estimated failure probability is 88%, and it can potentially be bundled with 3 cross-department tasks."
TASK-0059,SMMS,Signal & Telecommunication,ASSET-SEC-15-0059,Point Machine,COR-05,SEC-15,60.17,61.46,Point machine response delay,5,4,0.867,3,2,2026-07-11,2026-08-25,3,45,75,Signalling,SNT-Team-02,3,Axle Counter Tester|Signal Tester,00:00:00,04:00:00,,TASK-0171,False,Pending,69.77,High,True,"{""safety_criticality"": 16.5, ""deadline_urgency"": 10.4, ""failure_probability"": 13.87, ""defect_severity"": 14.0, ""operational_impact"": 3.0, ""asset_importance"": 4.0, ""bundling_opportunity"": 2.0, ""resource_readiness"": 6.0}","TASK-0059 received a priority score of 69.8/100 (High) because it has high safety criticality, it is 3 days overdue, the defect severity is very high, its estimated failure probability is 87%, and it can potentially be bundled with 1 cross-department task."
TASK-0060,TDMS,Traction Distribution,ASSET-SEC-02-0060,Contact Wire,COR-01,SEC-02,35.66,36.1,Insulator degradation,1,4,0.389,3,2,2026-06-06,2026-07-01,58,45,75,Power,TRD-Team-03,4,OHE Inspection Vehicle,00:00:00,04:00:00,,TASK-0116,True,Pending,53.72,Medium,True,"{""safety_criticality"": 16.5, ""deadline_urgency"": 16.0, ""failure_probability"": 6.22, ""defect_severity"": 0.0, ""operational_impact"": 3.0, ""asset_importance"": 4.0, ""bundling_opportunity"": 2.0, ""resource_readiness"": 6.0}","TASK-0060 received a priority score of 53.7/100 (Medium) because it has high safety criticality, it is 58 days overdue, and it can potentially be bundled with 1 cross-department task."
TASK-0061,TMS,Engineering,ASSET-SEC-13-0061,Sleepers,COR-05,SEC-13,13.02,14.86,Worn crossing,2,5,0.501,1,2,2026-07-29,2026-08-22,6,90,105,Track Possession,ENG-Team-02,6,Rail Grinder,22:00:00,23:59:00,,,False,Pending,53.72,Medium,True,"{""safety_criticality"": 22.0, ""deadline_urgency"": 11.2, ""failure_probability"": 8.02, ""defect_severity"": 3.5, ""operational_impact"": 3.0, ""asset_importance"": 0.0, ""bundling_opportunity"": 0.0, ""resource_readiness"": 6.0}","TASK-0061 received a priority score of 53.7/100 (Medium) because it is safety-critical, and it is 6 days overdue."
TASK-0062,SMMS,Signal & Telecommunication,ASSET-SEC-01-0062,Signal,COR-01,SEC-01,3.05,3.4,Intermittent signal failure,1,1,0.199,1,5,2026-07-05,2026-08-10,18,60,105,Signalling,SNT-Team-02,2,Cable Fault Locator|Axle Counter Tester,22:00:00,23:59:00,,,True,Pending,35.58,Low,True,"{""safety_criticality"": 0.0, ""deadline_urgency"": 14.4, ""failure_probability"": 3.18, ""defect_severity"": 0.0, ""operational_impact"": 12.0, ""asset_importance"": 0.0, ""bundling_opportunity"": 0.0, ""resource_readiness"": 6.0}","TASK-0062 received a priority score of 35.6/100 (Low) because it is 18 days overdue, and it can materially affect railway operations."
TASK-0063,TDMS,Traction Distribution,ASSET-SEC-08-0063,Overhead Equipment,COR-03,SEC-08,36.1,37.49,Contact wire wear,4,1,0.605,5,5,2026-08-14,2026-09-17,0,90,135,Power and Track,TRD-Team-03,6,Contact Wire Gauge,01:00:00,05:00:00,,,False,Pending,48.58,Medium,True,"{""safety_criticality"": 0.0, ""deadline_urgency"": 2.4, ""failure_probability"": 9.68, ""defect_severity"": 10.5, ""operational_impact"": 12.0, ""asset_importance"": 8.0, ""bundling_opportunity"": 0.0, ""resource_readiness"": 6.0}","TASK-0063 received a priority score of 48.6/100 (Medium) because the defect severity is high, and it can materially affect railway operations."
TASK-0064,TMS,Engineering,ASSET-SEC-10-0064,Ballast,COR-04,SEC-10,7.43,8.9,Damaged sleeper,1,1,0.293,3,4,2026-06-11,2026-07-11,48,180,225,Track Possession,ENG-Team-02,4,Inspection Trolley|Ultrasonic Rail Tester,01:00:00,05:00:00,,TASK-0161|TASK-0170|TASK-0186,False,Pending,45.69,Medium,True,"{""safety_criticality"": 0.0, ""deadline_urgency"": 16.0, ""failure_probability"": 4.69, ""defect_severity"": 0.0, ""operational_impact"": 9.0, ""asset_importance"": 4.0, ""bundling_opportunity"": 6.0, ""resource_readiness"": 6.0}","TASK-0064 received a priority score of 45.7/100 (Medium) because it is 48 days overdue, it can materially affect railway operations, and it can potentially be bundled with 3 cross-department tasks."
TASK-0065,SMMS,Signal & Telecommunication,ASSET-SEC-06-0065,Signal,COR-02,SEC-06,45.64,46.89,Intermittent signal failure,4,1,0.403,1,5,2026-08-08,2026-09-23,0,30,45,Track Possession,SNT-Team-03,4,Cable Fault Locator|Axle Counter Tester,14:00:00,17:00:00,,TASK-0003|TASK-0045|TASK-0175,False,Pending,43.35,Low,True,"{""safety_criticality"": 0.0, ""deadline_urgency"": 2.4, ""failure_probability"": 6.45, ""defect_severity"": 10.5, ""operational_impact"": 12.0, ""asset_importance"": 0.0, ""bundling_opportunity"": 6.0, ""resource_readiness"": 6.0}","TASK-0065 received a priority score of 43.4/100 (Low) because the defect severity is high, it can materially affect railway operations, and it can potentially be bundled with 3 cross-department tasks."
TASK-0066,TDMS,Traction Distribution,ASSET-SEC-07-0066,Sectioning Equipment,COR-03,SEC-07,6.9,8.96,Sectioning equipment fault,1,3,0.39,4,2,2026-07-04,2026-08-31,0,90,105,Power,TRD-Team-02,6,Insulation Tester,22:00:00,23:59:00,TASK-0012,TASK-0004,True,Pending,36.64,Low,True,"{""safety_criticality"": 11.0, ""deadline_urgency"": 2.4, ""failure_probability"": 6.24, ""defect_severity"": 0.0, ""operational_impact"": 3.0, ""asset_importance"": 6.0, ""bundling_opportunity"": 2.0, ""resource_readiness"": 6.0}",TASK-0066 received a priority score of 36.6/100 (Low) because it can potentially be bundled with 1 cross-department task.
TASK-0067,TMS,Engineering,ASSET-SEC-05-0067,Sleepers,COR-02,SEC-05,26.05,28.51,Worn crossing,5,5,0.969,3,3,2026-06-17,2026-08-08,20,180,195,Track Possession,ENG-Team-02,4,Inspection Trolley,22:00:00,23:59:00,,TASK-0047|TASK-0096,True,Pending,86.43,Critical,True,"{""safety_criticality"": 22.0, ""deadline_urgency"": 14.93, ""failure_probability"": 15.5, ""defect_severity"": 14.0, ""operational_impact"": 6.0, ""asset_importance"": 4.0, ""bundling_opportunity"": 4.0, ""resource_readiness"": 6.0}","TASK-0067 received a priority score of 86.4/100 (Critical) because it is safety-critical, it is 20 days overdue, the defect severity is very high, its estimated failure probability is 97%, and it can potentially be bundled with 2 cross-department tasks."
TASK-0068,SMMS,Signal & Telecommunication,ASSET-SEC-03-0068,Point Machine,COR-01,SEC-03,46.69,48.01,Point machine response delay,1,1,0.267,3,3,2026-08-09,2026-09-28,0,45,75,Track Possession,SNT-Team-03,2,Cable Fault Locator|Track Circuit Meter,14:00:00,17:00:00,,,False,Pending,22.67,Low,True,"{""safety_criticality"": 0.0, ""deadline_urgency"": 2.4, ""failure_probability"": 4.27, ""defect_severity"": 0.0, ""operational_impact"": 6.0, ""asset_importance"": 4.0, ""bundling_opportunity"": 0.0, ""resource_readiness"": 6.0}",TASK-0068 received a priority score of 22.7/100 (Low) because its combined risk and urgency factors require planned attention.
TASK-0069,TDMS,Traction Distribution,ASSET-SEC-03-0069,Feeder,COR-01,SEC-03,39.33,41.26,OHE alignment deviation,3,4,0.685,1,3,2026-06-02,2026-06-10,79,120,165,Power,TRD-Team-01,6,Insulation Tester|Contact Wire Gauge,14:00:00,17:00:00,,TASK-0079|TASK-0083,False,Pending,66.46,High,True,"{""safety_criticality"": 16.5, ""deadline_urgency"": 16.0, ""failure_probability"": 10.96, ""defect_severity"": 7.0, ""operational_impact"": 6.0, ""asset_importance"": 0.0, ""bundling_opportunity"": 4.0, ""resource_readiness"": 6.0}","TASK-0069 received a priority score of 66.5/100 (High) because it has high safety criticality, it is 79 days overdue, and it can potentially be bundled with 2 cross-department tasks."
TASK-0070,TMS,Engineering,ASSET-SEC-10-0070,Points and Crossings,COR-04,SEC-10,6.81,8.88,Track geometry deviation,4,5,0.714,1,1,2026-08-22,2026-09-08,0,90,120,Track Possession,ENG-Team-03,10,Tamping Machine|Inspection Trolley,01:00:00,05:00:00,,TASK-0054|TASK-0161|TASK-0170,True,Pending,61.52,Medium,True,"{""safety_criticality"": 22.0, ""deadline_urgency"": 5.6, ""failure_probability"": 11.42, ""defect_severity"": 10.5, ""operational_impact"": 0.0, ""asset_importance"": 0.0, ""bundling_opportunity"": 6.0, ""resource_readiness"": 6.0}","TASK-0070 received a priority score of 61.5/100 (Medium) because it is safety-critical, the defect severity is high, its estimated failure probability is 71%, and it can potentially be bundled with 3 cross-department tasks."
TASK-0071,SMMS,Signal & Telecommunication,ASSET-SEC-07-0071,Point Machine,COR-03,SEC-07,10.39,11.23,Point machine response delay,3,1,0.379,5,4,2026-06-17,2026-08-12,16,30,60,Track Possession,SNT-Team-02,5,Axle Counter Tester,00:00:00,04:00:00,,TASK-0012|TASK-0040|TASK-0120,False,Pending,55.93,Medium,True,"{""safety_criticality"": 0.0, ""deadline_urgency"": 13.87, ""failure_probability"": 6.06, ""defect_severity"": 7.0, ""operational_impact"": 9.0, ""asset_importance"": 8.0, ""bundling_opportunity"": 6.0, ""resource_readiness"": 6.0}","TASK-0071 received a priority score of 55.9/100 (Medium) because it is 16 days overdue, it can materially affect railway operations, and it can potentially be bundled with 3 cross-department tasks."
TASK-0072,TDMS,Traction Distribution,ASSET-SEC-07-0072,Sectioning Equipment,COR-03,SEC-07,0.41,1.52,Sectioning equipment fault,3,1,0.389,3,3,2026-06-09,2026-07-11,48,45,60,Power,TRD-Team-02,4,OHE Inspection Vehicle|Insulation Tester,14:00:00,17:00:00,,,True,Pending,45.22,Medium,True,"{""safety_criticality"": 0.0, ""deadline_urgency"": 16.0, ""failure_probability"": 6.22, ""defect_severity"": 7.0, ""operational_impact"": 6.0, ""asset_importance"": 4.0, ""bundling_opportunity"": 0.0, ""resource_readiness"": 6.0}",TASK-0072 received a priority score of 45.2/100 (Medium) because it is 48 days overdue.
TASK-0073,TMS,Engineering,ASSET-SEC-11-0073,Bridge Component,COR-04,SEC-11,16.32,17.95,Insufficient ballast,2,2,0.286,2,4,2026-07-14,2026-08-08,20,120,135,Track Possession,ENG-Team-03,10,Rail Grinder,01:00:00,05:00:00,TASK-0001,TASK-0020,False,Pending,47.51,Medium,True,"{""safety_criticality"": 5.5, ""deadline_urgency"": 14.93, ""failure_probability"": 4.58, ""defect_severity"": 3.5, ""operational_impact"": 9.0, ""asset_importance"": 2.0, ""bundling_opportunity"": 2.0, ""resource_readiness"": 6.0}","TASK-0073 received a priority score of 47.5/100 (Medium) because it is 20 days overdue, it can materially affect railway operations, and it can potentially be bundled with 1 cross-department task."
TASK-0074,SMMS,Signal & Telecommunication,ASSET-SEC-15-0074,Axle Counter,COR-05,SEC-15,60.83,62.81,Axle counter mismatch,3,2,0.47,5,1,2026-06-09,2026-07-02,57,90,120,Signalling,SNT-Team-02,5,Axle Counter Tester,10:30:00,13:30:00,,TASK-0048|TASK-0171,True,Pending,54.02,Medium,True,"{""safety_criticality"": 5.5, ""deadline_urgency"": 16.0, ""failure_probability"": 7.52, ""defect_severity"": 7.0, ""operational_impact"": 0.0, ""asset_importance"": 8.0, ""bundling_opportunity"": 4.0, ""resource_readiness"": 6.0}","TASK-0074 received a priority score of 54.0/100 (Medium) because it is 57 days overdue, and it can potentially be bundled with 2 cross-department tasks."
TASK-0075,TDMS,Traction Distribution,ASSET-SEC-06-0075,Feeder,COR-02,SEC-06,48.55,48.96,OHE alignment deviation,5,5,0.896,5,4,2026-08-16,2026-09-27,0,150,195,Power and Track,TRD-Team-01,3,Contact Wire Gauge,00:00:00,04:00:00,,TASK-0175,False,Pending,77.74,High,True,"{""safety_criticality"": 22.0, ""deadline_urgency"": 2.4, ""failure_probability"": 14.34, ""defect_severity"": 14.0, ""operational_impact"": 9.0, ""asset_importance"": 8.0, ""bundling_opportunity"": 2.0, ""resource_readiness"": 6.0}","TASK-0075 received a priority score of 77.7/100 (High) because it is safety-critical, the defect severity is very high, its estimated failure probability is 90%, it can materially affect railway operations, and it can potentially be bundled with 1 cross-department task."
TASK-0076,TMS,Engineering,ASSET-SEC-13-0076,Bridge Component,COR-05,SEC-13,21.13,22.25,Insufficient ballast,2,1,0.242,3,3,2026-08-17,2026-09-21,0,150,180,Track Possession,ENG-Team-02,8,Tamping Machine,22:00:00,23:59:00,,TASK-0149|TASK-0173|TASK-0194,False,Pending,31.77,Low,True,"{""safety_criticality"": 0.0, ""deadline_urgency"": 2.4, ""failure_probability"": 3.87, ""defect_severity"": 3.5, ""operational_impact"": 6.0, ""asset_importance"": 4.0, ""bundling_opportunity"": 6.0, ""resource_readiness"": 6.0}",TASK-0076 received a priority score of 31.8/100 (Low) because it can potentially be bundled with 3 cross-department tasks.
TASK-0077,SMMS,Signal & Telecommunication,ASSET-SEC-01-0077,Track Circuit,COR-01,SEC-01,13.81,15.82,Track circuit instability,1,5,0.57,2,3,2026-08-19,2026-09-12,0,60,90,Signalling,SNT-Team-03,5,Signal Tester|Axle Counter Tester,22:00:00,23:59:00,,TASK-0021,False,Pending,52.72,Medium,True,"{""safety_criticality"": 22.0, ""deadline_urgency"": 5.6, ""failure_probability"": 9.12, ""defect_severity"": 0.0, ""operational_impact"": 6.0, ""asset_importance"": 2.0, ""bundling_opportunity"": 2.0, ""resource_readiness"": 6.0}","TASK-0077 received a priority score of 52.7/100 (Medium) because it is safety-critical, and it can potentially be bundled with 1 cross-department task."
TASK-0078,TDMS,Traction Distribution,ASSET-SEC-12-0078,Sectioning Equipment,COR-04,SEC-12,47.42,48.05,Sectioning equipment fault,3,2,0.528,3,2,2026-07-10,2026-08-23,5,150,165,Power,TRD-Team-02,8,OHE Inspection Vehicle|Insulation Tester,14:00:00,17:00:00,,TASK-0130|TASK-0152,True,Pending,48.88,Medium,True,"{""safety_criticality"": 5.5, ""deadline_urgency"": 10.93, ""failure_probability"": 8.45, ""defect_severity"": 7.0, ""operational_impact"": 3.0, ""asset_importance"": 4.0, ""bundling_opportunity"": 4.0, ""resource_readiness"": 6.0}","TASK-0078 received a priority score of 48.9/100 (Medium) because it is 5 days overdue, and it can potentially be bundled with 2 cross-department tasks."
TASK-0079,TMS,Engineering,ASSET-SEC-03-0079,Bridge Component,COR-01,SEC-03,39.29,40.32,Insufficient ballast,5,5,0.809,2,5,2026-08-15,2026-09-19,0,120,165,Track Possession,ENG-Team-03,10,Inspection Trolley|Rail Grinder,01:00:00,05:00:00,,TASK-0069|TASK-0083,True,Pending,75.34,High,True,"{""safety_criticality"": 22.0, ""deadline_urgency"": 2.4, ""failure_probability"": 12.94, ""defect_severity"": 14.0, ""operational_impact"": 12.0, ""asset_importance"": 2.0, ""bundling_opportunity"": 4.0, ""resource_readiness"": 6.0}","TASK-0079 received a priority score of 75.3/100 (High) because it is safety-critical, the defect severity is very high, its estimated failure probability is 81%, it can materially affect railway operations, and it can potentially be bundled with 2 cross-department tasks."
TASK-0080,SMMS,Signal & Telecommunication,ASSET-SEC-06-0080,Track Circuit,COR-02,SEC-06,45.84,46.71,Track circuit instability,3,4,0.579,3,4,2026-07-02,2026-08-13,15,45,75,Track Possession,SNT-Team-03,5,Track Circuit Meter|Cable Fault Locator,14:00:00,17:00:00,,TASK-0003|TASK-0045|TASK-0175,False,Pending,71.36,High,True,"{""safety_criticality"": 16.5, ""deadline_urgency"": 13.6, ""failure_probability"": 9.26, ""defect_severity"": 7.0, ""operational_impact"": 9.0, ""asset_importance"": 4.0, ""bundling_opportunity"": 6.0, ""resource_readiness"": 6.0}","TASK-0080 received a priority score of 71.4/100 (High) because it has high safety criticality, it is 15 days overdue, it can materially affect railway operations, and it can potentially be bundled with 3 cross-department tasks."
TASK-0081,TDMS,Traction Distribution,ASSET-SEC-14-0081,Overhead Equipment,COR-05,SEC-14,28.49,30.38,Contact wire wear,4,3,0.679,3,4,2026-07-26,2026-08-01,27,45,90,Power and Track,TRD-Team-01,8,OHE Inspection Vehicle|Tower Wagon,22:00:00,23:59:00,,TASK-0124,True,Pending,69.36,High,True,"{""safety_criticality"": 11.0, ""deadline_urgency"": 16.0, ""failure_probability"": 10.86, ""defect_severity"": 10.5, ""operational_impact"": 9.0, ""asset_importance"": 4.0, ""bundling_opportunity"": 2.0, ""resource_readiness"": 6.0}","TASK-0081 received a priority score of 69.4/100 (High) because it is 27 days overdue, the defect severity is high, it can materially affect railway operations, and it can potentially be bundled with 1 cross-department task."
TASK-0082,TMS,Engineering,ASSET-SEC-15-0082,Rail,COR-05,SEC-15,52.44,53.9,Rail surface defect,4,1,0.479,3,1,2026-07-14,2026-07-18,41,120,135,Power and Track,ENG-Team-03,8,Inspection Trolley|Rail Grinder,14:00:00,17:00:00,,,False,Pending,44.16,Low,True,"{""safety_criticality"": 0.0, ""deadline_urgency"": 16.0, ""failure_probability"": 7.66, ""defect_severity"": 10.5, ""operational_impact"": 0.0, ""asset_importance"": 4.0, ""bundling_opportunity"": 0.0, ""resource_readiness"": 6.0}","TASK-0082 received a priority score of 44.2/100 (Low) because it is 41 days overdue, and the defect severity is high."
TASK-0083,SMMS,Signal & Telecommunication,ASSET-SEC-03-0083,Axle Counter,COR-01,SEC-03,37.19,39.96,Axle counter mismatch,2,4,0.532,5,5,2026-06-28,2026-08-14,14,30,45,Track Possession,SNT-Team-02,2,Cable Fault Locator,00:00:00,04:00:00,,TASK-0069|TASK-0079|TASK-0172,False,Pending,73.84,High,True,"{""safety_criticality"": 16.5, ""deadline_urgency"": 13.33, ""failure_probability"": 8.51, ""defect_severity"": 3.5, ""operational_impact"": 12.0, ""asset_importance"": 8.0, ""bundling_opportunity"": 6.0, ""resource_readiness"": 6.0}","TASK-0083 received a priority score of 73.8/100 (High) because it has high safety criticality, it is 14 days overdue, it can materially affect railway operations, and it can potentially be bundled with 3 cross-department tasks."
TASK-0084,TDMS,Traction Distribution,ASSET-SEC-04-0084,Overhead Equipment,COR-02,SEC-04,4.67,5.0,Contact wire wear,5,4,0.736,3,4,2026-07-05,2026-08-17,11,120,165,Power,TRD-Team-03,6,Insulation Tester,22:00:00,23:59:00,,,True,Pending,73.81,High,True,"{""safety_criticality"": 16.5, ""deadline_urgency"": 12.53, ""failure_probability"": 11.78, ""defect_severity"": 14.0, ""operational_impact"": 9.0, ""asset_importance"": 4.0, ""bundling_opportunity"": 0.0, ""resource_readiness"": 6.0}","TASK-0084 received a priority score of 73.8/100 (High) because it has high safety criticality, it is 11 days overdue, the defect severity is very high, its estimated failure probability is 74%, and it can materially affect railway operations."
TASK-0085,TMS,Engineering,ASSET-SEC-07-0085,Ballast,COR-03,SEC-07,3.65,5.72,Damaged sleeper,1,5,0.536,4,3,2026-06-21,2026-07-17,42,180,225,Track Possession,ENG-Team-03,4,Rail Grinder|Tamping Machine,00:00:00,04:00:00,,,False,Pending,64.58,Medium,True,"{""safety_criticality"": 22.0, ""deadline_urgency"": 16.0, ""failure_probability"": 8.58, ""defect_severity"": 0.0, ""operational_impact"": 6.0, ""asset_importance"": 6.0, ""bundling_opportunity"": 0.0, ""resource_readiness"": 6.0}","TASK-0085 received a priority score of 64.6/100 (Medium) because it is safety-critical, and it is 42 days overdue."
TASK-0086,SMMS,Signal & Telecommunication,ASSET-SEC-02-0086,Track Circuit,COR-01,SEC-02,24.21,26.46,Track circuit instability,5,4,0.753,2,2,2026-06-08,2026-06-17,72,60,105,Signalling,SNT-Team-03,5,Track Circuit Meter|Axle Counter Tester,10:30:00,13:30:00,,TASK-0027,True,Pending,71.55,High,True,"{""safety_criticality"": 16.5, ""deadline_urgency"": 16.0, ""failure_probability"": 12.05, ""defect_severity"": 14.0, ""operational_impact"": 3.0, ""asset_importance"": 2.0, ""bundling_opportunity"": 2.0, ""resource_readiness"": 6.0}","TASK-0086 received a priority score of 71.5/100 (High) because it has high safety criticality, it is 72 days overdue, the defect severity is very high, its estimated failure probability is 75%, and it can potentially be bundled with 1 cross-department task."
TASK-0087,TDMS,Traction Distribution,ASSET-SEC-04-0087,Overhead Equipment,COR-02,SEC-04,0.68,1.44,Contact wire wear,3,5,0.7,3,1,2026-08-22,2026-09-14,0,150,180,Power and Track,TRD-Team-02,6,Contact Wire Gauge,10:30:00,13:30:00,,,True,Pending,55.8,Medium,True,"{""safety_criticality"": 22.0, ""deadline_urgency"": 5.6, ""failure_probability"": 11.2, ""defect_severity"": 7.0, ""operational_impact"": 0.0, ""asset_importance"": 4.0, ""bundling_opportunity"": 0.0, ""resource_readiness"": 6.0}","TASK-0087 received a priority score of 55.8/100 (Medium) because it is safety-critical, and its estimated failure probability is 70%."
TASK-0088,TMS,Engineering,ASSET-SEC-06-0088,Sleepers,COR-02,SEC-06,41.65,42.97,Worn crossing,4,3,0.783,4,1,2026-07-02,2026-08-31,0,150,195,Track Possession,ENG-Team-03,6,Rail Grinder|Tamping Machine,14:00:00,17:00:00,,,False,Pending,48.43,Medium,True,"{""safety_criticality"": 11.0, ""deadline_urgency"": 2.4, ""failure_probability"": 12.53, ""defect_severity"": 10.5, ""operational_impact"": 0.0, ""asset_importance"": 6.0, ""bundling_opportunity"": 0.0, ""resource_readiness"": 6.0}","TASK-0088 received a priority score of 48.4/100 (Medium) because the defect severity is high, and its estimated failure probability is 78%."
TASK-0089,SMMS,Signal & Telecommunication,ASSET-SEC-06-0089,Axle Counter,COR-02,SEC-06,35.8,36.92,Axle counter mismatch,4,5,0.879,3,5,2026-07-21,2026-08-12,16,45,90,Signalling,SNT-Team-02,2,Signal Tester|Axle Counter Tester,14:00:00,17:00:00,,,True,Pending,82.43,Critical,True,"{""safety_criticality"": 22.0, ""deadline_urgency"": 13.87, ""failure_probability"": 14.06, ""defect_severity"": 10.5, ""operational_impact"": 12.0, ""asset_importance"": 4.0, ""bundling_opportunity"": 0.0, ""resource_readiness"": 6.0}","TASK-0089 received a priority score of 82.4/100 (Critical) because it is safety-critical, it is 16 days overdue, the defect severity is high, its estimated failure probability is 88%, and it can materially affect railway operations."
TASK-0090,TDMS,Traction Distribution,ASSET-SEC-11-0090,Overhead Equipment,COR-04,SEC-11,21.0,22.64,Contact wire wear,1,2,0.372,3,4,2026-06-02,2026-06-15,74,120,135,Power and Track,TRD-Team-01,4,Contact Wire Gauge,01:00:00,05:00:00,,,False,Pending,46.45,Medium,True,"{""safety_criticality"": 5.5, ""deadline_urgency"": 16.0, ""failure_probability"": 5.95, ""defect_severity"": 0.0, ""operational_impact"": 9.0, ""asset_importance"": 4.0, ""bundling_opportunity"": 0.0, ""resource_readiness"": 6.0}","TASK-0090 received a priority score of 46.5/100 (Medium) because it is 74 days overdue, and it can materially affect railway operations."
TASK-0091,TMS,Engineering,ASSET-SEC-06-0091,Rail,COR-02,SEC-06,40.51,42.85,Rail surface defect,5,4,0.82,5,4,2026-06-15,2026-06-26,63,120,135,Power and Track,ENG-Team-01,8,Ultrasonic Rail Tester,00:00:00,04:00:00,,TASK-0036,False,Pending,84.62,Critical,True,"{""safety_criticality"": 16.5, ""deadline_urgency"": 16.0, ""failure_probability"": 13.12, ""defect_severity"": 14.0, ""operational_impact"": 9.0, ""asset_importance"": 8.0, ""bundling_opportunity"": 2.0, ""resource_readiness"": 6.0}","TASK-0091 received a priority score of 84.6/100 (Critical) because it has high safety criticality, it is 63 days overdue, the defect severity is very high, its estimated failure probability is 82%, it can materially affect railway operations, and it can potentially be bundled with 1 cross-department task."
TASK-0092,SMMS,Signal & Telecommunication,ASSET-SEC-12-0092,Point Machine,COR-04,SEC-12,38.81,41.8,Point machine response delay,4,2,0.491,3,1,2026-07-22,2026-09-07,0,30,60,Track Possession,SNT-Team-03,4,Axle Counter Tester,01:00:00,05:00:00,,TASK-0142,False,Pending,38.26,Low,True,"{""safety_criticality"": 5.5, ""deadline_urgency"": 2.4, ""failure_probability"": 7.86, ""defect_severity"": 10.5, ""operational_impact"": 0.0, ""asset_importance"": 4.0, ""bundling_opportunity"": 2.0, ""resource_readiness"": 6.0}","TASK-0092 received a priority score of 38.3/100 (Low) because the defect severity is high, and it can potentially be bundled with 1 cross-department task."
TASK-0093,TDMS,Traction Distribution,ASSET-SEC-14-0093,Contact Wire,COR-05,SEC-14,27.54,29.73,Insulator degradation,2,3,0.467,5,5,2026-05-30,2026-07-12,47,45,60,Power,TRD-Team-02,4,OHE Inspection Vehicle|Insulation Tester,01:00:00,05:00:00,TASK-0081,TASK-0124|TASK-0200,False,Pending,67.97,High,True,"{""safety_criticality"": 11.0, ""deadline_urgency"": 16.0, ""failure_probability"": 7.47, ""defect_severity"": 3.5, ""operational_impact"": 12.0, ""asset_importance"": 8.0, ""bundling_opportunity"": 4.0, ""resource_readiness"": 6.0}","TASK-0093 received a priority score of 68.0/100 (High) because it is 47 days overdue, it can materially affect railway operations, and it can potentially be bundled with 2 cross-department tasks."
TASK-0094,TMS,Engineering,ASSET-SEC-02-0094,Rail,COR-01,SEC-02,19.18,20.49,Rail surface defect,4,4,0.826,5,3,2026-06-27,2026-08-02,26,60,75,Track Possession,ENG-Team-03,6,Ultrasonic Rail Tester|Tamping Machine,10:30:00,13:30:00,,,False,Pending,76.22,High,True,"{""safety_criticality"": 16.5, ""deadline_urgency"": 16.0, ""failure_probability"": 13.22, ""defect_severity"": 10.5, ""operational_impact"": 6.0, ""asset_importance"": 8.0, ""bundling_opportunity"": 0.0, ""resource_readiness"": 6.0}","TASK-0094 received a priority score of 76.2/100 (High) because it has high safety criticality, it is 26 days overdue, the defect severity is high, and its estimated failure probability is 83%."
TASK-0095,SMMS,Signal & Telecommunication,ASSET-SEC-03-0095,Track Circuit,COR-01,SEC-03,44.29,47.04,Track circuit instability,1,5,0.438,3,2,2026-08-20,2026-10-15,0,45,60,Track Possession,SNT-Team-03,4,Axle Counter Tester|Signal Tester,10:30:00,13:30:00,,TASK-0039,False,Pending,46.41,Medium,True,"{""safety_criticality"": 22.0, ""deadline_urgency"": 2.4, ""failure_probability"": 7.01, ""defect_severity"": 0.0, ""operational_impact"": 3.0, ""asset_importance"": 4.0, ""bundling_opportunity"": 2.0, ""resource_readiness"": 6.0}","TASK-0095 received a priority score of 46.4/100 (Medium) because it is safety-critical, and it can potentially be bundled with 1 cross-department task."
TASK-0096,TDMS,Traction Distribution,ASSET-SEC-05-0096,Insulator,COR-02,SEC-05,26.75,27.21,Feeder voltage anomaly,5,5,0.839,1,1,2026-06-06,2026-06-19,70,150,195,Power and Track,TRD-Team-03,6,OHE Inspection Vehicle,22:00:00,23:59:00,,TASK-0043|TASK-0047|TASK-0067,False,Pending,77.42,High,True,"{""safety_criticality"": 22.0, ""deadline_urgency"": 16.0, ""failure_probability"": 13.42, ""defect_severity"": 14.0, ""operational_impact"": 0.0, ""asset_importance"": 0.0, ""bundling_opportunity"": 6.0, ""resource_readiness"": 6.0}","TASK-0096 received a priority score of 77.4/100 (High) because it is safety-critical, it is 70 days overdue, the defect severity is very high, its estimated failure probability is 84%, and it can potentially be bundled with 3 cross-department tasks."
TASK-0097,TMS,Engineering,ASSET-SEC-13-0097,Ballast,COR-05,SEC-13,13.45,15.38,Damaged sleeper,5,4,0.88,1,2,2026-08-24,2026-09-27,0,120,150,Track Possession,ENG-Team-02,10,Ultrasonic Rail Tester|Rail Grinder,01:00:00,05:00:00,,,False,Pending,55.98,Medium,True,"{""safety_criticality"": 16.5, ""deadline_urgency"": 2.4, ""failure_probability"": 14.08, ""defect_severity"": 14.0, ""operational_impact"": 3.0, ""asset_importance"": 0.0, ""bundling_opportunity"": 0.0, ""resource_readiness"": 6.0}","TASK-0097 received a priority score of 56.0/100 (Medium) because it has high safety criticality, the defect severity is very high, and its estimated failure probability is 88%."
TASK-0098,SMMS,Signal & Telecommunication,ASSET-SEC-06-0098,Signal,COR-02,SEC-06,44.62,45.7,Intermittent signal failure,3,4,0.553,1,3,2026-07-18,2026-09-05,0,60,105,Signalling,SNT-Team-01,3,Cable Fault Locator|Track Circuit Meter,22:00:00,23:59:00,,TASK-0003,True,Pending,48.75,Medium,True,"{""safety_criticality"": 16.5, ""deadline_urgency"": 2.4, ""failure_probability"": 8.85, ""defect_severity"": 7.0, ""operational_impact"": 6.0, ""asset_importance"": 0.0, ""bundling_opportunity"": 2.0, ""resource_readiness"": 6.0}","TASK-0098 received a priority score of 48.8/100 (Medium) because it has high safety criticality, and it can potentially be bundled with 1 cross-department task."
TASK-0099,TDMS,Traction Distribution,ASSET-SEC-05-0099,Feeder,COR-02,SEC-05,32.54,33.83,OHE alignment deviation,2,3,0.573,4,1,2026-07-05,2026-07-23,36,90,105,Power,TRD-Team-02,8,Tower Wagon|Insulation Tester,01:00:00,05:00:00,,TASK-0014,False,Pending,53.67,Medium,True,"{""safety_criticality"": 11.0, ""deadline_urgency"": 16.0, ""failure_probability"": 9.17, ""defect_severity"": 3.5, ""operational_impact"": 0.0, ""asset_importance"": 6.0, ""bundling_opportunity"": 2.0, ""resource_readiness"": 6.0}","TASK-0099 received a priority score of 53.7/100 (Medium) because it is 36 days overdue, and it can potentially be bundled with 1 cross-department task."
TASK-0100,TMS,Engineering,ASSET-SEC-04-0100,Points and Crossings,COR-02,SEC-04,9.04,9.38,Track geometry deviation,5,4,0.791,3,1,2026-07-22,2026-08-25,3,60,75,Track Possession,ENG-Team-01,6,Tamping Machine|Inspection Trolley,14:00:00,17:00:00,,TASK-0024|TASK-0123|TASK-0197,False,Pending,69.56,High,True,"{""safety_criticality"": 16.5, ""deadline_urgency"": 10.4, ""failure_probability"": 12.66, ""defect_severity"": 14.0, ""operational_impact"": 0.0, ""asset_importance"": 4.0, ""bundling_opportunity"": 6.0, ""resource_readiness"": 6.0}","TASK-0100 received a priority score of 69.6/100 (High) because it has high safety criticality, it is 3 days overdue, the defect severity is very high, its estimated failure probability is 79%, and it can potentially be bundled with 3 cross-department tasks."
TASK-0101,SMMS,Signal & Telecommunication,ASSET-SEC-05-0101,Axle Counter,COR-02,SEC-05,17.29,18.9,Axle counter mismatch,5,5,0.83,5,5,2026-06-18,2026-07-08,51,30,60,Signalling,SNT-Team-03,2,Cable Fault Locator|Signal Tester,10:30:00,13:30:00,,TASK-0127,True,Pending,93.28,Critical,True,"{""safety_criticality"": 22.0, ""deadline_urgency"": 16.0, ""failure_probability"": 13.28, ""defect_severity"": 14.0, ""operational_impact"": 12.0, ""asset_importance"": 8.0, ""bundling_opportunity"": 2.0, ""resource_readiness"": 6.0}","TASK-0101 received a priority score of 93.3/100 (Critical) because it is safety-critical, it is 51 days overdue, the defect severity is very high, its estimated failure probability is 83%, it can materially affect railway operations, and it can potentially be bundled with 1 cross-department task."
TASK-0102,TDMS,Traction Distribution,ASSET-SEC-03-0102,Insulator,COR-01,SEC-03,49.34,51.79,Feeder voltage anomaly,2,5,0.723,5,3,2026-06-22,2026-07-24,35,60,90,Power and Track,TRD-Team-02,8,Tower Wagon,22:00:00,23:59:00,,TASK-0134|TASK-0176,False,Pending,77.07,High,True,"{""safety_criticality"": 22.0, ""deadline_urgency"": 16.0, ""failure_probability"": 11.57, ""defect_severity"": 3.5, ""operational_impact"": 6.0, ""asset_importance"": 8.0, ""bundling_opportunity"": 4.0, ""resource_readiness"": 6.0}","TASK-0102 received a priority score of 77.1/100 (High) because it is safety-critical, it is 35 days overdue, its estimated failure probability is 72%, and it can potentially be bundled with 2 cross-department tasks."
TASK-0103,TMS,Engineering,ASSET-SEC-05-0103,Sleepers,COR-02,SEC-05,24.31,24.56,Worn crossing,1,4,0.466,5,4,2026-07-16,2026-08-31,0,60,105,Track Possession,ENG-Team-03,10,Rail Grinder,14:00:00,17:00:00,,,True,Pending,49.36,Medium,True,"{""safety_criticality"": 16.5, ""deadline_urgency"": 2.4, ""failure_probability"": 7.46, ""defect_severity"": 0.0, ""operational_impact"": 9.0, ""asset_importance"": 8.0, ""bundling_opportunity"": 0.0, ""resource_readiness"": 6.0}","TASK-0103 received a priority score of 49.4/100 (Medium) because it has high safety criticality, and it can materially affect railway operations."
TASK-0104,SMMS,Signal & Telecommunication,ASSET-SEC-11-0104,Track Circuit,COR-04,SEC-11,18.38,20.18,Track circuit instability,2,1,0.29,1,2,2026-05-30,2026-06-09,80,90,105,Track Possession,SNT-Team-01,4,Track Circuit Meter|Axle Counter Tester,14:00:00,17:00:00,,TASK-0001|TASK-0025,False,Pending,37.14,Low,True,"{""safety_criticality"": 0.0, ""deadline_urgency"": 16.0, ""failure_probability"": 4.64, ""defect_severity"": 3.5, ""operational_impact"": 3.0, ""asset_importance"": 0.0, ""bundling_opportunity"": 4.0, ""resource_readiness"": 6.0}","TASK-0104 received a priority score of 37.1/100 (Low) because it is 80 days overdue, and it can potentially be bundled with 2 cross-department tasks."
TASK-0105,TDMS,Traction Distribution,ASSET-SEC-08-0105,Contact Wire,COR-03,SEC-08,29.98,31.06,Insulator degradation,5,4,0.857,5,3,2026-08-05,2026-09-06,0,90,135,Power,TRD-Team-02,6,Contact Wire Gauge,14:00:00,17:00:00,,TASK-0049,False,Pending,68.61,High,True,"{""safety_criticality"": 16.5, ""deadline_urgency"": 2.4, ""failure_probability"": 13.71, ""defect_severity"": 14.0, ""operational_impact"": 6.0, ""asset_importance"": 8.0, ""bundling_opportunity"": 2.0, ""resource_readiness"": 6.0}","TASK-0105 received a priority score of 68.6/100 (High) because it has high safety criticality, the defect severity is very high, its estimated failure probability is 86%, and it can potentially be bundled with 1 cross-department task."
TASK-0106,TMS,Engineering,ASSET-SEC-12-0106,Sleepers,COR-04,SEC-12,43.34,44.43,Worn crossing,3,3,0.47,1,3,2026-07-14,2026-08-21,7,180,210,Power and Track,ENG-Team-01,8,Tamping Machine,14:00:00,17:00:00,,TASK-0002,False,Pending,50.99,Medium,True,"{""safety_criticality"": 11.0, ""deadline_urgency"": 11.47, ""failure_probability"": 7.52, ""defect_severity"": 7.0, ""operational_impact"": 6.0, ""asset_importance"": 0.0, ""bundling_opportunity"": 2.0, ""resource_readiness"": 6.0}","TASK-0106 received a priority score of 51.0/100 (Medium) because it is 7 days overdue, and it can potentially be bundled with 1 cross-department task."
TASK-0107,SMMS,Signal & Telecommunication,ASSET-SEC-11-0107,Communication Cable,COR-04,SEC-11,18.6,20.14,Communication link degradation,5,4,0.953,1,5,2026-08-02,2026-09-26,0,60,75,Signalling,SNT-Team-03,3,Cable Fault Locator,00:00:00,04:00:00,,TASK-0025,True,Pending,68.15,High,True,"{""safety_criticality"": 16.5, ""deadline_urgency"": 2.4, ""failure_probability"": 15.25, ""defect_severity"": 14.0, ""operational_impact"": 12.0, ""asset_importance"": 0.0, ""bundling_opportunity"": 2.0, ""resource_readiness"": 6.0}","TASK-0107 received a priority score of 68.2/100 (High) because it has high safety criticality, the defect severity is very high, its estimated failure probability is 95%, it can materially affect railway operations, and it can potentially be bundled with 1 cross-department task."
TASK-0108,TDMS,Traction Distribution,ASSET-SEC-07-0108,Feeder,COR-03,SEC-07,6.44,7.96,OHE alignment deviation,2,1,0.421,3,3,2026-06-01,2026-07-23,36,60,90,Power and Track,TRD-Team-01,3,Contact Wire Gauge,14:00:00,17:00:00,,TASK-0004,False,Pending,44.24,Low,True,"{""safety_criticality"": 0.0, ""deadline_urgency"": 16.0, ""failure_probability"": 6.74, ""defect_severity"": 3.5, ""operational_impact"": 6.0, ""asset_importance"": 4.0, ""bundling_opportunity"": 2.0, ""resource_readiness"": 6.0}","TASK-0108 received a priority score of 44.2/100 (Low) because it is 36 days overdue, and it can potentially be bundled with 1 cross-department task."
TASK-0109,TMS,Engineering,ASSET-SEC-04-0109,Points and Crossings,COR-02,SEC-04,8.29,10.51,Track geometry deviation,4,2,0.693,3,5,2026-08-23,2026-09-06,0,60,90,Power and Track,ENG-Team-01,8,Rail Grinder|Ultrasonic Rail Tester,14:00:00,17:00:00,,TASK-0024|TASK-0123|TASK-0197,True,Pending,64.69,Medium,True,"{""safety_criticality"": 5.5, ""deadline_urgency"": 9.6, ""failure_probability"": 11.09, ""defect_severity"": 10.5, ""operational_impact"": 12.0, ""asset_importance"": 4.0, ""bundling_opportunity"": 6.0, ""resource_readiness"": 6.0}","TASK-0109 received a priority score of 64.7/100 (Medium) because its maintenance deadline is close, the defect severity is high, it can materially affect railway operations, and it can potentially be bundled with 3 cross-department tasks."
TASK-0110,SMMS,Signal & Telecommunication,ASSET-SEC-11-0110,Point Machine,COR-04,SEC-11,23.19,24.77,Point machine response delay,5,4,0.788,3,3,2026-08-10,2026-10-06,0,30,60,Track Possession,SNT-Team-03,3,Cable Fault Locator|Signal Tester,01:00:00,05:00:00,TASK-0104,,False,Pending,61.51,Medium,True,"{""safety_criticality"": 16.5, ""deadline_urgency"": 2.4, ""failure_probability"": 12.61, ""defect_severity"": 14.0, ""operational_impact"": 6.0, ""asset_importance"": 4.0, ""bundling_opportunity"": 0.0, ""resource_readiness"": 6.0}","TASK-0110 received a priority score of 61.5/100 (Medium) because it has high safety criticality, the defect severity is very high, and its estimated failure probability is 79%."
TASK-0111,TDMS,Traction Distribution,ASSET-SEC-14-0111,Feeder,COR-05,SEC-14,38.37,39.71,OHE alignment deviation,3,1,0.38,3,4,2026-07-04,2026-08-08,20,45,60,Power,TRD-Team-02,6,Insulation Tester|OHE Inspection Vehicle,01:00:00,05:00:00,TASK-0081,,False,Pending,47.01,Medium,True,"{""safety_criticality"": 0.0, ""deadline_urgency"": 14.93, ""failure_probability"": 6.08, ""defect_severity"": 7.0, ""operational_impact"": 9.0, ""asset_importance"": 4.0, ""bundling_opportunity"": 0.0, ""resource_readiness"": 6.0}","TASK-0111 received a priority score of 47.0/100 (Medium) because it is 20 days overdue, and it can materially affect railway operations."
TASK-0112,TMS,Engineering,ASSET-SEC-05-0112,Points and Crossings,COR-02,SEC-05,26.19,27.99,Track geometry deviation,3,2,0.376,1,3,2026-07-25,2026-09-07,0,60,90,Track Possession,ENG-Team-03,6,Tamping Machine|Ultrasonic Rail Tester,10:30:00,13:30:00,,TASK-0047|TASK-0096,True,Pending,36.92,Low,True,"{""safety_criticality"": 5.5, ""deadline_urgency"": 2.4, ""failure_probability"": 6.02, ""defect_severity"": 7.0, ""operational_impact"": 6.0, ""asset_importance"": 0.0, ""bundling_opportunity"": 4.0, ""resource_readiness"": 6.0}",TASK-0112 received a priority score of 36.9/100 (Low) because it can potentially be bundled with 2 cross-department tasks.
TASK-0113,SMMS,Signal & Telecommunication,ASSET-SEC-03-0113,Track Circuit,COR-01,SEC-03,45.11,46.58,Track circuit instability,4,5,0.928,5,3,2026-06-11,2026-07-07,52,120,165,Signalling,SNT-Team-03,2,Track Circuit Meter,01:00:00,05:00:00,,,True,Pending,83.35,Critical,True,"{""safety_criticality"": 22.0, ""deadline_urgency"": 16.0, ""failure_probability"": 14.85, ""defect_severity"": 10.5, ""operational_impact"": 6.0, ""asset_importance"": 8.0, ""bundling_opportunity"": 0.0, ""resource_readiness"": 6.0}","TASK-0113 received a priority score of 83.3/100 (Critical) because it is safety-critical, it is 52 days overdue, the defect severity is high, and its estimated failure probability is 93%."
TASK-0114,TDMS,Traction Distribution,ASSET-SEC-09-0114,Sectioning Equipment,COR-03,SEC-09,58.46,59.13,Sectioning equipment fault,2,3,0.554,4,1,2026-06-20,2026-07-02,57,120,135,Power,TRD-Team-01,8,OHE Inspection Vehicle|Contact Wire Gauge,01:00:00,05:00:00,,,False,Pending,51.36,Medium,True,"{""safety_criticality"": 11.0, ""deadline_urgency"": 16.0, ""failure_probability"": 8.86, ""defect_severity"": 3.5, ""operational_impact"": 0.0, ""asset_importance"": 6.0, ""bundling_opportunity"": 0.0, ""resource_readiness"": 6.0}",TASK-0114 received a priority score of 51.4/100 (Medium) because it is 57 days overdue.
TASK-0115,TMS,Engineering,ASSET-SEC-01-0115,Bridge Component,COR-01,SEC-01,9.78,11.86,Insufficient ballast,1,4,0.384,4,3,2026-07-19,2026-09-06,0,60,105,Power and Track,ENG-Team-01,4,Rail Grinder,01:00:00,05:00:00,,,False,Pending,43.04,Low,True,"{""safety_criticality"": 16.5, ""deadline_urgency"": 2.4, ""failure_probability"": 6.14, ""defect_severity"": 0.0, ""operational_impact"": 6.0, ""asset_importance"": 6.0, ""bundling_opportunity"": 0.0, ""resource_readiness"": 6.0}",TASK-0115 received a priority score of 43.0/100 (Low) because it has high safety criticality.
TASK-0116,SMMS,Signal & Telecommunication,ASSET-SEC-02-0116,Point Machine,COR-01,SEC-02,35.75,36.21,Point machine response delay,2,2,0.451,5,2,2026-07-22,2026-08-20,8,90,120,Track Possession,SNT-Team-02,2,Track Circuit Meter|Signal Tester,14:00:00,17:00:00,,TASK-0060,False,Pending,46.95,Medium,True,"{""safety_criticality"": 5.5, ""deadline_urgency"": 11.73, ""failure_probability"": 7.22, ""defect_severity"": 3.5, ""operational_impact"": 3.0, ""asset_importance"": 8.0, ""bundling_opportunity"": 2.0, ""resource_readiness"": 6.0}","TASK-0116 received a priority score of 47.0/100 (Medium) because it is 8 days overdue, and it can potentially be bundled with 1 cross-department task."
TASK-0117,TDMS,Traction Distribution,ASSET-SEC-09-0117,Feeder,COR-03,SEC-09,47.75,48.31,OHE alignment deviation,1,1,0.325,4,3,2026-07-30,2026-09-24,0,120,165,Power,TRD-Team-02,4,Insulation Tester|OHE Inspection Vehicle,22:00:00,23:59:00,,,False,Pending,25.6,Low,True,"{""safety_criticality"": 0.0, ""deadline_urgency"": 2.4, ""failure_probability"": 5.2, ""defect_severity"": 0.0, ""operational_impact"": 6.0, ""asset_importance"": 6.0, ""bundling_opportunity"": 0.0, ""resource_readiness"": 6.0}",TASK-0117 received a priority score of 25.6/100 (Low) because its combined risk and urgency factors require planned attention.
TASK-0118,TMS,Engineering,ASSET-SEC-12-0118,Rail,COR-04,SEC-12,44.4,44.69,Rail surface defect,5,4,0.78,1,4,2026-06-04,2026-07-03,56,60,75,Track Possession,ENG-Team-01,6,Rail Grinder|Ultrasonic Rail Tester,22:00:00,23:59:00,,,False,Pending,73.98,High,True,"{""safety_criticality"": 16.5, ""deadline_urgency"": 16.0, ""failure_probability"": 12.48, ""defect_severity"": 14.0, ""operational_impact"": 9.0, ""asset_importance"": 0.0, ""bundling_opportunity"": 0.0, ""resource_readiness"": 6.0}","TASK-0118 received a priority score of 74.0/100 (High) because it has high safety criticality, it is 56 days overdue, the defect severity is very high, its estimated failure probability is 78%, and it can materially affect railway operations."
TASK-0119,SMMS,Signal & Telecommunication,ASSET-SEC-13-0119,Track Circuit,COR-05,SEC-13,1.33,2.94,Track circuit instability,5,4,0.864,3,3,2026-07-21,2026-08-07,21,60,75,Signalling,SNT-Team-03,3,Track Circuit Meter,10:30:00,13:30:00,,,False,Pending,75.52,High,True,"{""safety_criticality"": 16.5, ""deadline_urgency"": 15.2, ""failure_probability"": 13.82, ""defect_severity"": 14.0, ""operational_impact"": 6.0, ""asset_importance"": 4.0, ""bundling_opportunity"": 0.0, ""resource_readiness"": 6.0}","TASK-0119 received a priority score of 75.5/100 (High) because it has high safety criticality, it is 21 days overdue, the defect severity is very high, and its estimated failure probability is 86%."
TASK-0120,TDMS,Traction Distribution,ASSET-SEC-07-0120,Insulator,COR-03,SEC-07,10.84,11.17,Feeder voltage anomaly,4,5,0.78,4,2,2026-07-14,2026-08-27,1,120,150,Power,TRD-Team-02,4,Insulation Tester|Contact Wire Gauge,01:00:00,05:00:00,,TASK-0040|TASK-0071,False,Pending,73.85,High,True,"{""safety_criticality"": 22.0, ""deadline_urgency"": 9.87, ""failure_probability"": 12.48, ""defect_severity"": 10.5, ""operational_impact"": 3.0, ""asset_importance"": 6.0, ""bundling_opportunity"": 4.0, ""resource_readiness"": 6.0}","TASK-0120 received a priority score of 73.8/100 (High) because it is safety-critical, it is 1 days overdue, the defect severity is high, its estimated failure probability is 78%, and it can potentially be bundled with 2 cross-department tasks."
TASK-0121,TMS,Engineering,ASSET-SEC-15-0121,Rail,COR-05,SEC-15,48.41,49.77,Rail surface defect,5,4,0.817,5,2,2026-07-05,2026-08-12,16,120,135,Track Possession,ENG-Team-02,10,Tamping Machine|Rail Grinder,10:30:00,13:30:00,,TASK-0011|TASK-0017,False,Pending,78.44,High,True,"{""safety_criticality"": 16.5, ""deadline_urgency"": 13.87, ""failure_probability"": 13.07, ""defect_severity"": 14.0, ""operational_impact"": 3.0, ""asset_importance"": 8.0, ""bundling_opportunity"": 4.0, ""resource_readiness"": 6.0}","TASK-0121 received a priority score of 78.4/100 (High) because it has high safety criticality, it is 16 days overdue, the defect severity is very high, its estimated failure probability is 82%, and it can potentially be bundled with 2 cross-department tasks."
TASK-0122,SMMS,Signal & Telecommunication,ASSET-SEC-10-0122,Track Circuit,COR-04,SEC-10,0.55,0.95,Track circuit instability,5,4,0.84,4,2,2026-06-13,2026-08-01,27,60,90,Track Possession,SNT-Team-03,3,Signal Tester,00:00:00,04:00:00,,TASK-0166,False,Pending,76.94,High,True,"{""safety_criticality"": 16.5, ""deadline_urgency"": 16.0, ""failure_probability"": 13.44, ""defect_severity"": 14.0, ""operational_impact"": 3.0, ""asset_importance"": 6.0, ""bundling_opportunity"": 2.0, ""resource_readiness"": 6.0}","TASK-0122 received a priority score of 76.9/100 (High) because it has high safety criticality, it is 27 days overdue, the defect severity is very high, its estimated failure probability is 84%, and it can potentially be bundled with 1 cross-department task."
TASK-0123,TDMS,Traction Distribution,ASSET-SEC-04-0123,Feeder,COR-02,SEC-04,8.56,10.93,OHE alignment deviation,5,4,0.797,3,2,2026-07-10,2026-08-11,17,90,135,Power,TRD-Team-02,8,Tower Wagon,14:00:00,17:00:00,,TASK-0016|TASK-0058|TASK-0100,True,Pending,76.38,High,True,"{""safety_criticality"": 16.5, ""deadline_urgency"": 14.13, ""failure_probability"": 12.75, ""defect_severity"": 14.0, ""operational_impact"": 3.0, ""asset_importance"": 4.0, ""bundling_opportunity"": 6.0, ""resource_readiness"": 6.0}","TASK-0123 received a priority score of 76.4/100 (High) because it has high safety criticality, it is 17 days overdue, the defect severity is very high, its estimated failure probability is 80%, and it can potentially be bundled with 3 cross-department tasks."
TASK-0124,TMS,Engineering,ASSET-SEC-14-0124,Sleepers,COR-05,SEC-14,28.98,29.59,Worn crossing,5,5,0.98,5,2,2026-07-25,2026-09-01,0,120,135,Track Possession,ENG-Team-03,8,Ultrasonic Rail Tester,01:00:00,05:00:00,,TASK-0081|TASK-0093,True,Pending,75.08,High,True,"{""safety_criticality"": 22.0, ""deadline_urgency"": 2.4, ""failure_probability"": 15.68, ""defect_severity"": 14.0, ""operational_impact"": 3.0, ""asset_importance"": 8.0, ""bundling_opportunity"": 4.0, ""resource_readiness"": 6.0}","TASK-0124 received a priority score of 75.1/100 (High) because it is safety-critical, the defect severity is very high, its estimated failure probability is 98%, and it can potentially be bundled with 2 cross-department tasks."
TASK-0125,SMMS,Signal & Telecommunication,ASSET-SEC-14-0125,Communication Cable,COR-05,SEC-14,34.99,37.22,Communication link degradation,2,3,0.382,1,1,2026-06-26,2026-07-28,31,120,150,Signalling,SNT-Team-02,3,Signal Tester,01:00:00,05:00:00,,,False,Pending,42.61,Low,True,"{""safety_criticality"": 11.0, ""deadline_urgency"": 16.0, ""failure_probability"": 6.11, ""defect_severity"": 3.5, ""operational_impact"": 0.0, ""asset_importance"": 0.0, ""bundling_opportunity"": 0.0, ""resource_readiness"": 6.0}",TASK-0125 received a priority score of 42.6/100 (Low) because it is 31 days overdue.
TASK-0126,TDMS,Traction Distribution,ASSET-SEC-04-0126,Overhead Equipment,COR-02,SEC-04,1.05,1.67,Contact wire wear,4,3,0.555,1,1,2026-07-31,2026-09-04,0,150,180,Power and Track,TRD-Team-03,6,Tower Wagon,14:00:00,17:00:00,TASK-0123,,False,Pending,38.78,Low,True,"{""safety_criticality"": 11.0, ""deadline_urgency"": 2.4, ""failure_probability"": 8.88, ""defect_severity"": 10.5, ""operational_impact"": 0.0, ""asset_importance"": 0.0, ""bundling_opportunity"": 0.0, ""resource_readiness"": 6.0}",TASK-0126 received a priority score of 38.8/100 (Low) because the defect severity is high.
TASK-0127,TMS,Engineering,ASSET-SEC-05-0127,Points and Crossings,COR-02,SEC-05,16.3,18.78,Track geometry deviation,2,1,0.41,4,1,2026-06-02,2026-07-02,57,180,195,Track Possession,ENG-Team-02,10,Tamping Machine|Inspection Trolley,01:00:00,05:00:00,,TASK-0101,False,Pending,40.06,Low,True,"{""safety_criticality"": 0.0, ""deadline_urgency"": 16.0, ""failure_probability"": 6.56, ""defect_severity"": 3.5, ""operational_impact"": 0.0, ""asset_importance"": 6.0, ""bundling_opportunity"": 2.0, ""resource_readiness"": 6.0}","TASK-0127 received a priority score of 40.1/100 (Low) because it is 57 days overdue, and it can potentially be bundled with 1 cross-department task."
TASK-0128,SMMS,Signal & Telecommunication,ASSET-SEC-12-0128,Signal,COR-04,SEC-12,34.95,37.07,Intermittent signal failure,1,1,0.181,1,4,2026-08-17,2026-09-30,0,90,135,Signalling,SNT-Team-03,4,Cable Fault Locator,14:00:00,17:00:00,,TASK-0037|TASK-0141|TASK-0150,False,Pending,26.3,Low,True,"{""safety_criticality"": 0.0, ""deadline_urgency"": 2.4, ""failure_probability"": 2.9, ""defect_severity"": 0.0, ""operational_impact"": 9.0, ""asset_importance"": 0.0, ""bundling_opportunity"": 6.0, ""resource_readiness"": 6.0}","TASK-0128 received a priority score of 26.3/100 (Low) because it can materially affect railway operations, and it can potentially be bundled with 3 cross-department tasks."
TASK-0129,TDMS,Traction Distribution,ASSET-SEC-14-0129,Sectioning Equipment,COR-05,SEC-14,45.91,46.91,Sectioning equipment fault,2,5,0.619,3,1,2026-08-22,2026-09-08,0,45,60,Power,TRD-Team-03,4,Insulation Tester,10:30:00,13:30:00,,,False,Pending,51.0,Medium,True,"{""safety_criticality"": 22.0, ""deadline_urgency"": 5.6, ""failure_probability"": 9.9, ""defect_severity"": 3.5, ""operational_impact"": 0.0, ""asset_importance"": 4.0, ""bundling_opportunity"": 0.0, ""resource_readiness"": 6.0}",TASK-0129 received a priority score of 51.0/100 (Medium) because it is safety-critical.
TASK-0130,TMS,Engineering,ASSET-SEC-12-0130,Sleepers,COR-04,SEC-12,45.37,48.17,Worn crossing,5,4,0.862,1,5,2026-07-20,2026-08-02,26,150,195,Power and Track,ENG-Team-02,4,Inspection Trolley|Tamping Machine,22:00:00,23:59:00,,TASK-0078|TASK-0152,True,Pending,82.29,Critical,True,"{""safety_criticality"": 16.5, ""deadline_urgency"": 16.0, ""failure_probability"": 13.79, ""defect_severity"": 14.0, ""operational_impact"": 12.0, ""asset_importance"": 0.0, ""bundling_opportunity"": 4.0, ""resource_readiness"": 6.0}","TASK-0130 received a priority score of 82.3/100 (Critical) because it has high safety criticality, it is 26 days overdue, the defect severity is very high, its estimated failure probability is 86%, it can materially affect railway operations, and it can potentially be bundled with 2 cross-department tasks."
TASK-0131,SMMS,Signal & Telecommunication,ASSET-SEC-04-0131,Track Circuit,COR-02,SEC-04,13.0,14.15,Track circuit instability,4,3,0.547,2,5,2026-06-10,2026-07-21,38,60,90,Track Possession,SNT-Team-02,2,Track Circuit Meter|Cable Fault Locator,14:00:00,17:00:00,,TASK-0009|TASK-0174,False,Pending,70.25,High,True,"{""safety_criticality"": 11.0, ""deadline_urgency"": 16.0, ""failure_probability"": 8.75, ""defect_severity"": 10.5, ""operational_impact"": 12.0, ""asset_importance"": 2.0, ""bundling_opportunity"": 4.0, ""resource_readiness"": 6.0}","TASK-0131 received a priority score of 70.2/100 (High) because it is 38 days overdue, the defect severity is high, it can materially affect railway operations, and it can potentially be bundled with 2 cross-department tasks."
TASK-0132,TDMS,Traction Distribution,ASSET-SEC-05-0132,Insulator,COR-02,SEC-05,29.97,32.17,Feeder voltage anomaly,2,4,0.598,1,3,2026-08-17,2026-09-06,0,60,105,Power,TRD-Team-02,6,OHE Inspection Vehicle|Tower Wagon,14:00:00,17:00:00,,TASK-0191,True,Pending,49.17,Medium,True,"{""safety_criticality"": 16.5, ""deadline_urgency"": 5.6, ""failure_probability"": 9.57, ""defect_severity"": 3.5, ""operational_impact"": 6.0, ""asset_importance"": 0.0, ""bundling_opportunity"": 2.0, ""resource_readiness"": 6.0}","TASK-0132 received a priority score of 49.2/100 (Medium) because it has high safety criticality, and it can potentially be bundled with 1 cross-department task."
TASK-0133,TMS,Engineering,ASSET-SEC-02-0133,Bridge Component,COR-01,SEC-02,21.37,22.83,Insufficient ballast,4,1,0.387,3,4,2026-06-17,2026-07-22,37,120,165,Track Possession,ENG-Team-01,6,Ultrasonic Rail Tester|Rail Grinder,00:00:00,04:00:00,,,False,Pending,51.69,Medium,True,"{""safety_criticality"": 0.0, ""deadline_urgency"": 16.0, ""failure_probability"": 6.19, ""defect_severity"": 10.5, ""operational_impact"": 9.0, ""asset_importance"": 4.0, ""bundling_opportunity"": 0.0, ""resource_readiness"": 6.0}","TASK-0133 received a priority score of 51.7/100 (Medium) because it is 37 days overdue, the defect severity is high, and it can materially affect railway operations."
TASK-0134,SMMS,Signal & Telecommunication,ASSET-SEC-03-0134,Point Machine,COR-01,SEC-03,48.84,49.51,Point machine response delay,3,4,0.556,3,3,2026-07-24,2026-08-15,13,45,75,Signalling,SNT-Team-03,5,Track Circuit Meter|Signal Tester,10:30:00,13:30:00,,TASK-0102|TASK-0192,False,Pending,65.47,High,True,"{""safety_criticality"": 16.5, ""deadline_urgency"": 13.07, ""failure_probability"": 8.9, ""defect_severity"": 7.0, ""operational_impact"": 6.0, ""asset_importance"": 4.0, ""bundling_opportunity"": 4.0, ""resource_readiness"": 6.0}","TASK-0134 received a priority score of 65.5/100 (High) because it has high safety criticality, it is 13 days overdue, and it can potentially be bundled with 2 cross-department tasks."
TASK-0135,TDMS,Traction Distribution,ASSET-SEC-04-0135,Feeder,COR-02,SEC-04,7.1,7.68,OHE alignment deviation,3,5,0.695,3,5,2026-08-27,2026-09-24,0,90,120,Power and Track,TRD-Team-01,8,Contact Wire Gauge,10:30:00,13:30:00,,TASK-0058,False,Pending,69.72,High,True,"{""safety_criticality"": 22.0, ""deadline_urgency"": 5.6, ""failure_probability"": 11.12, ""defect_severity"": 7.0, ""operational_impact"": 12.0, ""asset_importance"": 4.0, ""bundling_opportunity"": 2.0, ""resource_readiness"": 6.0}","TASK-0135 received a priority score of 69.7/100 (High) because it is safety-critical, it can materially affect railway operations, and it can potentially be bundled with 1 cross-department task."
TASK-0136,TMS,Engineering,ASSET-SEC-07-0136,Ballast,COR-03,SEC-07,18.89,19.36,Damaged sleeper,4,5,0.895,2,5,2026-05-31,2026-07-13,46,120,150,Power and Track,ENG-Team-01,4,Rail Grinder|Tamping Machine,10:30:00,13:30:00,,,False,Pending,82.82,Critical,True,"{""safety_criticality"": 22.0, ""deadline_urgency"": 16.0, ""failure_probability"": 14.32, ""defect_severity"": 10.5, ""operational_impact"": 12.0, ""asset_importance"": 2.0, ""bundling_opportunity"": 0.0, ""resource_readiness"": 6.0}","TASK-0136 received a priority score of 82.8/100 (Critical) because it is safety-critical, it is 46 days overdue, the defect severity is high, its estimated failure probability is 90%, and it can materially affect railway operations."
TASK-0137,SMMS,Signal & Telecommunication,ASSET-SEC-08-0137,Track Circuit,COR-03,SEC-08,37.92,38.41,Track circuit instability,1,4,0.488,4,4,2026-07-21,2026-09-15,0,45,90,Signalling,SNT-Team-02,5,Cable Fault Locator|Axle Counter Tester,10:30:00,13:30:00,,TASK-0057,False,Pending,49.71,Medium,True,"{""safety_criticality"": 16.5, ""deadline_urgency"": 2.4, ""failure_probability"": 7.81, ""defect_severity"": 0.0, ""operational_impact"": 9.0, ""asset_importance"": 6.0, ""bundling_opportunity"": 2.0, ""resource_readiness"": 6.0}","TASK-0137 received a priority score of 49.7/100 (Medium) because it has high safety criticality, it can materially affect railway operations, and it can potentially be bundled with 1 cross-department task."
TASK-0138,TDMS,Traction Distribution,ASSET-SEC-09-0138,Sectioning Equipment,COR-03,SEC-09,50.14,52.92,Sectioning equipment fault,5,4,0.918,2,3,2026-05-31,2026-06-29,60,90,135,Power,TRD-Team-03,3,OHE Inspection Vehicle,22:00:00,23:59:00,,TASK-0028,False,Pending,77.19,High,True,"{""safety_criticality"": 16.5, ""deadline_urgency"": 16.0, ""failure_probability"": 14.69, ""defect_severity"": 14.0, ""operational_impact"": 6.0, ""asset_importance"": 2.0, ""bundling_opportunity"": 2.0, ""resource_readiness"": 6.0}","TASK-0138 received a priority score of 77.2/100 (High) because it has high safety criticality, it is 60 days overdue, the defect severity is very high, its estimated failure probability is 92%, and it can potentially be bundled with 1 cross-department task."
TASK-0139,TMS,Engineering,ASSET-SEC-11-0139,Bridge Component,COR-04,SEC-11,25.34,26.66,Insufficient ballast,4,1,0.383,3,4,2026-07-16,2026-09-07,0,120,135,Track Possession,ENG-Team-03,6,Ultrasonic Rail Tester,22:00:00,23:59:00,,TASK-0158,False,Pending,40.03,Low,True,"{""safety_criticality"": 0.0, ""deadline_urgency"": 2.4, ""failure_probability"": 6.13, ""defect_severity"": 10.5, ""operational_impact"": 9.0, ""asset_importance"": 4.0, ""bundling_opportunity"": 2.0, ""resource_readiness"": 6.0}","TASK-0139 received a priority score of 40.0/100 (Low) because the defect severity is high, it can materially affect railway operations, and it can potentially be bundled with 1 cross-department task."
TASK-0140,SMMS,Signal & Telecommunication,ASSET-SEC-01-0140,Point Machine,COR-01,SEC-01,8.45,9.48,Point machine response delay,2,3,0.418,4,4,2026-08-17,2026-08-27,1,90,105,Signalling,SNT-Team-01,4,Track Circuit Meter|Signal Tester,22:00:00,23:59:00,TASK-0062,TASK-0193,True,Pending,54.06,Medium,True,"{""safety_criticality"": 11.0, ""deadline_urgency"": 9.87, ""failure_probability"": 6.69, ""defect_severity"": 3.5, ""operational_impact"": 9.0, ""asset_importance"": 6.0, ""bundling_opportunity"": 2.0, ""resource_readiness"": 6.0}","TASK-0140 received a priority score of 54.1/100 (Medium) because it is 1 days overdue, it can materially affect railway operations, and it can potentially be bundled with 1 cross-department task."
TASK-0141,TDMS,Traction Distribution,ASSET-SEC-12-0141,Sectioning Equipment,COR-04,SEC-12,33.01,35.59,Sectioning equipment fault,2,2,0.389,4,2,2026-06-06,2026-06-15,74,150,165,Power,TRD-Team-03,8,Tower Wagon|OHE Inspection Vehicle,10:30:00,13:30:00,,TASK-0037|TASK-0128|TASK-0160,False,Pending,52.22,Medium,True,"{""safety_criticality"": 5.5, ""deadline_urgency"": 16.0, ""failure_probability"": 6.22, ""defect_severity"": 3.5, ""operational_impact"": 3.0, ""asset_importance"": 6.0, ""bundling_opportunity"": 6.0, ""resource_readiness"": 6.0}","TASK-0141 received a priority score of 52.2/100 (Medium) because it is 74 days overdue, and it can potentially be bundled with 3 cross-department tasks."
TASK-0142,TMS,Engineering,ASSET-SEC-12-0142,Bridge Component,COR-04,SEC-12,41.75,42.5,Insufficient ballast,4,1,0.556,3,3,2026-06-13,2026-07-13,46,90,120,Track Possession,ENG-Team-02,4,Inspection Trolley,00:00:00,04:00:00,,TASK-0002|TASK-0092,True,Pending,55.4,Medium,True,"{""safety_criticality"": 0.0, ""deadline_urgency"": 16.0, ""failure_probability"": 8.9, ""defect_severity"": 10.5, ""operational_impact"": 6.0, ""asset_importance"": 4.0, ""bundling_opportunity"": 4.0, ""resource_readiness"": 6.0}","TASK-0142 received a priority score of 55.4/100 (Medium) because it is 46 days overdue, the defect severity is high, and it can potentially be bundled with 2 cross-department tasks."
TASK-0143,SMMS,Signal & Telecommunication,ASSET-SEC-14-0143,Point Machine,COR-05,SEC-14,35.01,37.91,Point machine response delay,4,5,0.798,5,5,2026-07-18,2026-08-28,0,30,60,Signalling,SNT-Team-03,3,Axle Counter Tester,10:30:00,13:30:00,,,False,Pending,73.67,High,True,"{""safety_criticality"": 22.0, ""deadline_urgency"": 2.4, ""failure_probability"": 12.77, ""defect_severity"": 10.5, ""operational_impact"": 12.0, ""asset_importance"": 8.0, ""bundling_opportunity"": 0.0, ""resource_readiness"": 6.0}","TASK-0143 received a priority score of 73.7/100 (High) because it is safety-critical, the defect severity is high, its estimated failure probability is 80%, and it can materially affect railway operations."
TASK-0144,TDMS,Traction Distribution,ASSET-SEC-04-0144,Feeder,COR-02,SEC-04,4.73,5.44,OHE alignment deviation,5,4,0.825,5,2,2026-05-31,2026-06-12,77,60,105,Power and Track,TRD-Team-01,8,Tower Wagon,14:00:00,17:00:00,,,True,Pending,76.7,High,True,"{""safety_criticality"": 16.5, ""deadline_urgency"": 16.0, ""failure_probability"": 13.2, ""defect_severity"": 14.0, ""operational_impact"": 3.0, ""asset_importance"": 8.0, ""bundling_opportunity"": 0.0, ""resource_readiness"": 6.0}","TASK-0144 received a priority score of 76.7/100 (High) because it has high safety criticality, it is 77 days overdue, the defect severity is very high, and its estimated failure probability is 82%."
TASK-0145,TMS,Engineering,ASSET-SEC-03-0145,Bridge Component,COR-01,SEC-03,42.16,43.62,Insufficient ballast,3,1,0.401,4,4,2026-08-21,2026-10-18,0,90,120,Power and Track,ENG-Team-02,10,Ultrasonic Rail Tester|Tamping Machine,22:00:00,23:59:00,,TASK-0039|TASK-0198,True,Pending,40.82,Low,True,"{""safety_criticality"": 0.0, ""deadline_urgency"": 2.4, ""failure_probability"": 6.42, ""defect_severity"": 7.0, ""operational_impact"": 9.0, ""asset_importance"": 6.0, ""bundling_opportunity"": 4.0, ""resource_readiness"": 6.0}","TASK-0145 received a priority score of 40.8/100 (Low) because it can materially affect railway operations, and it can potentially be bundled with 2 cross-department tasks."
TASK-0146,SMMS,Signal & Telecommunication,ASSET-SEC-10-0146,Point Machine,COR-04,SEC-10,0.43,2.76,Point machine response delay,3,2,0.494,3,5,2026-07-21,2026-07-26,33,45,75,Signalling,SNT-Team-03,2,Signal Tester,22:00:00,23:59:00,,TASK-0166,False,Pending,60.4,Medium,True,"{""safety_criticality"": 5.5, ""deadline_urgency"": 16.0, ""failure_probability"": 7.9, ""defect_severity"": 7.0, ""operational_impact"": 12.0, ""asset_importance"": 4.0, ""bundling_opportunity"": 2.0, ""resource_readiness"": 6.0}","TASK-0146 received a priority score of 60.4/100 (Medium) because it is 33 days overdue, it can materially affect railway operations, and it can potentially be bundled with 1 cross-department task."
TASK-0147,TDMS,Traction Distribution,ASSET-SEC-08-0147,Insulator,COR-03,SEC-08,30.38,33.35,Feeder voltage anomaly,2,3,0.559,1,2,2026-08-14,2026-10-03,0,45,75,Power,TRD-Team-03,6,Tower Wagon,10:30:00,13:30:00,,TASK-0049,False,Pending,36.84,Low,True,"{""safety_criticality"": 11.0, ""deadline_urgency"": 2.4, ""failure_probability"": 8.94, ""defect_severity"": 3.5, ""operational_impact"": 3.0, ""asset_importance"": 0.0, ""bundling_opportunity"": 2.0, ""resource_readiness"": 6.0}",TASK-0147 received a priority score of 36.8/100 (Low) because it can potentially be bundled with 1 cross-department task.
TASK-0148,TMS,Engineering,ASSET-SEC-10-0148,Sleepers,COR-04,SEC-10,8.86,9.52,Worn crossing,2,2,0.461,3,3,2026-08-10,2026-10-02,0,180,210,Power and Track,ENG-Team-02,4,Tamping Machine,22:00:00,23:59:00,,TASK-0161|TASK-0186,True,Pending,38.78,Low,True,"{""safety_criticality"": 5.5, ""deadline_urgency"": 2.4, ""failure_probability"": 7.38, ""defect_severity"": 3.5, ""operational_impact"": 6.0, ""asset_importance"": 4.0, ""bundling_opportunity"": 4.0, ""resource_readiness"": 6.0}",TASK-0148 received a priority score of 38.8/100 (Low) because it can potentially be bundled with 2 cross-department tasks.
TASK-0149,SMMS,Signal & Telecommunication,ASSET-SEC-13-0149,Point Machine,COR-05,SEC-13,18.46,21.23,Point machine response delay,2,2,0.322,4,4,2026-07-23,2026-09-19,0,60,75,Signalling,SNT-Team-01,2,Axle Counter Tester,14:00:00,17:00:00,,TASK-0076,False,Pending,39.55,Low,True,"{""safety_criticality"": 5.5, ""deadline_urgency"": 2.4, ""failure_probability"": 5.15, ""defect_severity"": 3.5, ""operational_impact"": 9.0, ""asset_importance"": 6.0, ""bundling_opportunity"": 2.0, ""resource_readiness"": 6.0}","TASK-0149 received a priority score of 39.5/100 (Low) because it can materially affect railway operations, and it can potentially be bundled with 1 cross-department task."
TASK-0150,TDMS,Traction Distribution,ASSET-SEC-12-0150,Insulator,COR-04,SEC-12,35.87,38.69,Feeder voltage anomaly,4,3,0.685,2,4,2026-07-11,2026-08-12,16,45,90,Power,TRD-Team-02,6,Tower Wagon,14:00:00,17:00:00,,TASK-0037|TASK-0128|TASK-0199,False,Pending,69.33,High,True,"{""safety_criticality"": 11.0, ""deadline_urgency"": 13.87, ""failure_probability"": 10.96, ""defect_severity"": 10.5, ""operational_impact"": 9.0, ""asset_importance"": 2.0, ""bundling_opportunity"": 6.0, ""resource_readiness"": 6.0}","TASK-0150 received a priority score of 69.3/100 (High) because it is 16 days overdue, the defect severity is high, it can materially affect railway operations, and it can potentially be bundled with 3 cross-department tasks."
TASK-0151,TMS,Engineering,ASSET-SEC-05-0151,Ballast,COR-02,SEC-05,21.91,23.73,Damaged sleeper,4,3,0.764,2,4,2026-06-16,2026-08-12,16,60,75,Track Possession,ENG-Team-01,10,Rail Grinder,00:00:00,04:00:00,TASK-0043,TASK-0030|TASK-0188,True,Pending,68.59,High,True,"{""safety_criticality"": 11.0, ""deadline_urgency"": 13.87, ""failure_probability"": 12.22, ""defect_severity"": 10.5, ""operational_impact"": 9.0, ""asset_importance"": 2.0, ""bundling_opportunity"": 4.0, ""resource_readiness"": 6.0}","TASK-0151 received a priority score of 68.6/100 (High) because it is 16 days overdue, the defect severity is high, its estimated failure probability is 76%, it can materially affect railway operations, and it can potentially be bundled with 2 cross-department tasks."
TASK-0152,SMMS,Signal & Telecommunication,ASSET-SEC-12-0152,Track Circuit,COR-04,SEC-12,46.91,48.78,Track circuit instability,3,1,0.444,3,2,2026-07-20,2026-08-02,26,60,75,Signalling,SNT-Team-03,2,Track Circuit Meter,10:30:00,13:30:00,,TASK-0078|TASK-0130,False,Pending,47.1,Medium,True,"{""safety_criticality"": 0.0, ""deadline_urgency"": 16.0, ""failure_probability"": 7.1, ""defect_severity"": 7.0, ""operational_impact"": 3.0, ""asset_importance"": 4.0, ""bundling_opportunity"": 4.0, ""resource_readiness"": 6.0}","TASK-0152 received a priority score of 47.1/100 (Medium) because it is 26 days overdue, and it can potentially be bundled with 2 cross-department tasks."
TASK-0153,TDMS,Traction Distribution,ASSET-SEC-01-0153,Contact Wire,COR-01,SEC-01,3.73,4.15,Insulator degradation,5,4,0.722,4,1,2026-06-13,2026-06-30,59,90,105,Power and Track,TRD-Team-01,3,OHE Inspection Vehicle|Tower Wagon,14:00:00,17:00:00,,TASK-0044,False,Pending,72.05,High,True,"{""safety_criticality"": 16.5, ""deadline_urgency"": 16.0, ""failure_probability"": 11.55, ""defect_severity"": 14.0, ""operational_impact"": 0.0, ""asset_importance"": 6.0, ""bundling_opportunity"": 2.0, ""resource_readiness"": 6.0}","TASK-0153 received a priority score of 72.0/100 (High) because it has high safety criticality, it is 59 days overdue, the defect severity is very high, its estimated failure probability is 72%, and it can potentially be bundled with 1 cross-department task."
TASK-0154,TMS,Engineering,ASSET-SEC-15-0154,Ballast,COR-05,SEC-15,54.33,55.6,Damaged sleeper,2,1,0.313,2,4,2026-08-10,2026-09-23,0,60,105,Power and Track,ENG-Team-03,10,Inspection Trolley|Tamping Machine,01:00:00,05:00:00,,,False,Pending,27.91,Low,True,"{""safety_criticality"": 0.0, ""deadline_urgency"": 2.4, ""failure_probability"": 5.01, ""defect_severity"": 3.5, ""operational_impact"": 9.0, ""asset_importance"": 2.0, ""bundling_opportunity"": 0.0, ""resource_readiness"": 6.0}",TASK-0154 received a priority score of 27.9/100 (Low) because it can materially affect railway operations.
TASK-0155,SMMS,Signal & Telecommunication,ASSET-SEC-02-0155,Axle Counter,COR-01,SEC-02,34.14,34.64,Axle counter mismatch,4,3,0.781,5,5,2026-08-12,2026-09-21,0,60,75,Track Possession,SNT-Team-03,4,Cable Fault Locator,01:00:00,05:00:00,,TASK-0022,False,Pending,64.4,Medium,True,"{""safety_criticality"": 11.0, ""deadline_urgency"": 2.4, ""failure_probability"": 12.5, ""defect_severity"": 10.5, ""operational_impact"": 12.0, ""asset_importance"": 8.0, ""bundling_opportunity"": 2.0, ""resource_readiness"": 6.0}","TASK-0155 received a priority score of 64.4/100 (Medium) because the defect severity is high, its estimated failure probability is 78%, it can materially affect railway operations, and it can potentially be bundled with 1 cross-department task."
TASK-0156,TDMS,Traction Distribution,ASSET-SEC-12-0156,Contact Wire,COR-04,SEC-12,31.47,34.04,Insulator degradation,5,5,0.927,2,4,2026-07-20,2026-08-05,23,120,150,Power and Track,TRD-Team-03,3,Tower Wagon|OHE Inspection Vehicle,00:00:00,04:00:00,,TASK-0160,False,Pending,85.56,Critical,True,"{""safety_criticality"": 22.0, ""deadline_urgency"": 15.73, ""failure_probability"": 14.83, ""defect_severity"": 14.0, ""operational_impact"": 9.0, ""asset_importance"": 2.0, ""bundling_opportunity"": 2.0, ""resource_readiness"": 6.0}","TASK-0156 received a priority score of 85.6/100 (Critical) because it is safety-critical, it is 23 days overdue, the defect severity is very high, its estimated failure probability is 93%, it can materially affect railway operations, and it can potentially be bundled with 1 cross-department task."
TASK-0157,TMS,Engineering,ASSET-SEC-01-0157,Rail,COR-01,SEC-01,17.27,17.96,Rail surface defect,5,4,0.811,3,2,2026-08-11,2026-09-07,0,90,120,Track Possession,ENG-Team-01,10,Rail Grinder,00:00:00,04:00:00,,,False,Pending,62.08,Medium,True,"{""safety_criticality"": 16.5, ""deadline_urgency"": 5.6, ""failure_probability"": 12.98, ""defect_severity"": 14.0, ""operational_impact"": 3.0, ""asset_importance"": 4.0, ""bundling_opportunity"": 0.0, ""resource_readiness"": 6.0}","TASK-0157 received a priority score of 62.1/100 (Medium) because it has high safety criticality, the defect severity is very high, and its estimated failure probability is 81%."
TASK-0158,SMMS,Signal & Telecommunication,ASSET-SEC-11-0158,Axle Counter,COR-04,SEC-11,25.9,28.25,Axle counter mismatch,4,1,0.54,1,5,2026-07-04,2026-08-20,8,120,165,Signalling,SNT-Team-01,4,Axle Counter Tester,01:00:00,05:00:00,,TASK-0139|TASK-0159,False,Pending,52.87,Medium,True,"{""safety_criticality"": 0.0, ""deadline_urgency"": 11.73, ""failure_probability"": 8.64, ""defect_severity"": 10.5, ""operational_impact"": 12.0, ""asset_importance"": 0.0, ""bundling_opportunity"": 4.0, ""resource_readiness"": 6.0}","TASK-0158 received a priority score of 52.9/100 (Medium) because it is 8 days overdue, the defect severity is high, it can materially affect railway operations, and it can potentially be bundled with 2 cross-department tasks."
TASK-0159,TDMS,Traction Distribution,ASSET-SEC-11-0159,Overhead Equipment,COR-04,SEC-11,26.71,28.73,Contact wire wear,3,4,0.702,5,5,2026-06-06,2026-06-13,76,60,75,Power,TRD-Team-02,4,OHE Inspection Vehicle|Insulation Tester,01:00:00,05:00:00,,TASK-0050|TASK-0158,True,Pending,80.73,Critical,True,"{""safety_criticality"": 16.5, ""deadline_urgency"": 16.0, ""failure_probability"": 11.23, ""defect_severity"": 7.0, ""operational_impact"": 12.0, ""asset_importance"": 8.0, ""bundling_opportunity"": 4.0, ""resource_readiness"": 6.0}","TASK-0159 received a priority score of 80.7/100 (Critical) because it has high safety criticality, it is 76 days overdue, its estimated failure probability is 70%, it can materially affect railway operations, and it can potentially be bundled with 2 cross-department tasks."
TASK-0160,TMS,Engineering,ASSET-SEC-12-0160,Points and Crossings,COR-04,SEC-12,33.4,33.63,Track geometry deviation,5,5,0.98,3,4,2026-06-25,2026-07-20,39,120,135,Track Possession,ENG-Team-03,4,Rail Grinder|Ultrasonic Rail Tester,10:30:00,13:30:00,,TASK-0141|TASK-0156,True,Pending,90.68,Critical,True,"{""safety_criticality"": 22.0, ""deadline_urgency"": 16.0, ""failure_probability"": 15.68, ""defect_severity"": 14.0, ""operational_impact"": 9.0, ""asset_importance"": 4.0, ""bundling_opportunity"": 4.0, ""resource_readiness"": 6.0}","TASK-0160 received a priority score of 90.7/100 (Critical) because it is safety-critical, it is 39 days overdue, the defect severity is very high, its estimated failure probability is 98%, it can materially affect railway operations, and it can potentially be bundled with 2 cross-department tasks."
TASK-0161,SMMS,Signal & Telecommunication,ASSET-SEC-10-0161,Axle Counter,COR-04,SEC-10,8.79,10.38,Axle counter mismatch,1,4,0.535,2,5,2026-06-23,2026-07-19,40,45,75,Signalling,SNT-Team-01,2,Signal Tester,01:00:00,05:00:00,,TASK-0064|TASK-0070|TASK-0148,False,Pending,67.06,High,True,"{""safety_criticality"": 16.5, ""deadline_urgency"": 16.0, ""failure_probability"": 8.56, ""defect_severity"": 0.0, ""operational_impact"": 12.0, ""asset_importance"": 2.0, ""bundling_opportunity"": 6.0, ""resource_readiness"": 6.0}","TASK-0161 received a priority score of 67.1/100 (High) because it has high safety criticality, it is 40 days overdue, it can materially affect railway operations, and it can potentially be bundled with 3 cross-department tasks."
TASK-0162,TDMS,Traction Distribution,ASSET-SEC-08-0162,Contact Wire,COR-03,SEC-08,26.92,29.7,Insulator degradation,1,5,0.601,1,5,2026-08-05,2026-10-01,0,120,135,Power,TRD-Team-01,3,Contact Wire Gauge|Insulation Tester,10:30:00,13:30:00,,,True,Pending,52.02,Medium,True,"{""safety_criticality"": 22.0, ""deadline_urgency"": 2.4, ""failure_probability"": 9.62, ""defect_severity"": 0.0, ""operational_impact"": 12.0, ""asset_importance"": 0.0, ""bundling_opportunity"": 0.0, ""resource_readiness"": 6.0}","TASK-0162 received a priority score of 52.0/100 (Medium) because it is safety-critical, and it can materially affect railway operations."
TASK-0163,TMS,Engineering,ASSET-SEC-13-0163,Bridge Component,COR-05,SEC-13,12.12,12.45,Insufficient ballast,4,3,0.733,2,3,2026-07-07,2026-07-14,45,120,150,Power and Track,ENG-Team-02,6,Rail Grinder|Inspection Trolley,00:00:00,04:00:00,,,False,Pending,63.23,Medium,True,"{""safety_criticality"": 11.0, ""deadline_urgency"": 16.0, ""failure_probability"": 11.73, ""defect_severity"": 10.5, ""operational_impact"": 6.0, ""asset_importance"": 2.0, ""bundling_opportunity"": 0.0, ""resource_readiness"": 6.0}","TASK-0163 received a priority score of 63.2/100 (Medium) because it is 45 days overdue, the defect severity is high, and its estimated failure probability is 73%."
TASK-0164,SMMS,Signal & Telecommunication,ASSET-SEC-10-0164,Communication Cable,COR-04,SEC-10,13.61,14.5,Communication link degradation,5,4,0.758,1,4,2026-08-02,2026-09-20,0,90,105,Track Possession,SNT-Team-03,4,Signal Tester|Cable Fault Locator,01:00:00,05:00:00,,TASK-0007|TASK-0055,False,Pending,64.03,Medium,True,"{""safety_criticality"": 16.5, ""deadline_urgency"": 2.4, ""failure_probability"": 12.13, ""defect_severity"": 14.0, ""operational_impact"": 9.0, ""asset_importance"": 0.0, ""bundling_opportunity"": 4.0, ""resource_readiness"": 6.0}","TASK-0164 received a priority score of 64.0/100 (Medium) because it has high safety criticality, the defect severity is very high, its estimated failure probability is 76%, it can materially affect railway operations, and it can potentially be bundled with 2 cross-department tasks."
TASK-0165,TDMS,Traction Distribution,ASSET-SEC-09-0165,Insulator,COR-03,SEC-09,60.15,60.62,Feeder voltage anomaly,3,1,0.291,1,5,2026-08-20,2026-09-01,0,60,105,Power,TRD-Team-03,8,OHE Inspection Vehicle|Contact Wire Gauge,14:00:00,17:00:00,,TASK-0038,True,Pending,41.26,Low,True,"{""safety_criticality"": 0.0, ""deadline_urgency"": 9.6, ""failure_probability"": 4.66, ""defect_severity"": 7.0, ""operational_impact"": 12.0, ""asset_importance"": 0.0, ""bundling_opportunity"": 2.0, ""resource_readiness"": 6.0}","TASK-0165 received a priority score of 41.3/100 (Low) because its maintenance deadline is close, it can materially affect railway operations, and it can potentially be bundled with 1 cross-department task."
TASK-0166,TMS,Engineering,ASSET-SEC-10-0166,Sleepers,COR-04,SEC-10,0.87,2.92,Worn crossing,3,3,0.653,1,2,2026-08-11,2026-08-29,0,150,195,Track Possession,ENG-Team-03,4,Tamping Machine|Rail Grinder,10:30:00,13:30:00,,TASK-0032|TASK-0041|TASK-0122,True,Pending,49.05,Medium,True,"{""safety_criticality"": 11.0, ""deadline_urgency"": 5.6, ""failure_probability"": 10.45, ""defect_severity"": 7.0, ""operational_impact"": 3.0, ""asset_importance"": 0.0, ""bundling_opportunity"": 6.0, ""resource_readiness"": 6.0}",TASK-0166 received a priority score of 49.0/100 (Medium) because it can potentially be bundled with 3 cross-department tasks.
TASK-0167,SMMS,Signal & Telecommunication,ASSET-SEC-03-0167,Signal,COR-01,SEC-03,44.59,45.67,Intermittent signal failure,3,2,0.473,5,1,2026-08-12,2026-09-18,0,90,120,Signalling,SNT-Team-02,3,Axle Counter Tester,00:00:00,04:00:00,,,True,Pending,36.47,Low,True,"{""safety_criticality"": 5.5, ""deadline_urgency"": 2.4, ""failure_probability"": 7.57, ""defect_severity"": 7.0, ""operational_impact"": 0.0, ""asset_importance"": 8.0, ""bundling_opportunity"": 0.0, ""resource_readiness"": 6.0}",TASK-0167 received a priority score of 36.5/100 (Low) because its combined risk and urgency factors require planned attention.
TASK-0168,TDMS,Traction Distribution,ASSET-SEC-04-0168,Feeder,COR-02,SEC-04,15.01,15.52,OHE alignment deviation,3,3,0.645,4,1,2026-08-21,2026-10-06,0,60,75,Power,TRD-Team-01,3,OHE Inspection Vehicle,14:00:00,17:00:00,,,True,Pending,42.72,Low,True,"{""safety_criticality"": 11.0, ""deadline_urgency"": 2.4, ""failure_probability"": 10.32, ""defect_severity"": 7.0, ""operational_impact"": 0.0, ""asset_importance"": 6.0, ""bundling_opportunity"": 0.0, ""resource_readiness"": 6.0}",TASK-0168 received a priority score of 42.7/100 (Low) because its combined risk and urgency factors require planned attention.
TASK-0169,TMS,Engineering,ASSET-SEC-13-0169,Points and Crossings,COR-05,SEC-13,23.09,23.38,Track geometry deviation,1,5,0.547,3,1,2026-07-07,2026-08-02,26,60,75,Track Possession,ENG-Team-02,4,Inspection Trolley|Rail Grinder,00:00:00,04:00:00,,TASK-0051,True,Pending,58.75,Medium,True,"{""safety_criticality"": 22.0, ""deadline_urgency"": 16.0, ""failure_probability"": 8.75, ""defect_severity"": 0.0, ""operational_impact"": 0.0, ""asset_importance"": 4.0, ""bundling_opportunity"": 2.0, ""resource_readiness"": 6.0}","TASK-0169 received a priority score of 58.8/100 (Medium) because it is safety-critical, it is 26 days overdue, and it can potentially be bundled with 1 cross-department task."
TASK-0170,SMMS,Signal & Telecommunication,ASSET-SEC-10-0170,Axle Counter,COR-04,SEC-10,6.06,8.29,Axle counter mismatch,4,4,0.663,5,5,2026-06-25,2026-06-29,60,45,60,Track Possession,SNT-Team-01,4,Cable Fault Locator|Signal Tester,10:30:00,13:30:00,,TASK-0054|TASK-0064|TASK-0070,False,Pending,85.61,Critical,True,"{""safety_criticality"": 16.5, ""deadline_urgency"": 16.0, ""failure_probability"": 10.61, ""defect_severity"": 10.5, ""operational_impact"": 12.0, ""asset_importance"": 8.0, ""bundling_opportunity"": 6.0, ""resource_readiness"": 6.0}","TASK-0170 received a priority score of 85.6/100 (Critical) because it has high safety criticality, it is 60 days overdue, the defect severity is high, it can materially affect railway operations, and it can potentially be bundled with 3 cross-department tasks."
TASK-0171,TDMS,Traction Distribution,ASSET-SEC-15-0171,Overhead Equipment,COR-05,SEC-15,60.49,60.86,Contact wire wear,2,4,0.47,5,4,2026-07-23,2026-08-19,9,150,165,Power,TRD-Team-03,6,Contact Wire Gauge|Insulation Tester,22:00:00,23:59:00,TASK-0048,TASK-0059|TASK-0074,False,Pending,66.52,High,True,"{""safety_criticality"": 16.5, ""deadline_urgency"": 12.0, ""failure_probability"": 7.52, ""defect_severity"": 3.5, ""operational_impact"": 9.0, ""asset_importance"": 8.0, ""bundling_opportunity"": 4.0, ""resource_readiness"": 6.0}","TASK-0171 received a priority score of 66.5/100 (High) because it has high safety criticality, it is 9 days overdue, it can materially affect railway operations, and it can potentially be bundled with 2 cross-department tasks."
TASK-0172,TMS,Engineering,ASSET-SEC-03-0172,Bridge Component,COR-01,SEC-03,36.97,38.84,Insufficient ballast,3,1,0.482,1,2,2026-08-24,2026-10-23,0,150,195,Power and Track,ENG-Team-01,8,Inspection Trolley,10:30:00,13:30:00,,TASK-0083|TASK-0185,False,Pending,30.11,Low,True,"{""safety_criticality"": 0.0, ""deadline_urgency"": 2.4, ""failure_probability"": 7.71, ""defect_severity"": 7.0, ""operational_impact"": 3.0, ""asset_importance"": 0.0, ""bundling_opportunity"": 4.0, ""resource_readiness"": 6.0}",TASK-0172 received a priority score of 30.1/100 (Low) because it can potentially be bundled with 2 cross-department tasks.
TASK-0173,SMMS,Signal & Telecommunication,ASSET-SEC-13-0173,Communication Cable,COR-05,SEC-13,21.56,21.89,Communication link degradation,4,3,0.774,1,3,2026-07-30,2026-09-07,0,45,60,Track Possession,SNT-Team-03,3,Axle Counter Tester|Track Circuit Meter,01:00:00,05:00:00,,TASK-0076,False,Pending,50.28,Medium,True,"{""safety_criticality"": 11.0, ""deadline_urgency"": 2.4, ""failure_probability"": 12.38, ""defect_severity"": 10.5, ""operational_impact"": 6.0, ""asset_importance"": 0.0, ""bundling_opportunity"": 2.0, ""resource_readiness"": 6.0}","TASK-0173 received a priority score of 50.3/100 (Medium) because the defect severity is high, its estimated failure probability is 77%, and it can potentially be bundled with 1 cross-department task."
TASK-0174,TDMS,Traction Distribution,ASSET-SEC-04-0174,Sectioning Equipment,COR-02,SEC-04,12.97,15.44,Sectioning equipment fault,3,2,0.483,5,4,2026-06-25,2026-08-01,27,45,60,Power,TRD-Team-02,4,OHE Inspection Vehicle,01:00:00,05:00:00,,TASK-0131,False,Pending,61.23,Medium,True,"{""safety_criticality"": 5.5, ""deadline_urgency"": 16.0, ""failure_probability"": 7.73, ""defect_severity"": 7.0, ""operational_impact"": 9.0, ""asset_importance"": 8.0, ""bundling_opportunity"": 2.0, ""resource_readiness"": 6.0}","TASK-0174 received a priority score of 61.2/100 (Medium) because it is 27 days overdue, it can materially affect railway operations, and it can potentially be bundled with 1 cross-department task."
TASK-0175,TMS,Engineering,ASSET-SEC-06-0175,Sleepers,COR-02,SEC-06,46.55,49.32,Worn crossing,1,2,0.307,4,5,2026-07-17,2026-07-23,36,90,105,Track Possession,ENG-Team-02,8,Tamping Machine,22:00:00,23:59:00,,TASK-0003|TASK-0045|TASK-0065,False,Pending,56.41,Medium,True,"{""safety_criticality"": 5.5, ""deadline_urgency"": 16.0, ""failure_probability"": 4.91, ""defect_severity"": 0.0, ""operational_impact"": 12.0, ""asset_importance"": 6.0, ""bundling_opportunity"": 6.0, ""resource_readiness"": 6.0}","TASK-0175 received a priority score of 56.4/100 (Medium) because it is 36 days overdue, it can materially affect railway operations, and it can potentially be bundled with 3 cross-department tasks."
TASK-0176,SMMS,Signal & Telecommunication,ASSET-SEC-03-0176,Axle Counter,COR-01,SEC-03,49.68,51.1,Axle counter mismatch,3,2,0.537,4,3,2026-06-07,2026-07-11,48,120,165,Track Possession,SNT-Team-03,4,Cable Fault Locator,22:00:00,23:59:00,,TASK-0102|TASK-0192,False,Pending,59.09,Medium,True,"{""safety_criticality"": 5.5, ""deadline_urgency"": 16.0, ""failure_probability"": 8.59, ""defect_severity"": 7.0, ""operational_impact"": 6.0, ""asset_importance"": 6.0, ""bundling_opportunity"": 4.0, ""resource_readiness"": 6.0}","TASK-0176 received a priority score of 59.1/100 (Medium) because it is 48 days overdue, and it can potentially be bundled with 2 cross-department tasks."
TASK-0177,TDMS,Traction Distribution,ASSET-SEC-12-0177,Sectioning Equipment,COR-04,SEC-12,31.03,33.2,Sectioning equipment fault,5,4,0.766,2,3,2026-06-15,2026-07-13,46,90,135,Power and Track,TRD-Team-01,4,Tower Wagon,01:00:00,05:00:00,TASK-0141,,False,Pending,72.76,High,True,"{""safety_criticality"": 16.5, ""deadline_urgency"": 16.0, ""failure_probability"": 12.26, ""defect_severity"": 14.0, ""operational_impact"": 6.0, ""asset_importance"": 2.0, ""bundling_opportunity"": 0.0, ""resource_readiness"": 6.0}","TASK-0177 received a priority score of 72.8/100 (High) because it has high safety criticality, it is 46 days overdue, the defect severity is very high, and its estimated failure probability is 77%."
TASK-0178,TMS,Engineering,ASSET-SEC-06-0178,Sleepers,COR-02,SEC-06,36.94,39.62,Worn crossing,3,4,0.523,1,1,2026-08-16,2026-10-10,0,90,105,Track Possession,ENG-Team-02,10,Rail Grinder|Tamping Machine,00:00:00,04:00:00,,TASK-0036,False,Pending,42.27,Low,True,"{""safety_criticality"": 16.5, ""deadline_urgency"": 2.4, ""failure_probability"": 8.37, ""defect_severity"": 7.0, ""operational_impact"": 0.0, ""asset_importance"": 0.0, ""bundling_opportunity"": 2.0, ""resource_readiness"": 6.0}","TASK-0178 received a priority score of 42.3/100 (Low) because it has high safety criticality, and it can potentially be bundled with 1 cross-department task."
TASK-0179,SMMS,Signal & Telecommunication,ASSET-SEC-15-0179,Track Circuit,COR-05,SEC-15,57.14,59.81,Track circuit instability,4,1,0.587,3,1,2026-07-14,2026-08-20,8,120,165,Signalling,SNT-Team-02,2,Signal Tester|Track Circuit Meter,01:00:00,05:00:00,,,True,Pending,41.62,Low,True,"{""safety_criticality"": 0.0, ""deadline_urgency"": 11.73, ""failure_probability"": 9.39, ""defect_severity"": 10.5, ""operational_impact"": 0.0, ""asset_importance"": 4.0, ""bundling_opportunity"": 0.0, ""resource_readiness"": 6.0}","TASK-0179 received a priority score of 41.6/100 (Low) because it is 8 days overdue, and the defect severity is high."
TASK-0180,TDMS,Traction Distribution,ASSET-SEC-03-0180,Feeder,COR-01,SEC-03,52.48,53.05,OHE alignment deviation,1,3,0.389,2,1,2026-08-18,2026-09-25,0,150,180,Power,TRD-Team-02,4,Tower Wagon,00:00:00,04:00:00,,,False,Pending,27.62,Low,True,"{""safety_criticality"": 11.0, ""deadline_urgency"": 2.4, ""failure_probability"": 6.22, ""defect_severity"": 0.0, ""operational_impact"": 0.0, ""asset_importance"": 2.0, ""bundling_opportunity"": 0.0, ""resource_readiness"": 6.0}",TASK-0180 received a priority score of 27.6/100 (Low) because its combined risk and urgency factors require planned attention.
TASK-0181,TMS,Engineering,ASSET-SEC-07-0181,Bridge Component,COR-03,SEC-07,13.6,15.82,Insufficient ballast,3,3,0.499,3,1,2026-06-19,2026-07-08,51,60,90,Track Possession,ENG-Team-01,8,Inspection Trolley|Rail Grinder,22:00:00,23:59:00,,,False,Pending,51.98,Medium,True,"{""safety_criticality"": 11.0, ""deadline_urgency"": 16.0, ""failure_probability"": 7.98, ""defect_severity"": 7.0, ""operational_impact"": 0.0, ""asset_importance"": 4.0, ""bundling_opportunity"": 0.0, ""resource_readiness"": 6.0}",TASK-0181 received a priority score of 52.0/100 (Medium) because it is 51 days overdue.
TASK-0182,SMMS,Signal & Telecommunication,ASSET-SEC-11-0182,Point Machine,COR-04,SEC-11,24.1,24.86,Point machine response delay,2,3,0.584,3,1,2026-08-24,2026-09-09,0,90,105,Track Possession,SNT-Team-03,5,Track Circuit Meter|Axle Counter Tester,10:30:00,13:30:00,,,False,Pending,39.44,Low,True,"{""safety_criticality"": 11.0, ""deadline_urgency"": 5.6, ""failure_probability"": 9.34, ""defect_severity"": 3.5, ""operational_impact"": 0.0, ""asset_importance"": 4.0, ""bundling_opportunity"": 0.0, ""resource_readiness"": 6.0}",TASK-0182 received a priority score of 39.4/100 (Low) because its combined risk and urgency factors require planned attention.
TASK-0183,TDMS,Traction Distribution,ASSET-SEC-15-0183,Contact Wire,COR-05,SEC-15,56.35,57.07,Insulator degradation,4,4,0.686,3,5,2026-08-22,2026-09-10,0,90,135,Power,TRD-Team-03,4,OHE Inspection Vehicle,00:00:00,04:00:00,,,False,Pending,65.58,High,True,"{""safety_criticality"": 16.5, ""deadline_urgency"": 5.6, ""failure_probability"": 10.98, ""defect_severity"": 10.5, ""operational_impact"": 12.0, ""asset_importance"": 4.0, ""bundling_opportunity"": 0.0, ""resource_readiness"": 6.0}","TASK-0183 received a priority score of 65.6/100 (High) because it has high safety criticality, the defect severity is high, and it can materially affect railway operations."
TASK-0184,TMS,Engineering,ASSET-SEC-14-0184,Ballast,COR-05,SEC-14,32.71,34.37,Damaged sleeper,4,5,0.92,1,4,2026-06-20,2026-08-05,23,150,180,Track Possession,ENG-Team-01,6,Inspection Trolley,00:00:00,04:00:00,,TASK-0189,False,Pending,79.95,High,True,"{""safety_criticality"": 22.0, ""deadline_urgency"": 15.73, ""failure_probability"": 14.72, ""defect_severity"": 10.5, ""operational_impact"": 9.0, ""asset_importance"": 0.0, ""bundling_opportunity"": 2.0, ""resource_readiness"": 6.0}","TASK-0184 received a priority score of 80.0/100 (High) because it is safety-critical, it is 23 days overdue, the defect severity is high, its estimated failure probability is 92%, it can materially affect railway operations, and it can potentially be bundled with 1 cross-department task."
TASK-0185,SMMS,Signal & Telecommunication,ASSET-SEC-03-0185,Signal,COR-01,SEC-03,37.27,37.69,Intermittent signal failure,2,2,0.469,3,3,2026-06-01,2026-07-01,58,60,90,Track Possession,SNT-Team-02,2,Track Circuit Meter|Axle Counter Tester,00:00:00,04:00:00,,TASK-0172,False,Pending,50.5,Medium,True,"{""safety_criticality"": 5.5, ""deadline_urgency"": 16.0, ""failure_probability"": 7.5, ""defect_severity"": 3.5, ""operational_impact"": 6.0, ""asset_importance"": 4.0, ""bundling_opportunity"": 2.0, ""resource_readiness"": 6.0}","TASK-0185 received a priority score of 50.5/100 (Medium) because it is 58 days overdue, and it can potentially be bundled with 1 cross-department task."
TASK-0186,TDMS,Traction Distribution,ASSET-SEC-10-0186,Sectioning Equipment,COR-04,SEC-10,8.23,10.62,Sectioning equipment fault,2,2,0.402,5,3,2026-08-13,2026-09-11,0,150,165,Power,TRD-Team-02,8,Contact Wire Gauge,00:00:00,04:00:00,,TASK-0064|TASK-0070|TASK-0148,False,Pending,47.03,Medium,True,"{""safety_criticality"": 5.5, ""deadline_urgency"": 5.6, ""failure_probability"": 6.43, ""defect_severity"": 3.5, ""operational_impact"": 6.0, ""asset_importance"": 8.0, ""bundling_opportunity"": 6.0, ""resource_readiness"": 6.0}",TASK-0186 received a priority score of 47.0/100 (Medium) because it can potentially be bundled with 3 cross-department tasks.
TASK-0187,TMS,Engineering,ASSET-SEC-10-0187,Sleepers,COR-04,SEC-10,8.53,8.83,Worn crossing,2,5,0.652,4,3,2026-07-23,2026-08-20,8,150,165,Track Possession,ENG-Team-01,8,Rail Grinder,14:00:00,17:00:00,,TASK-0161|TASK-0186,False,Pending,69.66,High,True,"{""safety_criticality"": 22.0, ""deadline_urgency"": 11.73, ""failure_probability"": 10.43, ""defect_severity"": 3.5, ""operational_impact"": 6.0, ""asset_importance"": 6.0, ""bundling_opportunity"": 4.0, ""resource_readiness"": 6.0}","TASK-0187 received a priority score of 69.7/100 (High) because it is safety-critical, it is 8 days overdue, and it can potentially be bundled with 2 cross-department tasks."
TASK-0188,SMMS,Signal & Telecommunication,ASSET-SEC-05-0188,Point Machine,COR-02,SEC-05,21.44,24.0,Point machine response delay,1,2,0.194,4,2,2026-05-30,2026-07-15,44,90,120,Signalling,SNT-Team-03,5,Cable Fault Locator,10:30:00,13:30:00,,TASK-0030|TASK-0151,False,Pending,43.6,Low,True,"{""safety_criticality"": 5.5, ""deadline_urgency"": 16.0, ""failure_probability"": 3.1, ""defect_severity"": 0.0, ""operational_impact"": 3.0, ""asset_importance"": 6.0, ""bundling_opportunity"": 4.0, ""resource_readiness"": 6.0}","TASK-0188 received a priority score of 43.6/100 (Low) because it is 44 days overdue, and it can potentially be bundled with 2 cross-department tasks."
TASK-0189,TDMS,Traction Distribution,ASSET-SEC-14-0189,Contact Wire,COR-05,SEC-14,32.41,32.77,Insulator degradation,3,5,0.701,1,2,2026-08-07,2026-08-14,14,150,195,Power,TRD-Team-02,3,Insulation Tester,00:00:00,04:00:00,,TASK-0184,False,Pending,64.55,Medium,True,"{""safety_criticality"": 22.0, ""deadline_urgency"": 13.33, ""failure_probability"": 11.22, ""defect_severity"": 7.0, ""operational_impact"": 3.0, ""asset_importance"": 0.0, ""bundling_opportunity"": 2.0, ""resource_readiness"": 6.0}","TASK-0189 received a priority score of 64.5/100 (Medium) because it is safety-critical, it is 14 days overdue, its estimated failure probability is 70%, and it can potentially be bundled with 1 cross-department task."
TASK-0190,TMS,Engineering,ASSET-SEC-12-0190,Bridge Component,COR-04,SEC-12,34.48,35.71,Insufficient ballast,4,1,0.55,5,5,2026-06-29,2026-08-03,25,90,120,Track Possession,ENG-Team-02,6,Inspection Trolley|Ultrasonic Rail Tester,14:00:00,17:00:00,,TASK-0128|TASK-0141|TASK-0195,False,Pending,67.3,High,True,"{""safety_criticality"": 0.0, ""deadline_urgency"": 16.0, ""failure_probability"": 8.8, ""defect_severity"": 10.5, ""operational_impact"": 12.0, ""asset_importance"": 8.0, ""bundling_opportunity"": 6.0, ""resource_readiness"": 6.0}","TASK-0190 received a priority score of 67.3/100 (High) because it is 25 days overdue, the defect severity is high, it can materially affect railway operations, and it can potentially be bundled with 3 cross-department tasks."
TASK-0191,SMMS,Signal & Telecommunication,ASSET-SEC-05-0191,Track Circuit,COR-02,SEC-05,29.11,31.24,Track circuit instability,4,1,0.421,4,5,2026-07-22,2026-07-26,33,120,135,Signalling,SNT-Team-03,2,Axle Counter Tester,01:00:00,05:00:00,TASK-0014,TASK-0132,False,Pending,59.24,Medium,True,"{""safety_criticality"": 0.0, ""deadline_urgency"": 16.0, ""failure_probability"": 6.74, ""defect_severity"": 10.5, ""operational_impact"": 12.0, ""asset_importance"": 6.0, ""bundling_opportunity"": 2.0, ""resource_readiness"": 6.0}","TASK-0191 received a priority score of 59.2/100 (Medium) because it is 33 days overdue, the defect severity is high, it can materially affect railway operations, and it can potentially be bundled with 1 cross-department task."
TASK-0192,TDMS,Traction Distribution,ASSET-SEC-03-0192,Feeder,COR-01,SEC-03,48.15,50.03,OHE alignment deviation,3,5,0.801,3,2,2026-08-26,2026-09-12,0,90,135,Power,TRD-Team-02,8,Contact Wire Gauge|Insulation Tester,10:30:00,13:30:00,,TASK-0134|TASK-0176,False,Pending,64.42,Medium,True,"{""safety_criticality"": 22.0, ""deadline_urgency"": 5.6, ""failure_probability"": 12.82, ""defect_severity"": 7.0, ""operational_impact"": 3.0, ""asset_importance"": 4.0, ""bundling_opportunity"": 4.0, ""resource_readiness"": 6.0}","TASK-0192 received a priority score of 64.4/100 (Medium) because it is safety-critical, its estimated failure probability is 80%, and it can potentially be bundled with 2 cross-department tasks."
TASK-0193,TMS,Engineering,ASSET-SEC-01-0193,Sleepers,COR-01,SEC-01,8.95,11.0,Worn crossing,5,5,0.871,3,3,2026-07-11,2026-08-18,10,60,90,Track Possession,ENG-Team-01,6,Tamping Machine|Inspection Trolley,00:00:00,04:00:00,,TASK-0140,False,Pending,80.21,Critical,True,"{""safety_criticality"": 22.0, ""deadline_urgency"": 12.27, ""failure_probability"": 13.94, ""defect_severity"": 14.0, ""operational_impact"": 6.0, ""asset_importance"": 4.0, ""bundling_opportunity"": 2.0, ""resource_readiness"": 6.0}","TASK-0193 received a priority score of 80.2/100 (Critical) because it is safety-critical, it is 10 days overdue, the defect severity is very high, its estimated failure probability is 87%, and it can potentially be bundled with 1 cross-department task."
TASK-0194,SMMS,Signal & Telecommunication,ASSET-SEC-13-0194,Point Machine,COR-05,SEC-13,20.15,22.62,Point machine response delay,3,2,0.54,1,5,2026-07-07,2026-08-21,7,90,120,Track Possession,SNT-Team-03,3,Track Circuit Meter|Axle Counter Tester,10:30:00,13:30:00,,TASK-0076,False,Pending,52.61,Medium,True,"{""safety_criticality"": 5.5, ""deadline_urgency"": 11.47, ""failure_probability"": 8.64, ""defect_severity"": 7.0, ""operational_impact"": 12.0, ""asset_importance"": 0.0, ""bundling_opportunity"": 2.0, ""resource_readiness"": 6.0}","TASK-0194 received a priority score of 52.6/100 (Medium) because it is 7 days overdue, it can materially affect railway operations, and it can potentially be bundled with 1 cross-department task."
TASK-0195,TDMS,Traction Distribution,ASSET-SEC-12-0195,Contact Wire,COR-04,SEC-12,34.89,36.59,Insulator degradation,3,5,0.675,2,3,2026-06-28,2026-08-12,16,60,105,Power and Track,TRD-Team-03,4,OHE Inspection Vehicle|Insulation Tester,22:00:00,23:59:00,,TASK-0037|TASK-0128|TASK-0190,False,Pending,73.67,High,True,"{""safety_criticality"": 22.0, ""deadline_urgency"": 13.87, ""failure_probability"": 10.8, ""defect_severity"": 7.0, ""operational_impact"": 6.0, ""asset_importance"": 2.0, ""bundling_opportunity"": 6.0, ""resource_readiness"": 6.0}","TASK-0195 received a priority score of 73.7/100 (High) because it is safety-critical, it is 16 days overdue, and it can potentially be bundled with 3 cross-department tasks."
TASK-0196,TMS,Engineering,ASSET-SEC-15-0196,Bridge Component,COR-05,SEC-15,55.22,55.67,Insufficient ballast,3,4,0.717,4,1,2026-07-13,2026-07-30,29,120,150,Power and Track,ENG-Team-03,4,Ultrasonic Rail Tester|Rail Grinder,10:30:00,13:30:00,,,False,Pending,62.97,Medium,True,"{""safety_criticality"": 16.5, ""deadline_urgency"": 16.0, ""failure_probability"": 11.47, ""defect_severity"": 7.0, ""operational_impact"": 0.0, ""asset_importance"": 6.0, ""bundling_opportunity"": 0.0, ""resource_readiness"": 6.0}","TASK-0196 received a priority score of 63.0/100 (Medium) because it has high safety criticality, it is 29 days overdue, and its estimated failure probability is 72%."
TASK-0197,SMMS,Signal & Telecommunication,ASSET-SEC-04-0197,Axle Counter,COR-02,SEC-04,7.76,10.39,Axle counter mismatch,3,4,0.534,3,2,2026-07-10,2026-08-15,13,45,60,Signalling,SNT-Team-02,4,Track Circuit Meter|Signal Tester,01:00:00,05:00:00,,TASK-0016|TASK-0024|TASK-0058,False,Pending,64.11,Medium,True,"{""safety_criticality"": 16.5, ""deadline_urgency"": 13.07, ""failure_probability"": 8.54, ""defect_severity"": 7.0, ""operational_impact"": 3.0, ""asset_importance"": 4.0, ""bundling_opportunity"": 6.0, ""resource_readiness"": 6.0}","TASK-0197 received a priority score of 64.1/100 (Medium) because it has high safety criticality, it is 13 days overdue, and it can potentially be bundled with 3 cross-department tasks."
TASK-0198,TDMS,Traction Distribution,ASSET-SEC-03-0198,Contact Wire,COR-01,SEC-03,42.14,42.5,Insulator degradation,2,2,0.404,4,4,2026-07-01,2026-07-21,38,60,90,Power,TRD-Team-01,3,Tower Wagon|Insulation Tester,00:00:00,04:00:00,,TASK-0145,False,Pending,54.46,Medium,True,"{""safety_criticality"": 5.5, ""deadline_urgency"": 16.0, ""failure_probability"": 6.46, ""defect_severity"": 3.5, ""operational_impact"": 9.0, ""asset_importance"": 6.0, ""bundling_opportunity"": 2.0, ""resource_readiness"": 6.0}","TASK-0198 received a priority score of 54.5/100 (Medium) because it is 38 days overdue, it can materially affect railway operations, and it can potentially be bundled with 1 cross-department task."
TASK-0199,TMS,Engineering,ASSET-SEC-12-0199,Points and Crossings,COR-04,SEC-12,37.53,37.77,Track geometry deviation,5,4,0.724,1,4,2026-07-17,2026-09-06,0,60,105,Power and Track,ENG-Team-03,8,Tamping Machine|Rail Grinder,01:00:00,05:00:00,TASK-0130,TASK-0150,True,Pending,61.48,Medium,True,"{""safety_criticality"": 16.5, ""deadline_urgency"": 2.4, ""failure_probability"": 11.58, ""defect_severity"": 14.0, ""operational_impact"": 9.0, ""asset_importance"": 0.0, ""bundling_opportunity"": 2.0, ""resource_readiness"": 6.0}","TASK-0199 received a priority score of 61.5/100 (Medium) because it has high safety criticality, the defect severity is very high, its estimated failure probability is 72%, it can materially affect railway operations, and it can potentially be bundled with 1 cross-department task."
TASK-0200,SMMS,Signal & Telecommunication,ASSET-SEC-14-0200,Axle Counter,COR-05,SEC-14,25.03,27.89,Axle counter mismatch,5,5,0.931,2,4,2026-06-30,2026-08-18,10,90,135,Signalling,SNT-Team-01,3,Axle Counter Tester|Signal Tester,01:00:00,05:00:00,,TASK-0093,False,Pending,82.17,Critical,True,"{""safety_criticality"": 22.0, ""deadline_urgency"": 12.27, ""failure_probability"": 14.9, ""defect_severity"": 14.0, ""operational_impact"": 9.0, ""asset_importance"": 2.0, ""bundling_opportunity"": 2.0, ""resource_readiness"": 6.0}","TASK-0200 received a priority score of 82.2/100 (Critical) because it is safety-critical, it is 10 days overdue, the defect severity is very high, its estimated failure probability is 93%, it can materially affect railway operations, and it can potentially be bundled with 1 cross-department task."
