movement_id,train_id,train_name,train_type,corridor_id,section_id,operating_date,scheduled_entry,scheduled_exit,priority,maximum_permissible_delay_minutes,synthetic_data
MOVE-000001,EXP-001,Gati Express 001,Express,COR-01,SEC-01,2026-09-01,2026-09-01T06:12:00,2026-09-01T06:20:00,9,5,True
MOVE-000002,PAS-002,Jan Pragati Passenger 002,Passenger,COR-01,SEC-01,2026-09-01,2026-09-01T11:05:00,2026-09-01T11:17:00,7,10,True
MOVE-000003,SUB-003,Gati Suburban 003,Suburban,COR-01,SEC-01,2026-09-01,2026-09-01T16:13:00,2026-09-01T16:28:00,6,8,True
MOVE-000004,GDS-004,Gati Freight 004,Goods,COR-01,SEC-01,2026-09-01,2026-09-01T18:50:00,2026-09-01T19:15:00,4,30,True
MOVE-000005,PAS-011,Jan Pragati Passenger 011,Passenger,COR-01,SEC-02,2026-09-01,2026-09-01T07:07:00,2026-09-01T07:27:00,7,10,True
MOVE-000006,SUB-012,Gati Suburban 012,Suburban,COR-01,SEC-02,2026-09-01,2026-09-01T10:33:00,2026-09-01T10:45:00,6,8,True
MOVE-000007,GDS-013,Gati Freight 013,Goods,COR-01,SEC-02,2026-09-01,2026-09-01T16:19:00,2026-09-01T16:49:00,4,30,True
MOVE-000008,EXP-014,Gati Express 014,Express,COR-01,SEC-02,2026-09-01,2026-09-01T21:03:00,2026-09-01T21:15:00,9,5,True
MOVE-000009,SUB-021,Gati Suburban 021,Suburban,COR-01,SEC-03,2026-09-01,2026-09-01T07:14:00,2026-09-01T07:31:00,6,8,True
MOVE-000010,GDS-022,Gati Freight 022,Goods,COR-01,SEC-03,2026-09-01,2026-09-01T10:42:00,2026-09-01T11:11:00,4,30,True
MOVE-000011,EXP-023,Gati Express 023,Express,COR-01,SEC-03,2026-09-01,2026-09-01T15:24:00,2026-09-01T15:35:00,9,5,True
MOVE-000012,PAS-024,Jan Pragati Passenger 024,Passenger,COR-01,SEC-03,2026-09-01,2026-09-01T18:32:00,2026-09-01T18:54:00,7,10,True
MOVE-000013,GDS-031,Gati Freight 031,Goods,COR-02,SEC-04,2026-09-01,2026-09-01T07:01:00,2026-09-01T07:19:00,4,30,True
MOVE-000014,EXP-032,Gati Express 032,Express,COR-02,SEC-04,2026-09-01,2026-09-01T11:11:00,2026-09-01T11:19:00,9,5,True
MOVE-000015,PAS-033,Jan Pragati Passenger 033,Passenger,COR-02,SEC-04,2026-09-01,2026-09-01T14:38:00,2026-09-01T14:50:00,7,10,True
MOVE-000016,SUB-034,Gati Suburban 034,Suburban,COR-02,SEC-04,2026-09-01,2026-09-01T20:07:00,2026-09-01T20:25:00,6,8,True
MOVE-000017,EXP-041,Gati Express 041,Express,COR-02,SEC-05,2026-09-01,2026-09-01T06:14:00,2026-09-01T06:30:00,9,5,True
MOVE-000018,PAS-042,Jan Pragati Passenger 042,Passenger,COR-02,SEC-05,2026-09-01,2026-09-01T09:27:00,2026-09-01T09:39:00,7,10,True
MOVE-000019,SUB-043,Gati Suburban 043,Suburban,COR-02,SEC-05,2026-09-01,2026-09-01T15:01:00,2026-09-01T15:14:00,6,8,True
MOVE-000020,GDS-044,Gati Freight 044,Goods,COR-02,SEC-05,2026-09-01,2026-09-01T19:48:00,2026-09-01T20:08:00,4,30,True
MOVE-000021,PAS-051,Jan Pragati Passenger 051,Passenger,COR-02,SEC-06,2026-09-01,2026-09-01T06:14:00,2026-09-01T06:27:00,7,10,True
MOVE-000022,SUB-052,Gati Suburban 052,Suburban,COR-02,SEC-06,2026-09-01,2026-09-01T10:09:00,2026-09-01T10:20:00,6,8,True
MOVE-000023,GDS-053,Gati Freight 053,Goods,COR-02,SEC-06,2026-09-01,2026-09-01T14:26:00,2026-09-01T14:52:00,4,30,True
MOVE-000024,EXP-054,Gati Express 054,Express,COR-02,SEC-06,2026-09-01,2026-09-01T18:18:00,2026-09-01T18:33:00,9,5,True
MOVE-000025,SUB-061,Gati Suburban 061,Suburban,COR-03,SEC-07,2026-09-01,2026-09-01T07:21:00,2026-09-01T07:31:00,6,8,True
MOVE-000026,GDS-062,Gati Freight 062,Goods,COR-03,SEC-07,2026-09-01,2026-09-01T09:37:00,2026-09-01T10:07:00,4,30,True
MOVE-000027,EXP-063,Gati Express 063,Express,COR-03,SEC-07,2026-09-01,2026-09-01T16:03:00,2026-09-01T16:11:00,9,5,True
MOVE-000028,PAS-064,Jan Pragati Passenger 064,Passenger,COR-03,SEC-07,2026-09-01,2026-09-01T21:02:00,2026-09-01T21:23:00,7,10,True
MOVE-000029,GDS-071,Gati Freight 071,Goods,COR-03,SEC-08,2026-09-01,2026-09-01T05:34:00,2026-09-01T06:00:00,4,30,True
MOVE-000030,EXP-072,Gati Express 072,Express,COR-03,SEC-08,2026-09-01,2026-09-01T09:48:00,2026-09-01T09:58:00,9,5,True
MOVE-000031,PAS-073,Jan Pragati Passenger 073,Passenger,COR-03,SEC-08,2026-09-01,2026-09-01T15:07:00,2026-09-01T15:21:00,7,10,True
MOVE-000032,SUB-074,Gati Suburban 074,Suburban,COR-03,SEC-08,2026-09-01,2026-09-01T19:21:00,2026-09-01T19:36:00,6,8,True
MOVE-000033,EXP-081,Gati Express 081,Express,COR-03,SEC-09,2026-09-01,2026-09-01T07:17:00,2026-09-01T07:29:00,9,5,True
MOVE-000034,PAS-082,Jan Pragati Passenger 082,Passenger,COR-03,SEC-09,2026-09-01,2026-09-01T09:38:00,2026-09-01T09:57:00,7,10,True
MOVE-000035,SUB-083,Gati Suburban 083,Suburban,COR-03,SEC-09,2026-09-01,2026-09-01T15:48:00,2026-09-01T16:00:00,6,8,True
MOVE-000036,GDS-084,Gati Freight 084,Goods,COR-03,SEC-09,2026-09-01,2026-09-01T20:22:00,2026-09-01T20:50:00,4,30,True
MOVE-000037,PAS-091,Jan Pragati Passenger 091,Passenger,COR-04,SEC-10,2026-09-01,2026-09-01T05:04:00,2026-09-01T05:17:00,7,10,True
MOVE-000038,SUB-092,Gati Suburban 092,Suburban,COR-04,SEC-10,2026-09-01,2026-09-01T09:03:00,2026-09-01T09:20:00,6,8,True
MOVE-000039,GDS-093,Gati Freight 093,Goods,COR-04,SEC-10,2026-09-01,2026-09-01T14:56:00,2026-09-01T15:23:00,4,30,True
MOVE-000040,EXP-094,Gati Express 094,Express,COR-04,SEC-10,2026-09-01,2026-09-01T19:05:00,2026-09-01T19:14:00,9,5,True
MOVE-000041,SUB-101,Gati Suburban 101,Suburban,COR-04,SEC-11,2026-09-01,2026-09-01T05:37:00,2026-09-01T05:53:00,6,8,True
MOVE-000042,GDS-102,Gati Freight 102,Goods,COR-04,SEC-11,2026-09-01,2026-09-01T11:14:00,2026-09-01T11:42:00,4,30,True
MOVE-000043,EXP-103,Gati Express 103,Express,COR-04,SEC-11,2026-09-01,2026-09-01T15:38:00,2026-09-01T15:52:00,9,5,True
MOVE-000044,PAS-104,Jan Pragati Passenger 104,Passenger,COR-04,SEC-11,2026-09-01,2026-09-01T20:46:00,2026-09-01T21:07:00,7,10,True
MOVE-000045,GDS-111,Gati Freight 111,Goods,COR-04,SEC-12,2026-09-01,2026-09-01T06:09:00,2026-09-01T06:32:00,4,30,True
MOVE-000046,EXP-112,Gati Express 112,Express,COR-04,SEC-12,2026-09-01,2026-09-01T10:29:00,2026-09-01T10:41:00,9,5,True
MOVE-000047,PAS-113,Jan Pragati Passenger 113,Passenger,COR-04,SEC-12,2026-09-01,2026-09-01T14:26:00,2026-09-01T14:38:00,7,10,True
MOVE-000048,SUB-114,Gati Suburban 114,Suburban,COR-04,SEC-12,2026-09-01,2026-09-01T21:23:00,2026-09-01T21:37:00,6,8,True
MOVE-000049,EXP-121,Gati Express 121,Express,COR-05,SEC-13,2026-09-01,2026-09-01T06:30:00,2026-09-01T06:46:00,9,5,True
MOVE-000050,PAS-122,Jan Pragati Passenger 122,Passenger,COR-05,SEC-13,2026-09-01,2026-09-01T10:18:00,2026-09-01T10:39:00,7,10,True
MOVE-000051,SUB-123,Gati Suburban 123,Suburban,COR-05,SEC-13,2026-09-01,2026-09-01T14:18:00,2026-09-01T14:31:00,6,8,True
MOVE-000052,GDS-124,Gati Freight 124,Goods,COR-05,SEC-13,2026-09-01,2026-09-01T21:02:00,2026-09-01T21:26:00,4,30,True
MOVE-000053,PAS-131,Jan Pragati Passenger 131,Passenger,COR-05,SEC-14,2026-09-01,2026-09-01T06:09:00,2026-09-01T06:26:00,7,10,True
MOVE-000054,SUB-132,Gati Suburban 132,Suburban,COR-05,SEC-14,2026-09-01,2026-09-01T10:07:00,2026-09-01T10:25:00,6,8,True
MOVE-000055,GDS-133,Gati Freight 133,Goods,COR-05,SEC-14,2026-09-01,2026-09-01T15:06:00,2026-09-01T15:31:00,4,30,True
MOVE-000056,EXP-134,Gati Express 134,Express,COR-05,SEC-14,2026-09-01,2026-09-01T18:00:00,2026-09-01T18:14:00,9,5,True
MOVE-000057,SUB-141,Gati Suburban 141,Suburban,COR-05,SEC-15,2026-09-01,2026-09-01T05:02:00,2026-09-01T05:16:00,6,8,True
MOVE-000058,GDS-142,Gati Freight 142,Goods,COR-05,SEC-15,2026-09-01,2026-09-01T09:27:00,2026-09-01T09:47:00,4,30,True
MOVE-000059,EXP-143,Gati Express 143,Express,COR-05,SEC-15,2026-09-01,2026-09-01T14:56:00,2026-09-01T15:08:00,9,5,True
MOVE-000060,PAS-144,Jan Pragati Passenger 144,Passenger,COR-05,SEC-15,2026-09-01,2026-09-01T21:04:00,2026-09-01T21:23:00,7,10,True
MOVE-000061,PAS-001,Jan Pragati Passenger 001,Passenger,COR-01,SEC-01,2026-09-02,2026-09-02T05:45:00,2026-09-02T06:04:00,7,10,True
MOVE-000062,SUB-002,Gati Suburban 002,Suburban,COR-01,SEC-01,2026-09-02,2026-09-02T10:01:00,2026-09-02T10:18:00,6,8,True
MOVE-000063,GDS-003,Gati Freight 003,Goods,COR-01,SEC-01,2026-09-02,2026-09-02T15:07:00,2026-09-02T15:26:00,4,30,True
MOVE-000064,EXP-004,Gati Express 004,Express,COR-01,SEC-01,2026-09-02,2026-09-02T18:22:00,2026-09-02T18:31:00,9,5,True
MOVE-000065,SUB-011,Gati Suburban 011,Suburban,COR-01,SEC-02,2026-09-02,2026-09-02T07:20:00,2026-09-02T07:32:00,6,8,True
MOVE-000066,GDS-012,Gati Freight 012,Goods,COR-01,SEC-02,2026-09-02,2026-09-02T09:33:00,2026-09-02T09:54:00,4,30,True
MOVE-000067,EXP-013,Gati Express 013,Express,COR-01,SEC-02,2026-09-02,2026-09-02T15:20:00,2026-09-02T15:34:00,9,5,True
MOVE-000068,PAS-014,Jan Pragati Passenger 014,Passenger,COR-01,SEC-02,2026-09-02,2026-09-02T18:44:00,2026-09-02T19:01:00,7,10,True
MOVE-000069,GDS-021,Gati Freight 021,Goods,COR-01,SEC-03,2026-09-02,2026-09-02T05:10:00,2026-09-02T05:38:00,4,30,True
MOVE-000070,EXP-022,Gati Express 022,Express,COR-01,SEC-03,2026-09-02,2026-09-02T09:07:00,2026-09-02T09:22:00,9,5,True
MOVE-000071,PAS-023,Jan Pragati Passenger 023,Passenger,COR-01,SEC-03,2026-09-02,2026-09-02T14:28:00,2026-09-02T14:46:00,7,10,True
MOVE-000072,SUB-024,Gati Suburban 024,Suburban,COR-01,SEC-03,2026-09-02,2026-09-02T19:33:00,2026-09-02T19:46:00,6,8,True
MOVE-000073,EXP-031,Gati Express 031,Express,COR-02,SEC-04,2026-09-02,2026-09-02T05:48:00,2026-09-02T06:01:00,9,5,True
MOVE-000074,PAS-032,Jan Pragati Passenger 032,Passenger,COR-02,SEC-04,2026-09-02,2026-09-02T10:28:00,2026-09-02T10:40:00,7,10,True
MOVE-000075,SUB-033,Gati Suburban 033,Suburban,COR-02,SEC-04,2026-09-02,2026-09-02T15:58:00,2026-09-02T16:16:00,6,8,True
MOVE-000076,GDS-034,Gati Freight 034,Goods,COR-02,SEC-04,2026-09-02,2026-09-02T18:00:00,2026-09-02T18:22:00,4,30,True
MOVE-000077,PAS-041,Jan Pragati Passenger 041,Passenger,COR-02,SEC-05,2026-09-02,2026-09-02T05:31:00,2026-09-02T05:48:00,7,10,True
MOVE-000078,SUB-042,Gati Suburban 042,Suburban,COR-02,SEC-05,2026-09-02,2026-09-02T09:25:00,2026-09-02T09:35:00,6,8,True
MOVE-000079,GDS-043,Gati Freight 043,Goods,COR-02,SEC-05,2026-09-02,2026-09-02T15:34:00,2026-09-02T16:01:00,4,30,True
MOVE-000080,EXP-044,Gati Express 044,Express,COR-02,SEC-05,2026-09-02,2026-09-02T20:35:00,2026-09-02T20:48:00,9,5,True
MOVE-000081,SUB-051,Gati Suburban 051,Suburban,COR-02,SEC-06,2026-09-02,2026-09-02T07:22:00,2026-09-02T07:33:00,6,8,True
MOVE-000082,GDS-052,Gati Freight 052,Goods,COR-02,SEC-06,2026-09-02,2026-09-02T09:05:00,2026-09-02T09:30:00,4,30,True
MOVE-000083,EXP-053,Gati Express 053,Express,COR-02,SEC-06,2026-09-02,2026-09-02T15:24:00,2026-09-02T15:39:00,9,5,True
MOVE-000084,PAS-054,Jan Pragati Passenger 054,Passenger,COR-02,SEC-06,2026-09-02,2026-09-02T21:22:00,2026-09-02T21:38:00,7,10,True
MOVE-000085,GDS-061,Gati Freight 061,Goods,COR-03,SEC-07,2026-09-02,2026-09-02T07:15:00,2026-09-02T07:37:00,4,30,True
MOVE-000086,EXP-062,Gati Express 062,Express,COR-03,SEC-07,2026-09-02,2026-09-02T09:29:00,2026-09-02T09:42:00,9,5,True
MOVE-000087,PAS-063,Jan Pragati Passenger 063,Passenger,COR-03,SEC-07,2026-09-02,2026-09-02T15:19:00,2026-09-02T15:34:00,7,10,True
MOVE-000088,SUB-064,Gati Suburban 064,Suburban,COR-03,SEC-07,2026-09-02,2026-09-02T19:18:00,2026-09-02T19:32:00,6,8,True
MOVE-000089,EXP-071,Gati Express 071,Express,COR-03,SEC-08,2026-09-02,2026-09-02T05:56:00,2026-09-02T06:11:00,9,5,True
MOVE-000090,PAS-072,Jan Pragati Passenger 072,Passenger,COR-03,SEC-08,2026-09-02,2026-09-02T09:40:00,2026-09-02T09:58:00,7,10,True
MOVE-000091,SUB-073,Gati Suburban 073,Suburban,COR-03,SEC-08,2026-09-02,2026-09-02T16:00:00,2026-09-02T16:11:00,6,8,True
MOVE-000092,GDS-074,Gati Freight 074,Goods,COR-03,SEC-08,2026-09-02,2026-09-02T19:59:00,2026-09-02T20:28:00,4,30,True
MOVE-000093,PAS-081,Jan Pragati Passenger 081,Passenger,COR-03,SEC-09,2026-09-02,2026-09-02T06:20:00,2026-09-02T06:40:00,7,10,True
MOVE-000094,SUB-082,Gati Suburban 082,Suburban,COR-03,SEC-09,2026-09-02,2026-09-02T10:28:00,2026-09-02T10:44:00,6,8,True
MOVE-000095,GDS-083,Gati Freight 083,Goods,COR-03,SEC-09,2026-09-02,2026-09-02T15:34:00,2026-09-02T16:03:00,4,30,True
MOVE-000096,EXP-084,Gati Express 084,Express,COR-03,SEC-09,2026-09-02,2026-09-02T20:03:00,2026-09-02T20:18:00,9,5,True
MOVE-000097,SUB-091,Gati Suburban 091,Suburban,COR-04,SEC-10,2026-09-02,2026-09-02T06:15:00,2026-09-02T06:25:00,6,8,True
MOVE-000098,GDS-092,Gati Freight 092,Goods,COR-04,SEC-10,2026-09-02,2026-09-02T09:12:00,2026-09-02T09:42:00,4,30,True
MOVE-000099,EXP-093,Gati Express 093,Express,COR-04,SEC-10,2026-09-02,2026-09-02T14:00:00,2026-09-02T14:09:00,9,5,True
MOVE-000100,PAS-094,Jan Pragati Passenger 094,Passenger,COR-04,SEC-10,2026-09-02,2026-09-02T18:27:00,2026-09-02T18:40:00,7,10,True
MOVE-000101,GDS-101,Gati Freight 101,Goods,COR-04,SEC-11,2026-09-02,2026-09-02T06:39:00,2026-09-02T07:05:00,4,30,True
MOVE-000102,EXP-102,Gati Express 102,Express,COR-04,SEC-11,2026-09-02,2026-09-02T10:22:00,2026-09-02T10:31:00,9,5,True
MOVE-000103,PAS-103,Jan Pragati Passenger 103,Passenger,COR-04,SEC-11,2026-09-02,2026-09-02T16:04:00,2026-09-02T16:19:00,7,10,True
MOVE-000104,SUB-104,Gati Suburban 104,Suburban,COR-04,SEC-11,2026-09-02,2026-09-02T20:11:00,2026-09-02T20:29:00,6,8,True
MOVE-000105,EXP-111,Gati Express 111,Express,COR-04,SEC-12,2026-09-02,2026-09-02T06:31:00,2026-09-02T06:46:00,9,5,True
MOVE-000106,PAS-112,Jan Pragati Passenger 112,Passenger,COR-04,SEC-12,2026-09-02,2026-09-02T09:08:00,2026-09-02T09:30:00,7,10,True
MOVE-000107,SUB-113,Gati Suburban 113,Suburban,COR-04,SEC-12,2026-09-02,2026-09-02T15:49:00,2026-09-02T16:07:00,6,8,True
MOVE-000108,GDS-114,Gati Freight 114,Goods,COR-04,SEC-12,2026-09-02,2026-09-02T19:01:00,2026-09-02T19:25:00,4,30,True
MOVE-000109,PAS-121,Jan Pragati Passenger 121,Passenger,COR-05,SEC-13,2026-09-02,2026-09-02T07:25:00,2026-09-02T07:42:00,7,10,True
MOVE-000110,SUB-122,Gati Suburban 122,Suburban,COR-05,SEC-13,2026-09-02,2026-09-02T10:16:00,2026-09-02T10:31:00,6,8,True
MOVE-000111,GDS-123,Gati Freight 123,Goods,COR-05,SEC-13,2026-09-02,2026-09-02T16:24:00,2026-09-02T16:47:00,4,30,True
MOVE-000112,EXP-124,Gati Express 124,Express,COR-05,SEC-13,2026-09-02,2026-09-02T18:01:00,2026-09-02T18:10:00,9,5,True
MOVE-000113,SUB-131,Gati Suburban 131,Suburban,COR-05,SEC-14,2026-09-02,2026-09-02T05:21:00,2026-09-02T05:36:00,6,8,True
MOVE-000114,GDS-132,Gati Freight 132,Goods,COR-05,SEC-14,2026-09-02,2026-09-02T10:38:00,2026-09-02T11:04:00,4,30,True
MOVE-000115,EXP-133,Gati Express 133,Express,COR-05,SEC-14,2026-09-02,2026-09-02T15:20:00,2026-09-02T15:35:00,9,5,True
MOVE-000116,PAS-134,Jan Pragati Passenger 134,Passenger,COR-05,SEC-14,2026-09-02,2026-09-02T19:23:00,2026-09-02T19:41:00,7,10,True
MOVE-000117,GDS-141,Gati Freight 141,Goods,COR-05,SEC-15,2026-09-02,2026-09-02T05:24:00,2026-09-02T05:50:00,4,30,True
MOVE-000118,EXP-142,Gati Express 142,Express,COR-05,SEC-15,2026-09-02,2026-09-02T09:02:00,2026-09-02T09:17:00,9,5,True
MOVE-000119,PAS-143,Jan Pragati Passenger 143,Passenger,COR-05,SEC-15,2026-09-02,2026-09-02T15:17:00,2026-09-02T15:30:00,7,10,True
MOVE-000120,SUB-144,Gati Suburban 144,Suburban,COR-05,SEC-15,2026-09-02,2026-09-02T20:33:00,2026-09-02T20:45:00,6,8,True
MOVE-000121,SUB-001,Gati Suburban 001,Suburban,COR-01,SEC-01,2026-09-03,2026-09-03T05:24:00,2026-09-03T05:38:00,6,8,True
MOVE-000122,GDS-002,Gati Freight 002,Goods,COR-01,SEC-01,2026-09-03,2026-09-03T09:52:00,2026-09-03T10:21:00,4,30,True
MOVE-000123,EXP-003,Gati Express 003,Express,COR-01,SEC-01,2026-09-03,2026-09-03T15:02:00,2026-09-03T15:14:00,9,5,True
MOVE-000124,PAS-004,Jan Pragati Passenger 004,Passenger,COR-01,SEC-01,2026-09-03,2026-09-03T18:36:00,2026-09-03T18:48:00,7,10,True
MOVE-000125,GDS-011,Gati Freight 011,Goods,COR-01,SEC-02,2026-09-03,2026-09-03T05:42:00,2026-09-03T06:05:00,4,30,True
MOVE-000126,EXP-012,Gati Express 012,Express,COR-01,SEC-02,2026-09-03,2026-09-03T09:39:00,2026-09-03T09:51:00,9,5,True
MOVE-000127,PAS-013,Jan Pragati Passenger 013,Passenger,COR-01,SEC-02,2026-09-03,2026-09-03T15:55:00,2026-09-03T16:17:00,7,10,True
MOVE-000128,SUB-014,Gati Suburban 014,Suburban,COR-01,SEC-02,2026-09-03,2026-09-03T20:18:00,2026-09-03T20:31:00,6,8,True
MOVE-000129,EXP-021,Gati Express 021,Express,COR-01,SEC-03,2026-09-03,2026-09-03T07:00:00,2026-09-03T07:12:00,9,5,True
MOVE-000130,PAS-022,Jan Pragati Passenger 022,Passenger,COR-01,SEC-03,2026-09-03,2026-09-03T09:03:00,2026-09-03T09:19:00,7,10,True
MOVE-000131,SUB-023,Gati Suburban 023,Suburban,COR-01,SEC-03,2026-09-03,2026-09-03T15:42:00,2026-09-03T15:59:00,6,8,True
MOVE-000132,GDS-024,Gati Freight 024,Goods,COR-01,SEC-03,2026-09-03,2026-09-03T19:48:00,2026-09-03T20:06:00,4,30,True
MOVE-000133,PAS-031,Jan Pragati Passenger 031,Passenger,COR-02,SEC-04,2026-09-03,2026-09-03T06:05:00,2026-09-03T06:23:00,7,10,True
MOVE-000134,SUB-032,Gati Suburban 032,Suburban,COR-02,SEC-04,2026-09-03,2026-09-03T10:29:00,2026-09-03T10:40:00,6,8,True
MOVE-000135,GDS-033,Gati Freight 033,Goods,COR-02,SEC-04,2026-09-03,2026-09-03T15:59:00,2026-09-03T16:24:00,4,30,True
MOVE-000136,EXP-034,Gati Express 034,Express,COR-02,SEC-04,2026-09-03,2026-09-03T19:04:00,2026-09-03T19:18:00,9,5,True
MOVE-000137,SUB-041,Gati Suburban 041,Suburban,COR-02,SEC-05,2026-09-03,2026-09-03T06:50:00,2026-09-03T07:04:00,6,8,True
MOVE-000138,GDS-042,Gati Freight 042,Goods,COR-02,SEC-05,2026-09-03,2026-09-03T10:03:00,2026-09-03T10:33:00,4,30,True
MOVE-000139,EXP-043,Gati Express 043,Express,COR-02,SEC-05,2026-09-03,2026-09-03T16:02:00,2026-09-03T16:11:00,9,5,True
MOVE-000140,PAS-044,Jan Pragati Passenger 044,Passenger,COR-02,SEC-05,2026-09-03,2026-09-03T20:23:00,2026-09-03T20:44:00,7,10,True
MOVE-000141,GDS-051,Gati Freight 051,Goods,COR-02,SEC-06,2026-09-03,2026-09-03T06:46:00,2026-09-03T07:08:00,4,30,True
MOVE-000142,EXP-052,Gati Express 052,Express,COR-02,SEC-06,2026-09-03,2026-09-03T11:22:00,2026-09-03T11:31:00,9,5,True
MOVE-000143,PAS-053,Jan Pragati Passenger 053,Passenger,COR-02,SEC-06,2026-09-03,2026-09-03T16:15:00,2026-09-03T16:36:00,7,10,True
MOVE-000144,SUB-054,Gati Suburban 054,Suburban,COR-02,SEC-06,2026-09-03,2026-09-03T20:39:00,2026-09-03T20:55:00,6,8,True
MOVE-000145,EXP-061,Gati Express 061,Express,COR-03,SEC-07,2026-09-03,2026-09-03T07:03:00,2026-09-03T07:14:00,9,5,True
MOVE-000146,PAS-062,Jan Pragati Passenger 062,Passenger,COR-03,SEC-07,2026-09-03,2026-09-03T09:54:00,2026-09-03T10:16:00,7,10,True
MOVE-000147,SUB-063,Gati Suburban 063,Suburban,COR-03,SEC-07,2026-09-03,2026-09-03T15:58:00,2026-09-03T16:10:00,6,8,True
MOVE-000148,GDS-064,Gati Freight 064,Goods,COR-03,SEC-07,2026-09-03,2026-09-03T20:34:00,2026-09-03T20:53:00,4,30,True
MOVE-000149,PAS-071,Jan Pragati Passenger 071,Passenger,COR-03,SEC-08,2026-09-03,2026-09-03T06:24:00,2026-09-03T06:44:00,7,10,True
MOVE-000150,SUB-072,Gati Suburban 072,Suburban,COR-03,SEC-08,2026-09-03,2026-09-03T10:55:00,2026-09-03T11:13:00,6,8,True
MOVE-000151,GDS-073,Gati Freight 073,Goods,COR-03,SEC-08,2026-09-03,2026-09-03T15:17:00,2026-09-03T15:44:00,4,30,True
MOVE-000152,EXP-074,Gati Express 074,Express,COR-03,SEC-08,2026-09-03,2026-09-03T18:03:00,2026-09-03T18:18:00,9,5,True
MOVE-000153,SUB-081,Gati Suburban 081,Suburban,COR-03,SEC-09,2026-09-03,2026-09-03T05:09:00,2026-09-03T05:25:00,6,8,True
MOVE-000154,GDS-082,Gati Freight 082,Goods,COR-03,SEC-09,2026-09-03,2026-09-03T11:04:00,2026-09-03T11:33:00,4,30,True
MOVE-000155,EXP-083,Gati Express 083,Express,COR-03,SEC-09,2026-09-03,2026-09-03T14:33:00,2026-09-03T14:46:00,9,5,True
MOVE-000156,PAS-084,Jan Pragati Passenger 084,Passenger,COR-03,SEC-09,2026-09-03,2026-09-03T19:30:00,2026-09-03T19:48:00,7,10,True
MOVE-000157,GDS-091,Gati Freight 091,Goods,COR-04,SEC-10,2026-09-03,2026-09-03T07:25:00,2026-09-03T07:48:00,4,30,True
MOVE-000158,EXP-092,Gati Express 092,Express,COR-04,SEC-10,2026-09-03,2026-09-03T09:20:00,2026-09-03T09:34:00,9,5,True
MOVE-000159,PAS-093,Jan Pragati Passenger 093,Passenger,COR-04,SEC-10,2026-09-03,2026-09-03T14:59:00,2026-09-03T15:21:00,7,10,True
MOVE-000160,SUB-094,Gati Suburban 094,Suburban,COR-04,SEC-10,2026-09-03,2026-09-03T18:47:00,2026-09-03T18:59:00,6,8,True
MOVE-000161,EXP-101,Gati Express 101,Express,COR-04,SEC-11,2026-09-03,2026-09-03T06:20:00,2026-09-03T06:36:00,9,5,True
MOVE-000162,PAS-102,Jan Pragati Passenger 102,Passenger,COR-04,SEC-11,2026-09-03,2026-09-03T11:09:00,2026-09-03T11:23:00,7,10,True
MOVE-000163,SUB-103,Gati Suburban 103,Suburban,COR-04,SEC-11,2026-09-03,2026-09-03T14:03:00,2026-09-03T14:16:00,6,8,True
MOVE-000164,GDS-104,Gati Freight 104,Goods,COR-04,SEC-11,2026-09-03,2026-09-03T20:21:00,2026-09-03T20:47:00,4,30,True
MOVE-000165,PAS-111,Jan Pragati Passenger 111,Passenger,COR-04,SEC-12,2026-09-03,2026-09-03T05:37:00,2026-09-03T05:57:00,7,10,True
MOVE-000166,SUB-112,Gati Suburban 112,Suburban,COR-04,SEC-12,2026-09-03,2026-09-03T09:53:00,2026-09-03T10:05:00,6,8,True
MOVE-000167,GDS-113,Gati Freight 113,Goods,COR-04,SEC-12,2026-09-03,2026-09-03T14:44:00,2026-09-03T15:14:00,4,30,True
MOVE-000168,EXP-114,Gati Express 114,Express,COR-04,SEC-12,2026-09-03,2026-09-03T18:22:00,2026-09-03T18:30:00,9,5,True
MOVE-000169,SUB-121,Gati Suburban 121,Suburban,COR-05,SEC-13,2026-09-03,2026-09-03T07:15:00,2026-09-03T07:32:00,6,8,True
MOVE-000170,GDS-122,Gati Freight 122,Goods,COR-05,SEC-13,2026-09-03,2026-09-03T10:24:00,2026-09-03T10:50:00,4,30,True
MOVE-000171,EXP-123,Gati Express 123,Express,COR-05,SEC-13,2026-09-03,2026-09-03T14:11:00,2026-09-03T14:21:00,9,5,True
MOVE-000172,PAS-124,Jan Pragati Passenger 124,Passenger,COR-05,SEC-13,2026-09-03,2026-09-03T19:43:00,2026-09-03T20:02:00,7,10,True
MOVE-000173,GDS-131,Gati Freight 131,Goods,COR-05,SEC-14,2026-09-03,2026-09-03T07:11:00,2026-09-03T07:31:00,4,30,True
MOVE-000174,EXP-132,Gati Express 132,Express,COR-05,SEC-14,2026-09-03,2026-09-03T11:25:00,2026-09-03T11:36:00,9,5,True
MOVE-000175,PAS-133,Jan Pragati Passenger 133,Passenger,COR-05,SEC-14,2026-09-03,2026-09-03T16:19:00,2026-09-03T16:36:00,7,10,True
MOVE-000176,SUB-134,Gati Suburban 134,Suburban,COR-05,SEC-14,2026-09-03,2026-09-03T19:58:00,2026-09-03T20:15:00,6,8,True
MOVE-000177,EXP-141,Gati Express 141,Express,COR-05,SEC-15,2026-09-03,2026-09-03T05:53:00,2026-09-03T06:05:00,9,5,True
MOVE-000178,PAS-142,Jan Pragati Passenger 142,Passenger,COR-05,SEC-15,2026-09-03,2026-09-03T11:14:00,2026-09-03T11:33:00,7,10,True
MOVE-000179,SUB-143,Gati Suburban 143,Suburban,COR-05,SEC-15,2026-09-03,2026-09-03T14:00:00,2026-09-03T14:11:00,6,8,True
MOVE-000180,GDS-144,Gati Freight 144,Goods,COR-05,SEC-15,2026-09-03,2026-09-03T20:41:00,2026-09-03T21:04:00,4,30,True
MOVE-000181,GDS-001,Gati Freight 001,Goods,COR-01,SEC-01,2026-09-04,2026-09-04T05:53:00,2026-09-04T06:15:00,4,30,True
MOVE-000182,EXP-002,Gati Express 002,Express,COR-01,SEC-01,2026-09-04,2026-09-04T10:37:00,2026-09-04T10:49:00,9,5,True
MOVE-000183,PAS-003,Jan Pragati Passenger 003,Passenger,COR-01,SEC-01,2026-09-04,2026-09-04T14:28:00,2026-09-04T14:43:00,7,10,True
MOVE-000184,SUB-004,Gati Suburban 004,Suburban,COR-01,SEC-01,2026-09-04,2026-09-04T20:48:00,2026-09-04T20:59:00,6,8,True
MOVE-000185,EXP-011,Gati Express 011,Express,COR-01,SEC-02,2026-09-04,2026-09-04T06:43:00,2026-09-04T06:58:00,9,5,True
MOVE-000186,PAS-012,Jan Pragati Passenger 012,Passenger,COR-01,SEC-02,2026-09-04,2026-09-04T11:14:00,2026-09-04T11:35:00,7,10,True
MOVE-000187,SUB-013,Gati Suburban 013,Suburban,COR-01,SEC-02,2026-09-04,2026-09-04T15:13:00,2026-09-04T15:25:00,6,8,True
MOVE-000188,GDS-014,Gati Freight 014,Goods,COR-01,SEC-02,2026-09-04,2026-09-04T20:22:00,2026-09-04T20:52:00,4,30,True
MOVE-000189,PAS-021,Jan Pragati Passenger 021,Passenger,COR-01,SEC-03,2026-09-04,2026-09-04T05:38:00,2026-09-04T05:56:00,7,10,True
MOVE-000190,SUB-022,Gati Suburban 022,Suburban,COR-01,SEC-03,2026-09-04,2026-09-04T09:38:00,2026-09-04T09:52:00,6,8,True
MOVE-000191,GDS-023,Gati Freight 023,Goods,COR-01,SEC-03,2026-09-04,2026-09-04T14:54:00,2026-09-04T15:16:00,4,30,True
MOVE-000192,EXP-024,Gati Express 024,Express,COR-01,SEC-03,2026-09-04,2026-09-04T18:43:00,2026-09-04T18:56:00,9,5,True
MOVE-000193,SUB-031,Gati Suburban 031,Suburban,COR-02,SEC-04,2026-09-04,2026-09-04T06:28:00,2026-09-04T06:44:00,6,8,True
MOVE-000194,GDS-032,Gati Freight 032,Goods,COR-02,SEC-04,2026-09-04,2026-09-04T09:41:00,2026-09-04T10:07:00,4,30,True
MOVE-000195,EXP-033,Gati Express 033,Express,COR-02,SEC-04,2026-09-04,2026-09-04T15:53:00,2026-09-04T16:06:00,9,5,True
MOVE-000196,PAS-034,Jan Pragati Passenger 034,Passenger,COR-02,SEC-04,2026-09-04,2026-09-04T19:38:00,2026-09-04T19:58:00,7,10,True
MOVE-000197,GDS-041,Gati Freight 041,Goods,COR-02,SEC-05,2026-09-04,2026-09-04T05:06:00,2026-09-04T05:32:00,4,30,True
MOVE-000198,EXP-042,Gati Express 042,Express,COR-02,SEC-05,2026-09-04,2026-09-04T11:04:00,2026-09-04T11:16:00,9,5,True
MOVE-000199,PAS-043,Jan Pragati Passenger 043,Passenger,COR-02,SEC-05,2026-09-04,2026-09-04T16:22:00,2026-09-04T16:37:00,7,10,True
MOVE-000200,SUB-044,Gati Suburban 044,Suburban,COR-02,SEC-05,2026-09-04,2026-09-04T19:38:00,2026-09-04T19:49:00,6,8,True
MOVE-000201,EXP-051,Gati Express 051,Express,COR-02,SEC-06,2026-09-04,2026-09-04T05:40:00,2026-09-04T05:51:00,9,5,True
MOVE-000202,PAS-052,Jan Pragati Passenger 052,Passenger,COR-02,SEC-06,2026-09-04,2026-09-04T10:40:00,2026-09-04T10:58:00,7,10,True
MOVE-000203,SUB-053,Gati Suburban 053,Suburban,COR-02,SEC-06,2026-09-04,2026-09-04T14:47:00,2026-09-04T15:05:00,6,8,True
MOVE-000204,GDS-054,Gati Freight 054,Goods,COR-02,SEC-06,2026-09-04,2026-09-04T20:32:00,2026-09-04T20:51:00,4,30,True
MOVE-000205,PAS-061,Jan Pragati Passenger 061,Passenger,COR-03,SEC-07,2026-09-04,2026-09-04T05:32:00,2026-09-04T05:44:00,7,10,True
MOVE-000206,SUB-062,Gati Suburban 062,Suburban,COR-03,SEC-07,2026-09-04,2026-09-04T09:00:00,2026-09-04T09:11:00,6,8,True
MOVE-000207,GDS-063,Gati Freight 063,Goods,COR-03,SEC-07,2026-09-04,2026-09-04T14:50:00,2026-09-04T15:13:00,4,30,True
MOVE-000208,EXP-064,Gati Express 064,Express,COR-03,SEC-07,2026-09-04,2026-09-04T21:07:00,2026-09-04T21:20:00,9,5,True
MOVE-000209,SUB-071,Gati Suburban 071,Suburban,COR-03,SEC-08,2026-09-04,2026-09-04T06:45:00,2026-09-04T06:57:00,6,8,True
MOVE-000210,GDS-072,Gati Freight 072,Goods,COR-03,SEC-08,2026-09-04,2026-09-04T10:05:00,2026-09-04T10:31:00,4,30,True
MOVE-000211,EXP-073,Gati Express 073,Express,COR-03,SEC-08,2026-09-04,2026-09-04T15:06:00,2026-09-04T15:17:00,9,5,True
MOVE-000212,PAS-074,Jan Pragati Passenger 074,Passenger,COR-03,SEC-08,2026-09-04,2026-09-04T19:01:00,2026-09-04T19:16:00,7,10,True
MOVE-000213,GDS-081,Gati Freight 081,Goods,COR-03,SEC-09,2026-09-04,2026-09-04T07:08:00,2026-09-04T07:38:00,4,30,True
MOVE-000214,EXP-082,Gati Express 082,Express,COR-03,SEC-09,2026-09-04,2026-09-04T10:54:00,2026-09-04T11:05:00,9,5,True
MOVE-000215,PAS-083,Jan Pragati Passenger 083,Passenger,COR-03,SEC-09,2026-09-04,2026-09-04T14:00:00,2026-09-04T14:18:00,7,10,True
MOVE-000216,SUB-084,Gati Suburban 084,Suburban,COR-03,SEC-09,2026-09-04,2026-09-04T18:30:00,2026-09-04T18:46:00,6,8,True
MOVE-000217,EXP-091,Gati Express 091,Express,COR-04,SEC-10,2026-09-04,2026-09-04T07:15:00,2026-09-04T07:25:00,9,5,True
MOVE-000218,PAS-092,Jan Pragati Passenger 092,Passenger,COR-04,SEC-10,2026-09-04,2026-09-04T09:38:00,2026-09-04T09:52:00,7,10,True
MOVE-000219,SUB-093,Gati Suburban 093,Suburban,COR-04,SEC-10,2026-09-04,2026-09-04T14:33:00,2026-09-04T14:44:00,6,8,True
MOVE-000220,GDS-094,Gati Freight 094,Goods,COR-04,SEC-10,2026-09-04,2026-09-04T18:57:00,2026-09-04T19:23:00,4,30,True
MOVE-000221,PAS-101,Jan Pragati Passenger 101,Passenger,COR-04,SEC-11,2026-09-04,2026-09-04T05:06:00,2026-09-04T05:25:00,7,10,True
MOVE-000222,SUB-102,Gati Suburban 102,Suburban,COR-04,SEC-11,2026-09-04,2026-09-04T10:44:00,2026-09-04T11:02:00,6,8,True
MOVE-000223,GDS-103,Gati Freight 103,Goods,COR-04,SEC-11,2026-09-04,2026-09-04T15:28:00,2026-09-04T15:49:00,4,30,True
MOVE-000224,EXP-104,Gati Express 104,Express,COR-04,SEC-11,2026-09-04,2026-09-04T19:36:00,2026-09-04T19:51:00,9,5,True
MOVE-000225,SUB-111,Gati Suburban 111,Suburban,COR-04,SEC-12,2026-09-04,2026-09-04T06:51:00,2026-09-04T07:09:00,6,8,True
MOVE-000226,GDS-112,Gati Freight 112,Goods,COR-04,SEC-12,2026-09-04,2026-09-04T10:51:00,2026-09-04T11:18:00,4,30,True
MOVE-000227,EXP-113,Gati Express 113,Express,COR-04,SEC-12,2026-09-04,2026-09-04T14:29:00,2026-09-04T14:44:00,9,5,True
MOVE-000228,PAS-114,Jan Pragati Passenger 114,Passenger,COR-04,SEC-12,2026-09-04,2026-09-04T21:14:00,2026-09-04T21:29:00,7,10,True
MOVE-000229,GDS-121,Gati Freight 121,Goods,COR-05,SEC-13,2026-09-04,2026-09-04T06:27:00,2026-09-04T06:57:00,4,30,True
MOVE-000230,EXP-122,Gati Express 122,Express,COR-05,SEC-13,2026-09-04,2026-09-04T09:13:00,2026-09-04T09:26:00,9,5,True
MOVE-000231,PAS-123,Jan Pragati Passenger 123,Passenger,COR-05,SEC-13,2026-09-04,2026-09-04T14:09:00,2026-09-04T14:26:00,7,10,True
MOVE-000232,SUB-124,Gati Suburban 124,Suburban,COR-05,SEC-13,2026-09-04,2026-09-04T20:42:00,2026-09-04T20:52:00,6,8,True
MOVE-000233,EXP-131,Gati Express 131,Express,COR-05,SEC-14,2026-09-04,2026-09-04T06:00:00,2026-09-04T06:12:00,9,5,True
MOVE-000234,PAS-132,Jan Pragati Passenger 132,Passenger,COR-05,SEC-14,2026-09-04,2026-09-04T10:08:00,2026-09-04T10:25:00,7,10,True
MOVE-000235,SUB-133,Gati Suburban 133,Suburban,COR-05,SEC-14,2026-09-04,2026-09-04T14:19:00,2026-09-04T14:29:00,6,8,True
MOVE-000236,GDS-134,Gati Freight 134,Goods,COR-05,SEC-14,2026-09-04,2026-09-04T19:33:00,2026-09-04T19:57:00,4,30,True
MOVE-000237,PAS-141,Jan Pragati Passenger 141,Passenger,COR-05,SEC-15,2026-09-04,2026-09-04T05:02:00,2026-09-04T05:18:00,7,10,True
MOVE-000238,SUB-142,Gati Suburban 142,Suburban,COR-05,SEC-15,2026-09-04,2026-09-04T11:09:00,2026-09-04T11:24:00,6,8,True
MOVE-000239,GDS-143,Gati Freight 143,Goods,COR-05,SEC-15,2026-09-04,2026-09-04T16:00:00,2026-09-04T16:27:00,4,30,True
MOVE-000240,EXP-144,Gati Express 144,Express,COR-05,SEC-15,2026-09-04,2026-09-04T21:07:00,2026-09-04T21:17:00,9,5,True
MOVE-000241,EXP-001,Gati Express 001,Express,COR-01,SEC-01,2026-09-05,2026-09-05T05:00:00,2026-09-05T05:11:00,9,5,True
MOVE-000242,PAS-002,Jan Pragati Passenger 002,Passenger,COR-01,SEC-01,2026-09-05,2026-09-05T10:27:00,2026-09-05T10:44:00,7,10,True
MOVE-000243,SUB-003,Gati Suburban 003,Suburban,COR-01,SEC-01,2026-09-05,2026-09-05T14:53:00,2026-09-05T15:08:00,6,8,True
MOVE-000244,GDS-004,Gati Freight 004,Goods,COR-01,SEC-01,2026-09-05,2026-09-05T18:49:00,2026-09-05T19:18:00,4,30,True
MOVE-000245,PAS-011,Jan Pragati Passenger 011,Passenger,COR-01,SEC-02,2026-09-05,2026-09-05T06:00:00,2026-09-05T06:13:00,7,10,True
MOVE-000246,SUB-012,Gati Suburban 012,Suburban,COR-01,SEC-02,2026-09-05,2026-09-05T09:47:00,2026-09-05T10:01:00,6,8,True
MOVE-000247,GDS-013,Gati Freight 013,Goods,COR-01,SEC-02,2026-09-05,2026-09-05T14:51:00,2026-09-05T15:10:00,4,30,True
MOVE-000248,EXP-014,Gati Express 014,Express,COR-01,SEC-02,2026-09-05,2026-09-05T20:26:00,2026-09-05T20:41:00,9,5,True
MOVE-000249,SUB-021,Gati Suburban 021,Suburban,COR-01,SEC-03,2026-09-05,2026-09-05T05:29:00,2026-09-05T05:45:00,6,8,True
MOVE-000250,GDS-022,Gati Freight 022,Goods,COR-01,SEC-03,2026-09-05,2026-09-05T11:01:00,2026-09-05T11:28:00,4,30,True
MOVE-000251,EXP-023,Gati Express 023,Express,COR-01,SEC-03,2026-09-05,2026-09-05T16:11:00,2026-09-05T16:22:00,9,5,True
MOVE-000252,PAS-024,Jan Pragati Passenger 024,Passenger,COR-01,SEC-03,2026-09-05,2026-09-05T19:38:00,2026-09-05T19:52:00,7,10,True
MOVE-000253,GDS-031,Gati Freight 031,Goods,COR-02,SEC-04,2026-09-05,2026-09-05T07:03:00,2026-09-05T07:24:00,4,30,True
MOVE-000254,EXP-032,Gati Express 032,Express,COR-02,SEC-04,2026-09-05,2026-09-05T10:40:00,2026-09-05T10:51:00,9,5,True
MOVE-000255,PAS-033,Jan Pragati Passenger 033,Passenger,COR-02,SEC-04,2026-09-05,2026-09-05T15:40:00,2026-09-05T16:01:00,7,10,True
MOVE-000256,SUB-034,Gati Suburban 034,Suburban,COR-02,SEC-04,2026-09-05,2026-09-05T21:21:00,2026-09-05T21:32:00,6,8,True
MOVE-000257,EXP-041,Gati Express 041,Express,COR-02,SEC-05,2026-09-05,2026-09-05T05:56:00,2026-09-05T06:05:00,9,5,True
MOVE-000258,PAS-042,Jan Pragati Passenger 042,Passenger,COR-02,SEC-05,2026-09-05,2026-09-05T10:59:00,2026-09-05T11:21:00,7,10,True
MOVE-000259,SUB-043,Gati Suburban 043,Suburban,COR-02,SEC-05,2026-09-05,2026-09-05T14:26:00,2026-09-05T14:36:00,6,8,True
MOVE-000260,GDS-044,Gati Freight 044,Goods,COR-02,SEC-05,2026-09-05,2026-09-05T20:03:00,2026-09-05T20:28:00,4,30,True
MOVE-000261,PAS-051,Jan Pragati Passenger 051,Passenger,COR-02,SEC-06,2026-09-05,2026-09-05T05:53:00,2026-09-05T06:11:00,7,10,True
MOVE-000262,SUB-052,Gati Suburban 052,Suburban,COR-02,SEC-06,2026-09-05,2026-09-05T09:05:00,2026-09-05T09:20:00,6,8,True
MOVE-000263,GDS-053,Gati Freight 053,Goods,COR-02,SEC-06,2026-09-05,2026-09-05T14:45:00,2026-09-05T15:07:00,4,30,True
MOVE-000264,EXP-054,Gati Express 054,Express,COR-02,SEC-06,2026-09-05,2026-09-05T18:09:00,2026-09-05T18:19:00,9,5,True
MOVE-000265,SUB-061,Gati Suburban 061,Suburban,COR-03,SEC-07,2026-09-05,2026-09-05T06:55:00,2026-09-05T07:11:00,6,8,True
MOVE-000266,GDS-062,Gati Freight 062,Goods,COR-03,SEC-07,2026-09-05,2026-09-05T10:09:00,2026-09-05T10:35:00,4,30,True
MOVE-000267,EXP-063,Gati Express 063,Express,COR-03,SEC-07,2026-09-05,2026-09-05T14:52:00,2026-09-05T15:03:00,9,5,True
MOVE-000268,PAS-064,Jan Pragati Passenger 064,Passenger,COR-03,SEC-07,2026-09-05,2026-09-05T20:42:00,2026-09-05T20:55:00,7,10,True
MOVE-000269,GDS-071,Gati Freight 071,Goods,COR-03,SEC-08,2026-09-05,2026-09-05T06:07:00,2026-09-05T06:27:00,4,30,True
MOVE-000270,EXP-072,Gati Express 072,Express,COR-03,SEC-08,2026-09-05,2026-09-05T10:14:00,2026-09-05T10:25:00,9,5,True
MOVE-000271,PAS-073,Jan Pragati Passenger 073,Passenger,COR-03,SEC-08,2026-09-05,2026-09-05T15:53:00,2026-09-05T16:13:00,7,10,True
MOVE-000272,SUB-074,Gati Suburban 074,Suburban,COR-03,SEC-08,2026-09-05,2026-09-05T18:18:00,2026-09-05T18:30:00,6,8,True
MOVE-000273,EXP-081,Gati Express 081,Express,COR-03,SEC-09,2026-09-05,2026-09-05T06:29:00,2026-09-05T06:43:00,9,5,True
MOVE-000274,PAS-082,Jan Pragati Passenger 082,Passenger,COR-03,SEC-09,2026-09-05,2026-09-05T11:09:00,2026-09-05T11:30:00,7,10,True
MOVE-000275,SUB-083,Gati Suburban 083,Suburban,COR-03,SEC-09,2026-09-05,2026-09-05T15:56:00,2026-09-05T16:14:00,6,8,True
MOVE-000276,GDS-084,Gati Freight 084,Goods,COR-03,SEC-09,2026-09-05,2026-09-05T19:42:00,2026-09-05T20:01:00,4,30,True
MOVE-000277,PAS-091,Jan Pragati Passenger 091,Passenger,COR-04,SEC-10,2026-09-05,2026-09-05T06:59:00,2026-09-05T07:17:00,7,10,True
MOVE-000278,SUB-092,Gati Suburban 092,Suburban,COR-04,SEC-10,2026-09-05,2026-09-05T10:17:00,2026-09-05T10:34:00,6,8,True
MOVE-000279,GDS-093,Gati Freight 093,Goods,COR-04,SEC-10,2026-09-05,2026-09-05T14:44:00,2026-09-05T15:13:00,4,30,True
MOVE-000280,EXP-094,Gati Express 094,Express,COR-04,SEC-10,2026-09-05,2026-09-05T20:20:00,2026-09-05T20:31:00,9,5,True
MOVE-000281,SUB-101,Gati Suburban 101,Suburban,COR-04,SEC-11,2026-09-05,2026-09-05T07:06:00,2026-09-05T07:20:00,6,8,True
MOVE-000282,GDS-102,Gati Freight 102,Goods,COR-04,SEC-11,2026-09-05,2026-09-05T10:04:00,2026-09-05T10:25:00,4,30,True
MOVE-000283,EXP-103,Gati Express 103,Express,COR-04,SEC-11,2026-09-05,2026-09-05T14:35:00,2026-09-05T14:49:00,9,5,True
MOVE-000284,PAS-104,Jan Pragati Passenger 104,Passenger,COR-04,SEC-11,2026-09-05,2026-09-05T18:22:00,2026-09-05T18:34:00,7,10,True
MOVE-000285,GDS-111,Gati Freight 111,Goods,COR-04,SEC-12,2026-09-05,2026-09-05T06:18:00,2026-09-05T06:37:00,4,30,True
MOVE-000286,EXP-112,Gati Express 112,Express,COR-04,SEC-12,2026-09-05,2026-09-05T09:03:00,2026-09-05T09:15:00,9,5,True
MOVE-000287,PAS-113,Jan Pragati Passenger 113,Passenger,COR-04,SEC-12,2026-09-05,2026-09-05T14:15:00,2026-09-05T14:33:00,7,10,True
MOVE-000288,SUB-114,Gati Suburban 114,Suburban,COR-04,SEC-12,2026-09-05,2026-09-05T20:46:00,2026-09-05T21:03:00,6,8,True
MOVE-000289,EXP-121,Gati Express 121,Express,COR-05,SEC-13,2026-09-05,2026-09-05T06:31:00,2026-09-05T06:45:00,9,5,True
MOVE-000290,PAS-122,Jan Pragati Passenger 122,Passenger,COR-05,SEC-13,2026-09-05,2026-09-05T09:56:00,2026-09-05T10:11:00,7,10,True
MOVE-000291,SUB-123,Gati Suburban 123,Suburban,COR-05,SEC-13,2026-09-05,2026-09-05T14:55:00,2026-09-05T15:08:00,6,8,True
MOVE-000292,GDS-124,Gati Freight 124,Goods,COR-05,SEC-13,2026-09-05,2026-09-05T19:36:00,2026-09-05T20:06:00,4,30,True
MOVE-000293,PAS-131,Jan Pragati Passenger 131,Passenger,COR-05,SEC-14,2026-09-05,2026-09-05T06:45:00,2026-09-05T07:05:00,7,10,True
MOVE-000294,SUB-132,Gati Suburban 132,Suburban,COR-05,SEC-14,2026-09-05,2026-09-05T09:19:00,2026-09-05T09:33:00,6,8,True
MOVE-000295,GDS-133,Gati Freight 133,Goods,COR-05,SEC-14,2026-09-05,2026-09-05T14:03:00,2026-09-05T14:33:00,4,30,True
MOVE-000296,EXP-134,Gati Express 134,Express,COR-05,SEC-14,2026-09-05,2026-09-05T20:28:00,2026-09-05T20:42:00,9,5,True
MOVE-000297,SUB-141,Gati Suburban 141,Suburban,COR-05,SEC-15,2026-09-05,2026-09-05T07:01:00,2026-09-05T07:16:00,6,8,True
MOVE-000298,GDS-142,Gati Freight 142,Goods,COR-05,SEC-15,2026-09-05,2026-09-05T09:54:00,2026-09-05T10:20:00,4,30,True
MOVE-000299,EXP-143,Gati Express 143,Express,COR-05,SEC-15,2026-09-05,2026-09-05T15:47:00,2026-09-05T16:03:00,9,5,True
MOVE-000300,PAS-144,Jan Pragati Passenger 144,Passenger,COR-05,SEC-15,2026-09-05,2026-09-05T20:59:00,2026-09-05T21:11:00,7,10,True
MOVE-000301,PAS-001,Jan Pragati Passenger 001,Passenger,COR-01,SEC-01,2026-09-06,2026-09-06T06:17:00,2026-09-06T06:34:00,7,10,True
MOVE-000302,SUB-002,Gati Suburban 002,Suburban,COR-01,SEC-01,2026-09-06,2026-09-06T09:04:00,2026-09-06T09:17:00,6,8,True
MOVE-000303,GDS-003,Gati Freight 003,Goods,COR-01,SEC-01,2026-09-06,2026-09-06T15:26:00,2026-09-06T15:47:00,4,30,True
MOVE-000304,EXP-004,Gati Express 004,Express,COR-01,SEC-01,2026-09-06,2026-09-06T19:14:00,2026-09-06T19:29:00,9,5,True
MOVE-000305,SUB-011,Gati Suburban 011,Suburban,COR-01,SEC-02,2026-09-06,2026-09-06T05:51:00,2026-09-06T06:07:00,6,8,True
MOVE-000306,GDS-012,Gati Freight 012,Goods,COR-01,SEC-02,2026-09-06,2026-09-06T10:55:00,2026-09-06T11:14:00,4,30,True
MOVE-000307,EXP-013,Gati Express 013,Express,COR-01,SEC-02,2026-09-06,2026-09-06T14:23:00,2026-09-06T14:33:00,9,5,True
MOVE-000308,PAS-014,Jan Pragati Passenger 014,Passenger,COR-01,SEC-02,2026-09-06,2026-09-06T21:02:00,2026-09-06T21:24:00,7,10,True
MOVE-000309,GDS-021,Gati Freight 021,Goods,COR-01,SEC-03,2026-09-06,2026-09-06T06:27:00,2026-09-06T06:54:00,4,30,True
MOVE-000310,EXP-022,Gati Express 022,Express,COR-01,SEC-03,2026-09-06,2026-09-06T09:41:00,2026-09-06T09:49:00,9,5,True
MOVE-000311,PAS-023,Jan Pragati Passenger 023,Passenger,COR-01,SEC-03,2026-09-06,2026-09-06T15:28:00,2026-09-06T15:43:00,7,10,True
MOVE-000312,SUB-024,Gati Suburban 024,Suburban,COR-01,SEC-03,2026-09-06,2026-09-06T18:29:00,2026-09-06T18:41:00,6,8,True
MOVE-000313,EXP-031,Gati Express 031,Express,COR-02,SEC-04,2026-09-06,2026-09-06T05:07:00,2026-09-06T05:20:00,9,5,True
MOVE-000314,PAS-032,Jan Pragati Passenger 032,Passenger,COR-02,SEC-04,2026-09-06,2026-09-06T10:02:00,2026-09-06T10:19:00,7,10,True
MOVE-000315,SUB-033,Gati Suburban 033,Suburban,COR-02,SEC-04,2026-09-06,2026-09-06T14:03:00,2026-09-06T14:14:00,6,8,True
MOVE-000316,GDS-034,Gati Freight 034,Goods,COR-02,SEC-04,2026-09-06,2026-09-06T19:09:00,2026-09-06T19:27:00,4,30,True
MOVE-000317,PAS-041,Jan Pragati Passenger 041,Passenger,COR-02,SEC-05,2026-09-06,2026-09-06T06:03:00,2026-09-06T06:19:00,7,10,True
MOVE-000318,SUB-042,Gati Suburban 042,Suburban,COR-02,SEC-05,2026-09-06,2026-09-06T10:28:00,2026-09-06T10:40:00,6,8,True
MOVE-000319,GDS-043,Gati Freight 043,Goods,COR-02,SEC-05,2026-09-06,2026-09-06T16:04:00,2026-09-06T16:28:00,4,30,True
MOVE-000320,EXP-044,Gati Express 044,Express,COR-02,SEC-05,2026-09-06,2026-09-06T20:09:00,2026-09-06T20:18:00,9,5,True
MOVE-000321,SUB-051,Gati Suburban 051,Suburban,COR-02,SEC-06,2026-09-06,2026-09-06T06:52:00,2026-09-06T07:10:00,6,8,True
MOVE-000322,GDS-052,Gati Freight 052,Goods,COR-02,SEC-06,2026-09-06,2026-09-06T09:00:00,2026-09-06T09:19:00,4,30,True
MOVE-000323,EXP-053,Gati Express 053,Express,COR-02,SEC-06,2026-09-06,2026-09-06T15:07:00,2026-09-06T15:21:00,9,5,True
MOVE-000324,PAS-054,Jan Pragati Passenger 054,Passenger,COR-02,SEC-06,2026-09-06,2026-09-06T18:48:00,2026-09-06T19:10:00,7,10,True
MOVE-000325,GDS-061,Gati Freight 061,Goods,COR-03,SEC-07,2026-09-06,2026-09-06T05:33:00,2026-09-06T06:02:00,4,30,True
MOVE-000326,EXP-062,Gati Express 062,Express,COR-03,SEC-07,2026-09-06,2026-09-06T09:53:00,2026-09-06T10:02:00,9,5,True
MOVE-000327,PAS-063,Jan Pragati Passenger 063,Passenger,COR-03,SEC-07,2026-09-06,2026-09-06T14:14:00,2026-09-06T14:26:00,7,10,True
MOVE-000328,SUB-064,Gati Suburban 064,Suburban,COR-03,SEC-07,2026-09-06,2026-09-06T19:58:00,2026-09-06T20:09:00,6,8,True
MOVE-000329,EXP-071,Gati Express 071,Express,COR-03,SEC-08,2026-09-06,2026-09-06T05:56:00,2026-09-06T06:07:00,9,5,True
MOVE-000330,PAS-072,Jan Pragati Passenger 072,Passenger,COR-03,SEC-08,2026-09-06,2026-09-06T10:29:00,2026-09-06T10:49:00,7,10,True
MOVE-000331,SUB-073,Gati Suburban 073,Suburban,COR-03,SEC-08,2026-09-06,2026-09-06T15:03:00,2026-09-06T15:15:00,6,8,True
MOVE-000332,GDS-074,Gati Freight 074,Goods,COR-03,SEC-08,2026-09-06,2026-09-06T19:45:00,2026-09-06T20:11:00,4,30,True
MOVE-000333,PAS-081,Jan Pragati Passenger 081,Passenger,COR-03,SEC-09,2026-09-06,2026-09-06T05:55:00,2026-09-06T06:09:00,7,10,True
MOVE-000334,SUB-082,Gati Suburban 082,Suburban,COR-03,SEC-09,2026-09-06,2026-09-06T11:21:00,2026-09-06T11:38:00,6,8,True
MOVE-000335,GDS-083,Gati Freight 083,Goods,COR-03,SEC-09,2026-09-06,2026-09-06T14:18:00,2026-09-06T14:37:00,4,30,True
MOVE-000336,EXP-084,Gati Express 084,Express,COR-03,SEC-09,2026-09-06,2026-09-06T19:48:00,2026-09-06T20:02:00,9,5,True
MOVE-000337,SUB-091,Gati Suburban 091,Suburban,COR-04,SEC-10,2026-09-06,2026-09-06T05:15:00,2026-09-06T05:26:00,6,8,True
MOVE-000338,GDS-092,Gati Freight 092,Goods,COR-04,SEC-10,2026-09-06,2026-09-06T10:37:00,2026-09-06T11:01:00,4,30,True
MOVE-000339,EXP-093,Gati Express 093,Express,COR-04,SEC-10,2026-09-06,2026-09-06T14:51:00,2026-09-06T15:01:00,9,5,True
MOVE-000340,PAS-094,Jan Pragati Passenger 094,Passenger,COR-04,SEC-10,2026-09-06,2026-09-06T18:09:00,2026-09-06T18:23:00,7,10,True
MOVE-000341,GDS-101,Gati Freight 101,Goods,COR-04,SEC-11,2026-09-06,2026-09-06T06:44:00,2026-09-06T07:05:00,4,30,True
MOVE-000342,EXP-102,Gati Express 102,Express,COR-04,SEC-11,2026-09-06,2026-09-06T10:51:00,2026-09-06T11:00:00,9,5,True
MOVE-000343,PAS-103,Jan Pragati Passenger 103,Passenger,COR-04,SEC-11,2026-09-06,2026-09-06T16:20:00,2026-09-06T16:39:00,7,10,True
MOVE-000344,SUB-104,Gati Suburban 104,Suburban,COR-04,SEC-11,2026-09-06,2026-09-06T21:25:00,2026-09-06T21:40:00,6,8,True
MOVE-000345,EXP-111,Gati Express 111,Express,COR-04,SEC-12,2026-09-06,2026-09-06T05:41:00,2026-09-06T05:57:00,9,5,True
MOVE-000346,PAS-112,Jan Pragati Passenger 112,Passenger,COR-04,SEC-12,2026-09-06,2026-09-06T09:09:00,2026-09-06T09:29:00,7,10,True
MOVE-000347,SUB-113,Gati Suburban 113,Suburban,COR-04,SEC-12,2026-09-06,2026-09-06T15:32:00,2026-09-06T15:47:00,6,8,True
MOVE-000348,GDS-114,Gati Freight 114,Goods,COR-04,SEC-12,2026-09-06,2026-09-06T20:12:00,2026-09-06T20:33:00,4,30,True
MOVE-000349,PAS-121,Jan Pragati Passenger 121,Passenger,COR-05,SEC-13,2026-09-06,2026-09-06T05:54:00,2026-09-06T06:13:00,7,10,True
MOVE-000350,SUB-122,Gati Suburban 122,Suburban,COR-05,SEC-13,2026-09-06,2026-09-06T10:18:00,2026-09-06T10:30:00,6,8,True
MOVE-000351,GDS-123,Gati Freight 123,Goods,COR-05,SEC-13,2026-09-06,2026-09-06T14:20:00,2026-09-06T14:40:00,4,30,True
MOVE-000352,EXP-124,Gati Express 124,Express,COR-05,SEC-13,2026-09-06,2026-09-06T18:30:00,2026-09-06T18:46:00,9,5,True
MOVE-000353,SUB-131,Gati Suburban 131,Suburban,COR-05,SEC-14,2026-09-06,2026-09-06T05:54:00,2026-09-06T06:08:00,6,8,True
MOVE-000354,GDS-132,Gati Freight 132,Goods,COR-05,SEC-14,2026-09-06,2026-09-06T10:05:00,2026-09-06T10:30:00,4,30,True
MOVE-000355,EXP-133,Gati Express 133,Express,COR-05,SEC-14,2026-09-06,2026-09-06T14:49:00,2026-09-06T15:03:00,9,5,True
MOVE-000356,PAS-134,Jan Pragati Passenger 134,Passenger,COR-05,SEC-14,2026-09-06,2026-09-06T18:22:00,2026-09-06T18:41:00,7,10,True
MOVE-000357,GDS-141,Gati Freight 141,Goods,COR-05,SEC-15,2026-09-06,2026-09-06T06:30:00,2026-09-06T06:49:00,4,30,True
MOVE-000358,EXP-142,Gati Express 142,Express,COR-05,SEC-15,2026-09-06,2026-09-06T09:36:00,2026-09-06T09:50:00,9,5,True
MOVE-000359,PAS-143,Jan Pragati Passenger 143,Passenger,COR-05,SEC-15,2026-09-06,2026-09-06T15:39:00,2026-09-06T15:58:00,7,10,True
MOVE-000360,SUB-144,Gati Suburban 144,Suburban,COR-05,SEC-15,2026-09-06,2026-09-06T18:45:00,2026-09-06T18:58:00,6,8,True
MOVE-000361,SUB-001,Gati Suburban 001,Suburban,COR-01,SEC-01,2026-09-07,2026-09-07T07:04:00,2026-09-07T07:16:00,6,8,True
MOVE-000362,GDS-002,Gati Freight 002,Goods,COR-01,SEC-01,2026-09-07,2026-09-07T09:58:00,2026-09-07T10:25:00,4,30,True
MOVE-000363,EXP-003,Gati Express 003,Express,COR-01,SEC-01,2026-09-07,2026-09-07T15:23:00,2026-09-07T15:35:00,9,5,True
MOVE-000364,PAS-004,Jan Pragati Passenger 004,Passenger,COR-01,SEC-01,2026-09-07,2026-09-07T20:42:00,2026-09-07T21:03:00,7,10,True
MOVE-000365,GDS-011,Gati Freight 011,Goods,COR-01,SEC-02,2026-09-07,2026-09-07T06:58:00,2026-09-07T07:23:00,4,30,True
MOVE-000366,EXP-012,Gati Express 012,Express,COR-01,SEC-02,2026-09-07,2026-09-07T10:33:00,2026-09-07T10:48:00,9,5,True
MOVE-000367,PAS-013,Jan Pragati Passenger 013,Passenger,COR-01,SEC-02,2026-09-07,2026-09-07T15:57:00,2026-09-07T16:14:00,7,10,True
MOVE-000368,SUB-014,Gati Suburban 014,Suburban,COR-01,SEC-02,2026-09-07,2026-09-07T19:32:00,2026-09-07T19:50:00,6,8,True
MOVE-000369,EXP-021,Gati Express 021,Express,COR-01,SEC-03,2026-09-07,2026-09-07T07:07:00,2026-09-07T07:15:00,9,5,True
MOVE-000370,PAS-022,Jan Pragati Passenger 022,Passenger,COR-01,SEC-03,2026-09-07,2026-09-07T10:03:00,2026-09-07T10:21:00,7,10,True
MOVE-000371,SUB-023,Gati Suburban 023,Suburban,COR-01,SEC-03,2026-09-07,2026-09-07T16:22:00,2026-09-07T16:33:00,6,8,True
MOVE-000372,GDS-024,Gati Freight 024,Goods,COR-01,SEC-03,2026-09-07,2026-09-07T19:41:00,2026-09-07T20:05:00,4,30,True
MOVE-000373,PAS-031,Jan Pragati Passenger 031,Passenger,COR-02,SEC-04,2026-09-07,2026-09-07T06:05:00,2026-09-07T06:20:00,7,10,True
MOVE-000374,SUB-032,Gati Suburban 032,Suburban,COR-02,SEC-04,2026-09-07,2026-09-07T09:33:00,2026-09-07T09:43:00,6,8,True
MOVE-000375,GDS-033,Gati Freight 033,Goods,COR-02,SEC-04,2026-09-07,2026-09-07T14:43:00,2026-09-07T15:01:00,4,30,True
MOVE-000376,EXP-034,Gati Express 034,Express,COR-02,SEC-04,2026-09-07,2026-09-07T20:35:00,2026-09-07T20:43:00,9,5,True
MOVE-000377,SUB-041,Gati Suburban 041,Suburban,COR-02,SEC-05,2026-09-07,2026-09-07T05:50:00,2026-09-07T06:06:00,6,8,True
MOVE-000378,GDS-042,Gati Freight 042,Goods,COR-02,SEC-05,2026-09-07,2026-09-07T10:29:00,2026-09-07T10:47:00,4,30,True
MOVE-000379,EXP-043,Gati Express 043,Express,COR-02,SEC-05,2026-09-07,2026-09-07T15:31:00,2026-09-07T15:39:00,9,5,True
MOVE-000380,PAS-044,Jan Pragati Passenger 044,Passenger,COR-02,SEC-05,2026-09-07,2026-09-07T20:05:00,2026-09-07T20:22:00,7,10,True
MOVE-000381,GDS-051,Gati Freight 051,Goods,COR-02,SEC-06,2026-09-07,2026-09-07T05:56:00,2026-09-07T06:15:00,4,30,True
MOVE-000382,EXP-052,Gati Express 052,Express,COR-02,SEC-06,2026-09-07,2026-09-07T10:31:00,2026-09-07T10:39:00,9,5,True
MOVE-000383,PAS-053,Jan Pragati Passenger 053,Passenger,COR-02,SEC-06,2026-09-07,2026-09-07T15:47:00,2026-09-07T16:00:00,7,10,True
MOVE-000384,SUB-054,Gati Suburban 054,Suburban,COR-02,SEC-06,2026-09-07,2026-09-07T18:36:00,2026-09-07T18:46:00,6,8,True
MOVE-000385,EXP-061,Gati Express 061,Express,COR-03,SEC-07,2026-09-07,2026-09-07T05:06:00,2026-09-07T05:15:00,9,5,True
MOVE-000386,PAS-062,Jan Pragati Passenger 062,Passenger,COR-03,SEC-07,2026-09-07,2026-09-07T10:54:00,2026-09-07T11:06:00,7,10,True
MOVE-000387,SUB-063,Gati Suburban 063,Suburban,COR-03,SEC-07,2026-09-07,2026-09-07T14:57:00,2026-09-07T15:14:00,6,8,True
MOVE-000388,GDS-064,Gati Freight 064,Goods,COR-03,SEC-07,2026-09-07,2026-09-07T18:42:00,2026-09-07T19:11:00,4,30,True
MOVE-000389,PAS-071,Jan Pragati Passenger 071,Passenger,COR-03,SEC-08,2026-09-07,2026-09-07T05:37:00,2026-09-07T05:57:00,7,10,True
MOVE-000390,SUB-072,Gati Suburban 072,Suburban,COR-03,SEC-08,2026-09-07,2026-09-07T10:06:00,2026-09-07T10:19:00,6,8,True
MOVE-000391,GDS-073,Gati Freight 073,Goods,COR-03,SEC-08,2026-09-07,2026-09-07T15:53:00,2026-09-07T16:18:00,4,30,True
MOVE-000392,EXP-074,Gati Express 074,Express,COR-03,SEC-08,2026-09-07,2026-09-07T19:35:00,2026-09-07T19:48:00,9,5,True
MOVE-000393,SUB-081,Gati Suburban 081,Suburban,COR-03,SEC-09,2026-09-07,2026-09-07T06:27:00,2026-09-07T06:37:00,6,8,True
MOVE-000394,GDS-082,Gati Freight 082,Goods,COR-03,SEC-09,2026-09-07,2026-09-07T10:46:00,2026-09-07T11:16:00,4,30,True
MOVE-000395,EXP-083,Gati Express 083,Express,COR-03,SEC-09,2026-09-07,2026-09-07T15:45:00,2026-09-07T16:01:00,9,5,True
MOVE-000396,PAS-084,Jan Pragati Passenger 084,Passenger,COR-03,SEC-09,2026-09-07,2026-09-07T20:22:00,2026-09-07T20:39:00,7,10,True
MOVE-000397,GDS-091,Gati Freight 091,Goods,COR-04,SEC-10,2026-09-07,2026-09-07T07:18:00,2026-09-07T07:38:00,4,30,True
MOVE-000398,EXP-092,Gati Express 092,Express,COR-04,SEC-10,2026-09-07,2026-09-07T10:31:00,2026-09-07T10:46:00,9,5,True
MOVE-000399,PAS-093,Jan Pragati Passenger 093,Passenger,COR-04,SEC-10,2026-09-07,2026-09-07T15:37:00,2026-09-07T15:54:00,7,10,True
MOVE-000400,SUB-094,Gati Suburban 094,Suburban,COR-04,SEC-10,2026-09-07,2026-09-07T20:56:00,2026-09-07T21:14:00,6,8,True
MOVE-000401,EXP-101,Gati Express 101,Express,COR-04,SEC-11,2026-09-07,2026-09-07T07:04:00,2026-09-07T07:17:00,9,5,True
MOVE-000402,PAS-102,Jan Pragati Passenger 102,Passenger,COR-04,SEC-11,2026-09-07,2026-09-07T10:25:00,2026-09-07T10:40:00,7,10,True
MOVE-000403,SUB-103,Gati Suburban 103,Suburban,COR-04,SEC-11,2026-09-07,2026-09-07T15:40:00,2026-09-07T15:51:00,6,8,True
MOVE-000404,GDS-104,Gati Freight 104,Goods,COR-04,SEC-11,2026-09-07,2026-09-07T21:00:00,2026-09-07T21:21:00,4,30,True
MOVE-000405,PAS-111,Jan Pragati Passenger 111,Passenger,COR-04,SEC-12,2026-09-07,2026-09-07T07:12:00,2026-09-07T07:29:00,7,10,True
MOVE-000406,SUB-112,Gati Suburban 112,Suburban,COR-04,SEC-12,2026-09-07,2026-09-07T10:52:00,2026-09-07T11:04:00,6,8,True
MOVE-000407,GDS-113,Gati Freight 113,Goods,COR-04,SEC-12,2026-09-07,2026-09-07T15:51:00,2026-09-07T16:09:00,4,30,True
MOVE-000408,EXP-114,Gati Express 114,Express,COR-04,SEC-12,2026-09-07,2026-09-07T18:04:00,2026-09-07T18:16:00,9,5,True
MOVE-000409,SUB-121,Gati Suburban 121,Suburban,COR-05,SEC-13,2026-09-07,2026-09-07T05:24:00,2026-09-07T05:35:00,6,8,True
MOVE-000410,GDS-122,Gati Freight 122,Goods,COR-05,SEC-13,2026-09-07,2026-09-07T11:25:00,2026-09-07T11:46:00,4,30,True
MOVE-000411,EXP-123,Gati Express 123,Express,COR-05,SEC-13,2026-09-07,2026-09-07T14:50:00,2026-09-07T15:05:00,9,5,True
MOVE-000412,PAS-124,Jan Pragati Passenger 124,Passenger,COR-05,SEC-13,2026-09-07,2026-09-07T19:51:00,2026-09-07T20:12:00,7,10,True
MOVE-000413,GDS-131,Gati Freight 131,Goods,COR-05,SEC-14,2026-09-07,2026-09-07T06:25:00,2026-09-07T06:44:00,4,30,True
MOVE-000414,EXP-132,Gati Express 132,Express,COR-05,SEC-14,2026-09-07,2026-09-07T10:19:00,2026-09-07T10:29:00,9,5,True
MOVE-000415,PAS-133,Jan Pragati Passenger 133,Passenger,COR-05,SEC-14,2026-09-07,2026-09-07T14:26:00,2026-09-07T14:47:00,7,10,True
MOVE-000416,SUB-134,Gati Suburban 134,Suburban,COR-05,SEC-14,2026-09-07,2026-09-07T19:23:00,2026-09-07T19:39:00,6,8,True
MOVE-000417,EXP-141,Gati Express 141,Express,COR-05,SEC-15,2026-09-07,2026-09-07T06:50:00,2026-09-07T06:58:00,9,5,True
MOVE-000418,PAS-142,Jan Pragati Passenger 142,Passenger,COR-05,SEC-15,2026-09-07,2026-09-07T10:19:00,2026-09-07T10:38:00,7,10,True
MOVE-000419,SUB-143,Gati Suburban 143,Suburban,COR-05,SEC-15,2026-09-07,2026-09-07T15:43:00,2026-09-07T16:00:00,6,8,True
MOVE-000420,GDS-144,Gati Freight 144,Goods,COR-05,SEC-15,2026-09-07,2026-09-07T18:28:00,2026-09-07T18:49:00,4,30,True
MOVE-000421,GDS-001,Gati Freight 001,Goods,COR-01,SEC-01,2026-09-08,2026-09-08T06:40:00,2026-09-08T07:03:00,4,30,True
MOVE-000422,EXP-002,Gati Express 002,Express,COR-01,SEC-01,2026-09-08,2026-09-08T10:57:00,2026-09-08T11:07:00,9,5,True
MOVE-000423,PAS-003,Jan Pragati Passenger 003,Passenger,COR-01,SEC-01,2026-09-08,2026-09-08T16:08:00,2026-09-08T16:25:00,7,10,True
MOVE-000424,SUB-004,Gati Suburban 004,Suburban,COR-01,SEC-01,2026-09-08,2026-09-08T19:07:00,2026-09-08T19:17:00,6,8,True
MOVE-000425,EXP-011,Gati Express 011,Express,COR-01,SEC-02,2026-09-08,2026-09-08T06:30:00,2026-09-08T06:39:00,9,5,True
MOVE-000426,PAS-012,Jan Pragati Passenger 012,Passenger,COR-01,SEC-02,2026-09-08,2026-09-08T09:47:00,2026-09-08T10:04:00,7,10,True
MOVE-000427,SUB-013,Gati Suburban 013,Suburban,COR-01,SEC-02,2026-09-08,2026-09-08T16:11:00,2026-09-08T16:22:00,6,8,True
MOVE-000428,GDS-014,Gati Freight 014,Goods,COR-01,SEC-02,2026-09-08,2026-09-08T19:51:00,2026-09-08T20:21:00,4,30,True
MOVE-000429,PAS-021,Jan Pragati Passenger 021,Passenger,COR-01,SEC-03,2026-09-08,2026-09-08T06:41:00,2026-09-08T06:58:00,7,10,True
MOVE-000430,SUB-022,Gati Suburban 022,Suburban,COR-01,SEC-03,2026-09-08,2026-09-08T09:32:00,2026-09-08T09:45:00,6,8,True
MOVE-000431,GDS-023,Gati Freight 023,Goods,COR-01,SEC-03,2026-09-08,2026-09-08T16:01:00,2026-09-08T16:21:00,4,30,True
MOVE-000432,EXP-024,Gati Express 024,Express,COR-01,SEC-03,2026-09-08,2026-09-08T20:05:00,2026-09-08T20:13:00,9,5,True
MOVE-000433,SUB-031,Gati Suburban 031,Suburban,COR-02,SEC-04,2026-09-08,2026-09-08T07:22:00,2026-09-08T07:40:00,6,8,True
MOVE-000434,GDS-032,Gati Freight 032,Goods,COR-02,SEC-04,2026-09-08,2026-09-08T09:11:00,2026-09-08T09:31:00,4,30,True
MOVE-000435,EXP-033,Gati Express 033,Express,COR-02,SEC-04,2026-09-08,2026-09-08T15:09:00,2026-09-08T15:23:00,9,5,True
MOVE-000436,PAS-034,Jan Pragati Passenger 034,Passenger,COR-02,SEC-04,2026-09-08,2026-09-08T19:25:00,2026-09-08T19:43:00,7,10,True
MOVE-000437,GDS-041,Gati Freight 041,Goods,COR-02,SEC-05,2026-09-08,2026-09-08T06:37:00,2026-09-08T07:00:00,4,30,True
MOVE-000438,EXP-042,Gati Express 042,Express,COR-02,SEC-05,2026-09-08,2026-09-08T09:43:00,2026-09-08T09:57:00,9,5,True
MOVE-000439,PAS-043,Jan Pragati Passenger 043,Passenger,COR-02,SEC-05,2026-09-08,2026-09-08T16:04:00,2026-09-08T16:17:00,7,10,True
MOVE-000440,SUB-044,Gati Suburban 044,Suburban,COR-02,SEC-05,2026-09-08,2026-09-08T20:30:00,2026-09-08T20:42:00,6,8,True
MOVE-000441,EXP-051,Gati Express 051,Express,COR-02,SEC-06,2026-09-08,2026-09-08T06:28:00,2026-09-08T06:38:00,9,5,True
MOVE-000442,PAS-052,Jan Pragati Passenger 052,Passenger,COR-02,SEC-06,2026-09-08,2026-09-08T09:05:00,2026-09-08T09:18:00,7,10,True
MOVE-000443,SUB-053,Gati Suburban 053,Suburban,COR-02,SEC-06,2026-09-08,2026-09-08T15:11:00,2026-09-08T15:25:00,6,8,True
MOVE-000444,GDS-054,Gati Freight 054,Goods,COR-02,SEC-06,2026-09-08,2026-09-08T19:11:00,2026-09-08T19:38:00,4,30,True
MOVE-000445,PAS-061,Jan Pragati Passenger 061,Passenger,COR-03,SEC-07,2026-09-08,2026-09-08T06:27:00,2026-09-08T06:46:00,7,10,True
MOVE-000446,SUB-062,Gati Suburban 062,Suburban,COR-03,SEC-07,2026-09-08,2026-09-08T09:05:00,2026-09-08T09:19:00,6,8,True
MOVE-000447,GDS-063,Gati Freight 063,Goods,COR-03,SEC-07,2026-09-08,2026-09-08T14:06:00,2026-09-08T14:32:00,4,30,True
MOVE-000448,EXP-064,Gati Express 064,Express,COR-03,SEC-07,2026-09-08,2026-09-08T19:02:00,2026-09-08T19:18:00,9,5,True
MOVE-000449,SUB-071,Gati Suburban 071,Suburban,COR-03,SEC-08,2026-09-08,2026-09-08T06:20:00,2026-09-08T06:33:00,6,8,True
MOVE-000450,GDS-072,Gati Freight 072,Goods,COR-03,SEC-08,2026-09-08,2026-09-08T09:57:00,2026-09-08T10:18:00,4,30,True
MOVE-000451,EXP-073,Gati Express 073,Express,COR-03,SEC-08,2026-09-08,2026-09-08T14:40:00,2026-09-08T14:50:00,9,5,True
MOVE-000452,PAS-074,Jan Pragati Passenger 074,Passenger,COR-03,SEC-08,2026-09-08,2026-09-08T21:19:00,2026-09-08T21:41:00,7,10,True
MOVE-000453,GDS-081,Gati Freight 081,Goods,COR-03,SEC-09,2026-09-08,2026-09-08T05:53:00,2026-09-08T06:15:00,4,30,True
MOVE-000454,EXP-082,Gati Express 082,Express,COR-03,SEC-09,2026-09-08,2026-09-08T10:10:00,2026-09-08T10:20:00,9,5,True
MOVE-000455,PAS-083,Jan Pragati Passenger 083,Passenger,COR-03,SEC-09,2026-09-08,2026-09-08T14:40:00,2026-09-08T14:53:00,7,10,True
MOVE-000456,SUB-084,Gati Suburban 084,Suburban,COR-03,SEC-09,2026-09-08,2026-09-08T20:05:00,2026-09-08T20:16:00,6,8,True
MOVE-000457,EXP-091,Gati Express 091,Express,COR-04,SEC-10,2026-09-08,2026-09-08T06:22:00,2026-09-08T06:30:00,9,5,True
MOVE-000458,PAS-092,Jan Pragati Passenger 092,Passenger,COR-04,SEC-10,2026-09-08,2026-09-08T11:00:00,2026-09-08T11:13:00,7,10,True
MOVE-000459,SUB-093,Gati Suburban 093,Suburban,COR-04,SEC-10,2026-09-08,2026-09-08T14:58:00,2026-09-08T15:16:00,6,8,True
MOVE-000460,GDS-094,Gati Freight 094,Goods,COR-04,SEC-10,2026-09-08,2026-09-08T21:18:00,2026-09-08T21:37:00,4,30,True
MOVE-000461,PAS-101,Jan Pragati Passenger 101,Passenger,COR-04,SEC-11,2026-09-08,2026-09-08T07:17:00,2026-09-08T07:35:00,7,10,True
MOVE-000462,SUB-102,Gati Suburban 102,Suburban,COR-04,SEC-11,2026-09-08,2026-09-08T11:22:00,2026-09-08T11:35:00,6,8,True
MOVE-000463,GDS-103,Gati Freight 103,Goods,COR-04,SEC-11,2026-09-08,2026-09-08T15:53:00,2026-09-08T16:15:00,4,30,True
MOVE-000464,EXP-104,Gati Express 104,Express,COR-04,SEC-11,2026-09-08,2026-09-08T18:32:00,2026-09-08T18:40:00,9,5,True
MOVE-000465,SUB-111,Gati Suburban 111,Suburban,COR-04,SEC-12,2026-09-08,2026-09-08T05:23:00,2026-09-08T05:39:00,6,8,True
MOVE-000466,GDS-112,Gati Freight 112,Goods,COR-04,SEC-12,2026-09-08,2026-09-08T10:05:00,2026-09-08T10:25:00,4,30,True
MOVE-000467,EXP-113,Gati Express 113,Express,COR-04,SEC-12,2026-09-08,2026-09-08T15:09:00,2026-09-08T15:17:00,9,5,True
MOVE-000468,PAS-114,Jan Pragati Passenger 114,Passenger,COR-04,SEC-12,2026-09-08,2026-09-08T19:37:00,2026-09-08T19:54:00,7,10,True
MOVE-000469,GDS-121,Gati Freight 121,Goods,COR-05,SEC-13,2026-09-08,2026-09-08T05:09:00,2026-09-08T05:34:00,4,30,True
MOVE-000470,EXP-122,Gati Express 122,Express,COR-05,SEC-13,2026-09-08,2026-09-08T09:09:00,2026-09-08T09:21:00,9,5,True
MOVE-000471,PAS-123,Jan Pragati Passenger 123,Passenger,COR-05,SEC-13,2026-09-08,2026-09-08T14:01:00,2026-09-08T14:23:00,7,10,True
MOVE-000472,SUB-124,Gati Suburban 124,Suburban,COR-05,SEC-13,2026-09-08,2026-09-08T19:23:00,2026-09-08T19:40:00,6,8,True
MOVE-000473,EXP-131,Gati Express 131,Express,COR-05,SEC-14,2026-09-08,2026-09-08T06:20:00,2026-09-08T06:36:00,9,5,True
MOVE-000474,PAS-132,Jan Pragati Passenger 132,Passenger,COR-05,SEC-14,2026-09-08,2026-09-08T10:16:00,2026-09-08T10:35:00,7,10,True
MOVE-000475,SUB-133,Gati Suburban 133,Suburban,COR-05,SEC-14,2026-09-08,2026-09-08T15:12:00,2026-09-08T15:22:00,6,8,True
MOVE-000476,GDS-134,Gati Freight 134,Goods,COR-05,SEC-14,2026-09-08,2026-09-08T21:05:00,2026-09-08T21:28:00,4,30,True
MOVE-000477,PAS-141,Jan Pragati Passenger 141,Passenger,COR-05,SEC-15,2026-09-08,2026-09-08T05:57:00,2026-09-08T06:17:00,7,10,True
MOVE-000478,SUB-142,Gati Suburban 142,Suburban,COR-05,SEC-15,2026-09-08,2026-09-08T09:37:00,2026-09-08T09:51:00,6,8,True
MOVE-000479,GDS-143,Gati Freight 143,Goods,COR-05,SEC-15,2026-09-08,2026-09-08T15:46:00,2026-09-08T16:11:00,4,30,True
MOVE-000480,EXP-144,Gati Express 144,Express,COR-05,SEC-15,2026-09-08,2026-09-08T19:58:00,2026-09-08T20:11:00,9,5,True
MOVE-000481,EXP-001,Gati Express 001,Express,COR-01,SEC-01,2026-09-09,2026-09-09T06:32:00,2026-09-09T06:42:00,9,5,True
MOVE-000482,PAS-002,Jan Pragati Passenger 002,Passenger,COR-01,SEC-01,2026-09-09,2026-09-09T10:24:00,2026-09-09T10:42:00,7,10,True
MOVE-000483,SUB-003,Gati Suburban 003,Suburban,COR-01,SEC-01,2026-09-09,2026-09-09T15:32:00,2026-09-09T15:45:00,6,8,True
MOVE-000484,GDS-004,Gati Freight 004,Goods,COR-01,SEC-01,2026-09-09,2026-09-09T18:21:00,2026-09-09T18:41:00,4,30,True
MOVE-000485,PAS-011,Jan Pragati Passenger 011,Passenger,COR-01,SEC-02,2026-09-09,2026-09-09T05:49:00,2026-09-09T06:06:00,7,10,True
MOVE-000486,SUB-012,Gati Suburban 012,Suburban,COR-01,SEC-02,2026-09-09,2026-09-09T09:54:00,2026-09-09T10:11:00,6,8,True
MOVE-000487,GDS-013,Gati Freight 013,Goods,COR-01,SEC-02,2026-09-09,2026-09-09T15:27:00,2026-09-09T15:46:00,4,30,True
MOVE-000488,EXP-014,Gati Express 014,Express,COR-01,SEC-02,2026-09-09,2026-09-09T20:42:00,2026-09-09T20:50:00,9,5,True
MOVE-000489,SUB-021,Gati Suburban 021,Suburban,COR-01,SEC-03,2026-09-09,2026-09-09T06:34:00,2026-09-09T06:50:00,6,8,True
MOVE-000490,GDS-022,Gati Freight 022,Goods,COR-01,SEC-03,2026-09-09,2026-09-09T11:09:00,2026-09-09T11:38:00,4,30,True
MOVE-000491,EXP-023,Gati Express 023,Express,COR-01,SEC-03,2026-09-09,2026-09-09T15:46:00,2026-09-09T16:00:00,9,5,True
MOVE-000492,PAS-024,Jan Pragati Passenger 024,Passenger,COR-01,SEC-03,2026-09-09,2026-09-09T19:31:00,2026-09-09T19:51:00,7,10,True
MOVE-000493,GDS-031,Gati Freight 031,Goods,COR-02,SEC-04,2026-09-09,2026-09-09T05:47:00,2026-09-09T06:15:00,4,30,True
MOVE-000494,EXP-032,Gati Express 032,Express,COR-02,SEC-04,2026-09-09,2026-09-09T09:40:00,2026-09-09T09:54:00,9,5,True
MOVE-000495,PAS-033,Jan Pragati Passenger 033,Passenger,COR-02,SEC-04,2026-09-09,2026-09-09T14:51:00,2026-09-09T15:11:00,7,10,True
MOVE-000496,SUB-034,Gati Suburban 034,Suburban,COR-02,SEC-04,2026-09-09,2026-09-09T19:43:00,2026-09-09T19:59:00,6,8,True
MOVE-000497,EXP-041,Gati Express 041,Express,COR-02,SEC-05,2026-09-09,2026-09-09T05:26:00,2026-09-09T05:41:00,9,5,True
MOVE-000498,PAS-042,Jan Pragati Passenger 042,Passenger,COR-02,SEC-05,2026-09-09,2026-09-09T10:14:00,2026-09-09T10:36:00,7,10,True
MOVE-000499,SUB-043,Gati Suburban 043,Suburban,COR-02,SEC-05,2026-09-09,2026-09-09T15:06:00,2026-09-09T15:19:00,6,8,True
MOVE-000500,GDS-044,Gati Freight 044,Goods,COR-02,SEC-05,2026-09-09,2026-09-09T20:53:00,2026-09-09T21:20:00,4,30,True
MOVE-000501,PAS-051,Jan Pragati Passenger 051,Passenger,COR-02,SEC-06,2026-09-09,2026-09-09T05:47:00,2026-09-09T06:06:00,7,10,True
MOVE-000502,SUB-052,Gati Suburban 052,Suburban,COR-02,SEC-06,2026-09-09,2026-09-09T09:22:00,2026-09-09T09:37:00,6,8,True
MOVE-000503,GDS-053,Gati Freight 053,Goods,COR-02,SEC-06,2026-09-09,2026-09-09T14:39:00,2026-09-09T15:04:00,4,30,True
MOVE-000504,EXP-054,Gati Express 054,Express,COR-02,SEC-06,2026-09-09,2026-09-09T20:05:00,2026-09-09T20:14:00,9,5,True
MOVE-000505,SUB-061,Gati Suburban 061,Suburban,COR-03,SEC-07,2026-09-09,2026-09-09T05:34:00,2026-09-09T05:48:00,6,8,True
MOVE-000506,GDS-062,Gati Freight 062,Goods,COR-03,SEC-07,2026-09-09,2026-09-09T09:59:00,2026-09-09T10:21:00,4,30,True
MOVE-000507,EXP-063,Gati Express 063,Express,COR-03,SEC-07,2026-09-09,2026-09-09T14:07:00,2026-09-09T14:19:00,9,5,True
MOVE-000508,PAS-064,Jan Pragati Passenger 064,Passenger,COR-03,SEC-07,2026-09-09,2026-09-09T18:18:00,2026-09-09T18:30:00,7,10,True
MOVE-000509,GDS-071,Gati Freight 071,Goods,COR-03,SEC-08,2026-09-09,2026-09-09T05:18:00,2026-09-09T05:41:00,4,30,True
MOVE-000510,EXP-072,Gati Express 072,Express,COR-03,SEC-08,2026-09-09,2026-09-09T10:38:00,2026-09-09T10:46:00,9,5,True
MOVE-000511,PAS-073,Jan Pragati Passenger 073,Passenger,COR-03,SEC-08,2026-09-09,2026-09-09T14:48:00,2026-09-09T15:09:00,7,10,True
MOVE-000512,SUB-074,Gati Suburban 074,Suburban,COR-03,SEC-08,2026-09-09,2026-09-09T20:15:00,2026-09-09T20:31:00,6,8,True
MOVE-000513,EXP-081,Gati Express 081,Express,COR-03,SEC-09,2026-09-09,2026-09-09T06:35:00,2026-09-09T06:44:00,9,5,True
MOVE-000514,PAS-082,Jan Pragati Passenger 082,Passenger,COR-03,SEC-09,2026-09-09,2026-09-09T10:20:00,2026-09-09T10:33:00,7,10,True
MOVE-000515,SUB-083,Gati Suburban 083,Suburban,COR-03,SEC-09,2026-09-09,2026-09-09T15:18:00,2026-09-09T15:36:00,6,8,True
MOVE-000516,GDS-084,Gati Freight 084,Goods,COR-03,SEC-09,2026-09-09,2026-09-09T20:14:00,2026-09-09T20:42:00,4,30,True
MOVE-000517,PAS-091,Jan Pragati Passenger 091,Passenger,COR-04,SEC-10,2026-09-09,2026-09-09T06:43:00,2026-09-09T06:58:00,7,10,True
MOVE-000518,SUB-092,Gati Suburban 092,Suburban,COR-04,SEC-10,2026-09-09,2026-09-09T10:02:00,2026-09-09T10:16:00,6,8,True
MOVE-000519,GDS-093,Gati Freight 093,Goods,COR-04,SEC-10,2026-09-09,2026-09-09T14:43:00,2026-09-09T15:11:00,4,30,True
MOVE-000520,EXP-094,Gati Express 094,Express,COR-04,SEC-10,2026-09-09,2026-09-09T20:50:00,2026-09-09T21:04:00,9,5,True
MOVE-000521,SUB-101,Gati Suburban 101,Suburban,COR-04,SEC-11,2026-09-09,2026-09-09T05:11:00,2026-09-09T05:27:00,6,8,True
MOVE-000522,GDS-102,Gati Freight 102,Goods,COR-04,SEC-11,2026-09-09,2026-09-09T10:45:00,2026-09-09T11:07:00,4,30,True
MOVE-000523,EXP-103,Gati Express 103,Express,COR-04,SEC-11,2026-09-09,2026-09-09T15:57:00,2026-09-09T16:09:00,9,5,True
MOVE-000524,PAS-104,Jan Pragati Passenger 104,Passenger,COR-04,SEC-11,2026-09-09,2026-09-09T18:14:00,2026-09-09T18:34:00,7,10,True
MOVE-000525,GDS-111,Gati Freight 111,Goods,COR-04,SEC-12,2026-09-09,2026-09-09T07:05:00,2026-09-09T07:34:00,4,30,True
MOVE-000526,EXP-112,Gati Express 112,Express,COR-04,SEC-12,2026-09-09,2026-09-09T09:13:00,2026-09-09T09:22:00,9,5,True
MOVE-000527,PAS-113,Jan Pragati Passenger 113,Passenger,COR-04,SEC-12,2026-09-09,2026-09-09T14:53:00,2026-09-09T15:08:00,7,10,True
MOVE-000528,SUB-114,Gati Suburban 114,Suburban,COR-04,SEC-12,2026-09-09,2026-09-09T20:43:00,2026-09-09T20:53:00,6,8,True
MOVE-000529,EXP-121,Gati Express 121,Express,COR-05,SEC-13,2026-09-09,2026-09-09T07:03:00,2026-09-09T07:12:00,9,5,True
MOVE-000530,PAS-122,Jan Pragati Passenger 122,Passenger,COR-05,SEC-13,2026-09-09,2026-09-09T09:02:00,2026-09-09T09:24:00,7,10,True
MOVE-000531,SUB-123,Gati Suburban 123,Suburban,COR-05,SEC-13,2026-09-09,2026-09-09T15:08:00,2026-09-09T15:24:00,6,8,True
MOVE-000532,GDS-124,Gati Freight 124,Goods,COR-05,SEC-13,2026-09-09,2026-09-09T18:40:00,2026-09-09T19:08:00,4,30,True
MOVE-000533,PAS-131,Jan Pragati Passenger 131,Passenger,COR-05,SEC-14,2026-09-09,2026-09-09T06:40:00,2026-09-09T06:56:00,7,10,True
MOVE-000534,SUB-132,Gati Suburban 132,Suburban,COR-05,SEC-14,2026-09-09,2026-09-09T10:36:00,2026-09-09T10:48:00,6,8,True
MOVE-000535,GDS-133,Gati Freight 133,Goods,COR-05,SEC-14,2026-09-09,2026-09-09T15:52:00,2026-09-09T16:18:00,4,30,True
MOVE-000536,EXP-134,Gati Express 134,Express,COR-05,SEC-14,2026-09-09,2026-09-09T19:50:00,2026-09-09T19:58:00,9,5,True
MOVE-000537,SUB-141,Gati Suburban 141,Suburban,COR-05,SEC-15,2026-09-09,2026-09-09T05:11:00,2026-09-09T05:28:00,6,8,True
MOVE-000538,GDS-142,Gati Freight 142,Goods,COR-05,SEC-15,2026-09-09,2026-09-09T10:20:00,2026-09-09T10:43:00,4,30,True
MOVE-000539,EXP-143,Gati Express 143,Express,COR-05,SEC-15,2026-09-09,2026-09-09T14:35:00,2026-09-09T14:51:00,9,5,True
MOVE-000540,PAS-144,Jan Pragati Passenger 144,Passenger,COR-05,SEC-15,2026-09-09,2026-09-09T20:39:00,2026-09-09T21:00:00,7,10,True
MOVE-000541,PAS-001,Jan Pragati Passenger 001,Passenger,COR-01,SEC-01,2026-09-10,2026-09-10T06:03:00,2026-09-10T06:19:00,7,10,True
MOVE-000542,SUB-002,Gati Suburban 002,Suburban,COR-01,SEC-01,2026-09-10,2026-09-10T09:15:00,2026-09-10T09:32:00,6,8,True
MOVE-000543,GDS-003,Gati Freight 003,Goods,COR-01,SEC-01,2026-09-10,2026-09-10T16:02:00,2026-09-10T16:20:00,4,30,True
MOVE-000544,EXP-004,Gati Express 004,Express,COR-01,SEC-01,2026-09-10,2026-09-10T20:28:00,2026-09-10T20:38:00,9,5,True
MOVE-000545,SUB-011,Gati Suburban 011,Suburban,COR-01,SEC-02,2026-09-10,2026-09-10T07:20:00,2026-09-10T07:31:00,6,8,True
MOVE-000546,GDS-012,Gati Freight 012,Goods,COR-01,SEC-02,2026-09-10,2026-09-10T10:54:00,2026-09-10T11:23:00,4,30,True
MOVE-000547,EXP-013,Gati Express 013,Express,COR-01,SEC-02,2026-09-10,2026-09-10T15:40:00,2026-09-10T15:53:00,9,5,True
MOVE-000548,PAS-014,Jan Pragati Passenger 014,Passenger,COR-01,SEC-02,2026-09-10,2026-09-10T18:16:00,2026-09-10T18:38:00,7,10,True
MOVE-000549,GDS-021,Gati Freight 021,Goods,COR-01,SEC-03,2026-09-10,2026-09-10T05:56:00,2026-09-10T06:20:00,4,30,True
MOVE-000550,EXP-022,Gati Express 022,Express,COR-01,SEC-03,2026-09-10,2026-09-10T11:05:00,2026-09-10T11:13:00,9,5,True
MOVE-000551,PAS-023,Jan Pragati Passenger 023,Passenger,COR-01,SEC-03,2026-09-10,2026-09-10T16:09:00,2026-09-10T16:30:00,7,10,True
MOVE-000552,SUB-024,Gati Suburban 024,Suburban,COR-01,SEC-03,2026-09-10,2026-09-10T18:03:00,2026-09-10T18:18:00,6,8,True
MOVE-000553,EXP-031,Gati Express 031,Express,COR-02,SEC-04,2026-09-10,2026-09-10T06:22:00,2026-09-10T06:33:00,9,5,True
MOVE-000554,PAS-032,Jan Pragati Passenger 032,Passenger,COR-02,SEC-04,2026-09-10,2026-09-10T11:25:00,2026-09-10T11:44:00,7,10,True
MOVE-000555,SUB-033,Gati Suburban 033,Suburban,COR-02,SEC-04,2026-09-10,2026-09-10T14:32:00,2026-09-10T14:47:00,6,8,True
MOVE-000556,GDS-034,Gati Freight 034,Goods,COR-02,SEC-04,2026-09-10,2026-09-10T20:25:00,2026-09-10T20:45:00,4,30,True
MOVE-000557,PAS-041,Jan Pragati Passenger 041,Passenger,COR-02,SEC-05,2026-09-10,2026-09-10T07:01:00,2026-09-10T07:21:00,7,10,True
MOVE-000558,SUB-042,Gati Suburban 042,Suburban,COR-02,SEC-05,2026-09-10,2026-09-10T10:38:00,2026-09-10T10:49:00,6,8,True
MOVE-000559,GDS-043,Gati Freight 043,Goods,COR-02,SEC-05,2026-09-10,2026-09-10T15:31:00,2026-09-10T15:50:00,4,30,True
MOVE-000560,EXP-044,Gati Express 044,Express,COR-02,SEC-05,2026-09-10,2026-09-10T20:19:00,2026-09-10T20:35:00,9,5,True
MOVE-000561,SUB-051,Gati Suburban 051,Suburban,COR-02,SEC-06,2026-09-10,2026-09-10T06:19:00,2026-09-10T06:31:00,6,8,True
MOVE-000562,GDS-052,Gati Freight 052,Goods,COR-02,SEC-06,2026-09-10,2026-09-10T09:59:00,2026-09-10T10:23:00,4,30,True
MOVE-000563,EXP-053,Gati Express 053,Express,COR-02,SEC-06,2026-09-10,2026-09-10T15:19:00,2026-09-10T15:31:00,9,5,True
MOVE-000564,PAS-054,Jan Pragati Passenger 054,Passenger,COR-02,SEC-06,2026-09-10,2026-09-10T21:04:00,2026-09-10T21:20:00,7,10,True
MOVE-000565,GDS-061,Gati Freight 061,Goods,COR-03,SEC-07,2026-09-10,2026-09-10T05:55:00,2026-09-10T06:23:00,4,30,True
MOVE-000566,EXP-062,Gati Express 062,Express,COR-03,SEC-07,2026-09-10,2026-09-10T10:16:00,2026-09-10T10:31:00,9,5,True
MOVE-000567,PAS-063,Jan Pragati Passenger 063,Passenger,COR-03,SEC-07,2026-09-10,2026-09-10T16:01:00,2026-09-10T16:14:00,7,10,True
MOVE-000568,SUB-064,Gati Suburban 064,Suburban,COR-03,SEC-07,2026-09-10,2026-09-10T18:33:00,2026-09-10T18:44:00,6,8,True
MOVE-000569,EXP-071,Gati Express 071,Express,COR-03,SEC-08,2026-09-10,2026-09-10T06:22:00,2026-09-10T06:30:00,9,5,True
MOVE-000570,PAS-072,Jan Pragati Passenger 072,Passenger,COR-03,SEC-08,2026-09-10,2026-09-10T10:16:00,2026-09-10T10:32:00,7,10,True
MOVE-000571,SUB-073,Gati Suburban 073,Suburban,COR-03,SEC-08,2026-09-10,2026-09-10T16:09:00,2026-09-10T16:26:00,6,8,True
MOVE-000572,GDS-074,Gati Freight 074,Goods,COR-03,SEC-08,2026-09-10,2026-09-10T20:19:00,2026-09-10T20:39:00,4,30,True
MOVE-000573,PAS-081,Jan Pragati Passenger 081,Passenger,COR-03,SEC-09,2026-09-10,2026-09-10T06:26:00,2026-09-10T06:48:00,7,10,True
MOVE-000574,SUB-082,Gati Suburban 082,Suburban,COR-03,SEC-09,2026-09-10,2026-09-10T09:48:00,2026-09-10T09:58:00,6,8,True
MOVE-000575,GDS-083,Gati Freight 083,Goods,COR-03,SEC-09,2026-09-10,2026-09-10T14:05:00,2026-09-10T14:24:00,4,30,True
MOVE-000576,EXP-084,Gati Express 084,Express,COR-03,SEC-09,2026-09-10,2026-09-10T20:01:00,2026-09-10T20:14:00,9,5,True
MOVE-000577,SUB-091,Gati Suburban 091,Suburban,COR-04,SEC-10,2026-09-10,2026-09-10T05:53:00,2026-09-10T06:05:00,6,8,True
MOVE-000578,GDS-092,Gati Freight 092,Goods,COR-04,SEC-10,2026-09-10,2026-09-10T10:10:00,2026-09-10T10:37:00,4,30,True
MOVE-000579,EXP-093,Gati Express 093,Express,COR-04,SEC-10,2026-09-10,2026-09-10T14:01:00,2026-09-10T14:13:00,9,5,True
MOVE-000580,PAS-094,Jan Pragati Passenger 094,Passenger,COR-04,SEC-10,2026-09-10,2026-09-10T18:53:00,2026-09-10T19:05:00,7,10,True
MOVE-000581,GDS-101,Gati Freight 101,Goods,COR-04,SEC-11,2026-09-10,2026-09-10T05:23:00,2026-09-10T05:44:00,4,30,True
MOVE-000582,EXP-102,Gati Express 102,Express,COR-04,SEC-11,2026-09-10,2026-09-10T09:32:00,2026-09-10T09:43:00,9,5,True
MOVE-000583,PAS-103,Jan Pragati Passenger 103,Passenger,COR-04,SEC-11,2026-09-10,2026-09-10T14:18:00,2026-09-10T14:38:00,7,10,True
MOVE-000584,SUB-104,Gati Suburban 104,Suburban,COR-04,SEC-11,2026-09-10,2026-09-10T19:40:00,2026-09-10T19:57:00,6,8,True
MOVE-000585,EXP-111,Gati Express 111,Express,COR-04,SEC-12,2026-09-10,2026-09-10T05:02:00,2026-09-10T05:10:00,9,5,True
MOVE-000586,PAS-112,Jan Pragati Passenger 112,Passenger,COR-04,SEC-12,2026-09-10,2026-09-10T11:14:00,2026-09-10T11:35:00,7,10,True
MOVE-000587,SUB-113,Gati Suburban 113,Suburban,COR-04,SEC-12,2026-09-10,2026-09-10T14:22:00,2026-09-10T14:39:00,6,8,True
MOVE-000588,GDS-114,Gati Freight 114,Goods,COR-04,SEC-12,2026-09-10,2026-09-10T19:43:00,2026-09-10T20:05:00,4,30,True
MOVE-000589,PAS-121,Jan Pragati Passenger 121,Passenger,COR-05,SEC-13,2026-09-10,2026-09-10T05:32:00,2026-09-10T05:47:00,7,10,True
MOVE-000590,SUB-122,Gati Suburban 122,Suburban,COR-05,SEC-13,2026-09-10,2026-09-10T09:31:00,2026-09-10T09:47:00,6,8,True
MOVE-000591,GDS-123,Gati Freight 123,Goods,COR-05,SEC-13,2026-09-10,2026-09-10T15:25:00,2026-09-10T15:49:00,4,30,True
MOVE-000592,EXP-124,Gati Express 124,Express,COR-05,SEC-13,2026-09-10,2026-09-10T21:06:00,2026-09-10T21:16:00,9,5,True
MOVE-000593,SUB-131,Gati Suburban 131,Suburban,COR-05,SEC-14,2026-09-10,2026-09-10T06:51:00,2026-09-10T07:09:00,6,8,True
MOVE-000594,GDS-132,Gati Freight 132,Goods,COR-05,SEC-14,2026-09-10,2026-09-10T10:27:00,2026-09-10T10:55:00,4,30,True
MOVE-000595,EXP-133,Gati Express 133,Express,COR-05,SEC-14,2026-09-10,2026-09-10T14:28:00,2026-09-10T14:41:00,9,5,True
MOVE-000596,PAS-134,Jan Pragati Passenger 134,Passenger,COR-05,SEC-14,2026-09-10,2026-09-10T18:17:00,2026-09-10T18:31:00,7,10,True
MOVE-000597,GDS-141,Gati Freight 141,Goods,COR-05,SEC-15,2026-09-10,2026-09-10T05:22:00,2026-09-10T05:52:00,4,30,True
MOVE-000598,EXP-142,Gati Express 142,Express,COR-05,SEC-15,2026-09-10,2026-09-10T11:02:00,2026-09-10T11:18:00,9,5,True
MOVE-000599,PAS-143,Jan Pragati Passenger 143,Passenger,COR-05,SEC-15,2026-09-10,2026-09-10T14:31:00,2026-09-10T14:43:00,7,10,True
MOVE-000600,SUB-144,Gati Suburban 144,Suburban,COR-05,SEC-15,2026-09-10,2026-09-10T21:08:00,2026-09-10T21:19:00,6,8,True
MOVE-000601,SUB-001,Gati Suburban 001,Suburban,COR-01,SEC-01,2026-09-11,2026-09-11T05:19:00,2026-09-11T05:35:00,6,8,True
MOVE-000602,GDS-002,Gati Freight 002,Goods,COR-01,SEC-01,2026-09-11,2026-09-11T10:42:00,2026-09-11T11:03:00,4,30,True
MOVE-000603,EXP-003,Gati Express 003,Express,COR-01,SEC-01,2026-09-11,2026-09-11T15:11:00,2026-09-11T15:24:00,9,5,True
MOVE-000604,PAS-004,Jan Pragati Passenger 004,Passenger,COR-01,SEC-01,2026-09-11,2026-09-11T20:01:00,2026-09-11T20:16:00,7,10,True
MOVE-000605,GDS-011,Gati Freight 011,Goods,COR-01,SEC-02,2026-09-11,2026-09-11T05:00:00,2026-09-11T05:23:00,4,30,True
MOVE-000606,EXP-012,Gati Express 012,Express,COR-01,SEC-02,2026-09-11,2026-09-11T09:30:00,2026-09-11T09:40:00,9,5,True
MOVE-000607,PAS-013,Jan Pragati Passenger 013,Passenger,COR-01,SEC-02,2026-09-11,2026-09-11T15:36:00,2026-09-11T15:57:00,7,10,True
MOVE-000608,SUB-014,Gati Suburban 014,Suburban,COR-01,SEC-02,2026-09-11,2026-09-11T19:50:00,2026-09-11T20:04:00,6,8,True
MOVE-000609,EXP-021,Gati Express 021,Express,COR-01,SEC-03,2026-09-11,2026-09-11T05:47:00,2026-09-11T05:58:00,9,5,True
MOVE-000610,PAS-022,Jan Pragati Passenger 022,Passenger,COR-01,SEC-03,2026-09-11,2026-09-11T09:10:00,2026-09-11T09:30:00,7,10,True
MOVE-000611,SUB-023,Gati Suburban 023,Suburban,COR-01,SEC-03,2026-09-11,2026-09-11T15:41:00,2026-09-11T15:58:00,6,8,True
MOVE-000612,GDS-024,Gati Freight 024,Goods,COR-01,SEC-03,2026-09-11,2026-09-11T20:07:00,2026-09-11T20:33:00,4,30,True
MOVE-000613,PAS-031,Jan Pragati Passenger 031,Passenger,COR-02,SEC-04,2026-09-11,2026-09-11T06:37:00,2026-09-11T06:56:00,7,10,True
MOVE-000614,SUB-032,Gati Suburban 032,Suburban,COR-02,SEC-04,2026-09-11,2026-09-11T09:50:00,2026-09-11T10:04:00,6,8,True
MOVE-000615,GDS-033,Gati Freight 033,Goods,COR-02,SEC-04,2026-09-11,2026-09-11T15:07:00,2026-09-11T15:34:00,4,30,True
MOVE-000616,EXP-034,Gati Express 034,Express,COR-02,SEC-04,2026-09-11,2026-09-11T19:27:00,2026-09-11T19:41:00,9,5,True
MOVE-000617,SUB-041,Gati Suburban 041,Suburban,COR-02,SEC-05,2026-09-11,2026-09-11T05:37:00,2026-09-11T05:50:00,6,8,True
MOVE-000618,GDS-042,Gati Freight 042,Goods,COR-02,SEC-05,2026-09-11,2026-09-11T11:22:00,2026-09-11T11:43:00,4,30,True
MOVE-000619,EXP-043,Gati Express 043,Express,COR-02,SEC-05,2026-09-11,2026-09-11T15:26:00,2026-09-11T15:38:00,9,5,True
MOVE-000620,PAS-044,Jan Pragati Passenger 044,Passenger,COR-02,SEC-05,2026-09-11,2026-09-11T18:39:00,2026-09-11T18:51:00,7,10,True
MOVE-000621,GDS-051,Gati Freight 051,Goods,COR-02,SEC-06,2026-09-11,2026-09-11T06:13:00,2026-09-11T06:32:00,4,30,True
MOVE-000622,EXP-052,Gati Express 052,Express,COR-02,SEC-06,2026-09-11,2026-09-11T09:05:00,2026-09-11T09:14:00,9,5,True
MOVE-000623,PAS-053,Jan Pragati Passenger 053,Passenger,COR-02,SEC-06,2026-09-11,2026-09-11T15:18:00,2026-09-11T15:37:00,7,10,True
MOVE-000624,SUB-054,Gati Suburban 054,Suburban,COR-02,SEC-06,2026-09-11,2026-09-11T21:12:00,2026-09-11T21:23:00,6,8,True
MOVE-000625,EXP-061,Gati Express 061,Express,COR-03,SEC-07,2026-09-11,2026-09-11T06:28:00,2026-09-11T06:39:00,9,5,True
MOVE-000626,PAS-062,Jan Pragati Passenger 062,Passenger,COR-03,SEC-07,2026-09-11,2026-09-11T09:28:00,2026-09-11T09:43:00,7,10,True
MOVE-000627,SUB-063,Gati Suburban 063,Suburban,COR-03,SEC-07,2026-09-11,2026-09-11T16:03:00,2026-09-11T16:13:00,6,8,True
MOVE-000628,GDS-064,Gati Freight 064,Goods,COR-03,SEC-07,2026-09-11,2026-09-11T18:47:00,2026-09-11T19:11:00,4,30,True
MOVE-000629,PAS-071,Jan Pragati Passenger 071,Passenger,COR-03,SEC-08,2026-09-11,2026-09-11T07:17:00,2026-09-11T07:38:00,7,10,True
MOVE-000630,SUB-072,Gati Suburban 072,Suburban,COR-03,SEC-08,2026-09-11,2026-09-11T11:10:00,2026-09-11T11:22:00,6,8,True
MOVE-000631,GDS-073,Gati Freight 073,Goods,COR-03,SEC-08,2026-09-11,2026-09-11T14:05:00,2026-09-11T14:34:00,4,30,True
MOVE-000632,EXP-074,Gati Express 074,Express,COR-03,SEC-08,2026-09-11,2026-09-11T19:38:00,2026-09-11T19:50:00,9,5,True
MOVE-000633,SUB-081,Gati Suburban 081,Suburban,COR-03,SEC-09,2026-09-11,2026-09-11T05:10:00,2026-09-11T05:23:00,6,8,True
MOVE-000634,GDS-082,Gati Freight 082,Goods,COR-03,SEC-09,2026-09-11,2026-09-11T11:11:00,2026-09-11T11:32:00,4,30,True
MOVE-000635,EXP-083,Gati Express 083,Express,COR-03,SEC-09,2026-09-11,2026-09-11T14:11:00,2026-09-11T14:26:00,9,5,True
MOVE-000636,PAS-084,Jan Pragati Passenger 084,Passenger,COR-03,SEC-09,2026-09-11,2026-09-11T19:42:00,2026-09-11T20:01:00,7,10,True
MOVE-000637,GDS-091,Gati Freight 091,Goods,COR-04,SEC-10,2026-09-11,2026-09-11T05:33:00,2026-09-11T05:55:00,4,30,True
MOVE-000638,EXP-092,Gati Express 092,Express,COR-04,SEC-10,2026-09-11,2026-09-11T10:41:00,2026-09-11T10:52:00,9,5,True
MOVE-000639,PAS-093,Jan Pragati Passenger 093,Passenger,COR-04,SEC-10,2026-09-11,2026-09-11T15:54:00,2026-09-11T16:06:00,7,10,True
MOVE-000640,SUB-094,Gati Suburban 094,Suburban,COR-04,SEC-10,2026-09-11,2026-09-11T18:47:00,2026-09-11T19:02:00,6,8,True
MOVE-000641,EXP-101,Gati Express 101,Express,COR-04,SEC-11,2026-09-11,2026-09-11T05:01:00,2026-09-11T05:14:00,9,5,True
MOVE-000642,PAS-102,Jan Pragati Passenger 102,Passenger,COR-04,SEC-11,2026-09-11,2026-09-11T09:19:00,2026-09-11T09:35:00,7,10,True
MOVE-000643,SUB-103,Gati Suburban 103,Suburban,COR-04,SEC-11,2026-09-11,2026-09-11T16:23:00,2026-09-11T16:38:00,6,8,True
MOVE-000644,GDS-104,Gati Freight 104,Goods,COR-04,SEC-11,2026-09-11,2026-09-11T20:53:00,2026-09-11T21:11:00,4,30,True
MOVE-000645,PAS-111,Jan Pragati Passenger 111,Passenger,COR-04,SEC-12,2026-09-11,2026-09-11T07:11:00,2026-09-11T07:31:00,7,10,True
MOVE-000646,SUB-112,Gati Suburban 112,Suburban,COR-04,SEC-12,2026-09-11,2026-09-11T10:31:00,2026-09-11T10:48:00,6,8,True
MOVE-000647,GDS-113,Gati Freight 113,Goods,COR-04,SEC-12,2026-09-11,2026-09-11T15:32:00,2026-09-11T15:52:00,4,30,True
MOVE-000648,EXP-114,Gati Express 114,Express,COR-04,SEC-12,2026-09-11,2026-09-11T21:13:00,2026-09-11T21:21:00,9,5,True
MOVE-000649,SUB-121,Gati Suburban 121,Suburban,COR-05,SEC-13,2026-09-11,2026-09-11T06:50:00,2026-09-11T07:07:00,6,8,True
MOVE-000650,GDS-122,Gati Freight 122,Goods,COR-05,SEC-13,2026-09-11,2026-09-11T10:15:00,2026-09-11T10:34:00,4,30,True
MOVE-000651,EXP-123,Gati Express 123,Express,COR-05,SEC-13,2026-09-11,2026-09-11T16:08:00,2026-09-11T16:16:00,9,5,True
MOVE-000652,PAS-124,Jan Pragati Passenger 124,Passenger,COR-05,SEC-13,2026-09-11,2026-09-11T20:05:00,2026-09-11T20:22:00,7,10,True
MOVE-000653,GDS-131,Gati Freight 131,Goods,COR-05,SEC-14,2026-09-11,2026-09-11T05:18:00,2026-09-11T05:44:00,4,30,True
MOVE-000654,EXP-132,Gati Express 132,Express,COR-05,SEC-14,2026-09-11,2026-09-11T10:12:00,2026-09-11T10:23:00,9,5,True
MOVE-000655,PAS-133,Jan Pragati Passenger 133,Passenger,COR-05,SEC-14,2026-09-11,2026-09-11T14:17:00,2026-09-11T14:39:00,7,10,True
MOVE-000656,SUB-134,Gati Suburban 134,Suburban,COR-05,SEC-14,2026-09-11,2026-09-11T20:25:00,2026-09-11T20:41:00,6,8,True
MOVE-000657,EXP-141,Gati Express 141,Express,COR-05,SEC-15,2026-09-11,2026-09-11T07:04:00,2026-09-11T07:13:00,9,5,True
MOVE-000658,PAS-142,Jan Pragati Passenger 142,Passenger,COR-05,SEC-15,2026-09-11,2026-09-11T10:16:00,2026-09-11T10:30:00,7,10,True
MOVE-000659,SUB-143,Gati Suburban 143,Suburban,COR-05,SEC-15,2026-09-11,2026-09-11T14:33:00,2026-09-11T14:43:00,6,8,True
MOVE-000660,GDS-144,Gati Freight 144,Goods,COR-05,SEC-15,2026-09-11,2026-09-11T20:24:00,2026-09-11T20:51:00,4,30,True
MOVE-000661,GDS-001,Gati Freight 001,Goods,COR-01,SEC-01,2026-09-12,2026-09-12T07:01:00,2026-09-12T07:27:00,4,30,True
MOVE-000662,EXP-002,Gati Express 002,Express,COR-01,SEC-01,2026-09-12,2026-09-12T10:06:00,2026-09-12T10:15:00,9,5,True
MOVE-000663,PAS-003,Jan Pragati Passenger 003,Passenger,COR-01,SEC-01,2026-09-12,2026-09-12T15:46:00,2026-09-12T15:58:00,7,10,True
MOVE-000664,SUB-004,Gati Suburban 004,Suburban,COR-01,SEC-01,2026-09-12,2026-09-12T18:07:00,2026-09-12T18:20:00,6,8,True
MOVE-000665,EXP-011,Gati Express 011,Express,COR-01,SEC-02,2026-09-12,2026-09-12T05:50:00,2026-09-12T05:58:00,9,5,True
MOVE-000666,PAS-012,Jan Pragati Passenger 012,Passenger,COR-01,SEC-02,2026-09-12,2026-09-12T10:17:00,2026-09-12T10:32:00,7,10,True
MOVE-000667,SUB-013,Gati Suburban 013,Suburban,COR-01,SEC-02,2026-09-12,2026-09-12T16:25:00,2026-09-12T16:40:00,6,8,True
MOVE-000668,GDS-014,Gati Freight 014,Goods,COR-01,SEC-02,2026-09-12,2026-09-12T20:56:00,2026-09-12T21:20:00,4,30,True
MOVE-000669,PAS-021,Jan Pragati Passenger 021,Passenger,COR-01,SEC-03,2026-09-12,2026-09-12T06:30:00,2026-09-12T06:52:00,7,10,True
MOVE-000670,SUB-022,Gati Suburban 022,Suburban,COR-01,SEC-03,2026-09-12,2026-09-12T09:09:00,2026-09-12T09:21:00,6,8,True
MOVE-000671,GDS-023,Gati Freight 023,Goods,COR-01,SEC-03,2026-09-12,2026-09-12T16:11:00,2026-09-12T16:36:00,4,30,True
MOVE-000672,EXP-024,Gati Express 024,Express,COR-01,SEC-03,2026-09-12,2026-09-12T19:39:00,2026-09-12T19:49:00,9,5,True
MOVE-000673,SUB-031,Gati Suburban 031,Suburban,COR-02,SEC-04,2026-09-12,2026-09-12T06:00:00,2026-09-12T06:14:00,6,8,True
MOVE-000674,GDS-032,Gati Freight 032,Goods,COR-02,SEC-04,2026-09-12,2026-09-12T10:17:00,2026-09-12T10:38:00,4,30,True
MOVE-000675,EXP-033,Gati Express 033,Express,COR-02,SEC-04,2026-09-12,2026-09-12T15:47:00,2026-09-12T16:00:00,9,5,True
MOVE-000676,PAS-034,Jan Pragati Passenger 034,Passenger,COR-02,SEC-04,2026-09-12,2026-09-12T21:08:00,2026-09-12T21:30:00,7,10,True
MOVE-000677,GDS-041,Gati Freight 041,Goods,COR-02,SEC-05,2026-09-12,2026-09-12T06:23:00,2026-09-12T06:47:00,4,30,True
MOVE-000678,EXP-042,Gati Express 042,Express,COR-02,SEC-05,2026-09-12,2026-09-12T10:02:00,2026-09-12T10:18:00,9,5,True
MOVE-000679,PAS-043,Jan Pragati Passenger 043,Passenger,COR-02,SEC-05,2026-09-12,2026-09-12T14:50:00,2026-09-12T15:07:00,7,10,True
MOVE-000680,SUB-044,Gati Suburban 044,Suburban,COR-02,SEC-05,2026-09-12,2026-09-12T18:47:00,2026-09-12T19:05:00,6,8,True
MOVE-000681,EXP-051,Gati Express 051,Express,COR-02,SEC-06,2026-09-12,2026-09-12T07:16:00,2026-09-12T07:24:00,9,5,True
MOVE-000682,PAS-052,Jan Pragati Passenger 052,Passenger,COR-02,SEC-06,2026-09-12,2026-09-12T10:27:00,2026-09-12T10:46:00,7,10,True
MOVE-000683,SUB-053,Gati Suburban 053,Suburban,COR-02,SEC-06,2026-09-12,2026-09-12T16:08:00,2026-09-12T16:23:00,6,8,True
MOVE-000684,GDS-054,Gati Freight 054,Goods,COR-02,SEC-06,2026-09-12,2026-09-12T19:58:00,2026-09-12T20:26:00,4,30,True
MOVE-000685,PAS-061,Jan Pragati Passenger 061,Passenger,COR-03,SEC-07,2026-09-12,2026-09-12T07:18:00,2026-09-12T07:39:00,7,10,True
MOVE-000686,SUB-062,Gati Suburban 062,Suburban,COR-03,SEC-07,2026-09-12,2026-09-12T10:10:00,2026-09-12T10:26:00,6,8,True
MOVE-000687,GDS-063,Gati Freight 063,Goods,COR-03,SEC-07,2026-09-12,2026-09-12T15:35:00,2026-09-12T15:59:00,4,30,True
MOVE-000688,EXP-064,Gati Express 064,Express,COR-03,SEC-07,2026-09-12,2026-09-12T19:48:00,2026-09-12T20:04:00,9,5,True
MOVE-000689,SUB-071,Gati Suburban 071,Suburban,COR-03,SEC-08,2026-09-12,2026-09-12T07:00:00,2026-09-12T07:10:00,6,8,True
MOVE-000690,GDS-072,Gati Freight 072,Goods,COR-03,SEC-08,2026-09-12,2026-09-12T09:20:00,2026-09-12T09:48:00,4,30,True
MOVE-000691,EXP-073,Gati Express 073,Express,COR-03,SEC-08,2026-09-12,2026-09-12T15:53:00,2026-09-12T16:06:00,9,5,True
MOVE-000692,PAS-074,Jan Pragati Passenger 074,Passenger,COR-03,SEC-08,2026-09-12,2026-09-12T20:46:00,2026-09-12T21:05:00,7,10,True
MOVE-000693,GDS-081,Gati Freight 081,Goods,COR-03,SEC-09,2026-09-12,2026-09-12T07:25:00,2026-09-12T07:46:00,4,30,True
MOVE-000694,EXP-082,Gati Express 082,Express,COR-03,SEC-09,2026-09-12,2026-09-12T09:05:00,2026-09-12T09:16:00,9,5,True
MOVE-000695,PAS-083,Jan Pragati Passenger 083,Passenger,COR-03,SEC-09,2026-09-12,2026-09-12T14:08:00,2026-09-12T14:21:00,7,10,True
MOVE-000696,SUB-084,Gati Suburban 084,Suburban,COR-03,SEC-09,2026-09-12,2026-09-12T19:25:00,2026-09-12T19:35:00,6,8,True
MOVE-000697,EXP-091,Gati Express 091,Express,COR-04,SEC-10,2026-09-12,2026-09-12T05:19:00,2026-09-12T05:34:00,9,5,True
MOVE-000698,PAS-092,Jan Pragati Passenger 092,Passenger,COR-04,SEC-10,2026-09-12,2026-09-12T09:45:00,2026-09-12T10:07:00,7,10,True
MOVE-000699,SUB-093,Gati Suburban 093,Suburban,COR-04,SEC-10,2026-09-12,2026-09-12T14:27:00,2026-09-12T14:41:00,6,8,True
MOVE-000700,GDS-094,Gati Freight 094,Goods,COR-04,SEC-10,2026-09-12,2026-09-12T19:56:00,2026-09-12T20:14:00,4,30,True
MOVE-000701,PAS-101,Jan Pragati Passenger 101,Passenger,COR-04,SEC-11,2026-09-12,2026-09-12T06:32:00,2026-09-12T06:49:00,7,10,True
MOVE-000702,SUB-102,Gati Suburban 102,Suburban,COR-04,SEC-11,2026-09-12,2026-09-12T10:23:00,2026-09-12T10:33:00,6,8,True
MOVE-000703,GDS-103,Gati Freight 103,Goods,COR-04,SEC-11,2026-09-12,2026-09-12T16:05:00,2026-09-12T16:35:00,4,30,True
MOVE-000704,EXP-104,Gati Express 104,Express,COR-04,SEC-11,2026-09-12,2026-09-12T18:00:00,2026-09-12T18:12:00,9,5,True
MOVE-000705,SUB-111,Gati Suburban 111,Suburban,COR-04,SEC-12,2026-09-12,2026-09-12T07:04:00,2026-09-12T07:15:00,6,8,True
MOVE-000706,GDS-112,Gati Freight 112,Goods,COR-04,SEC-12,2026-09-12,2026-09-12T09:04:00,2026-09-12T09:26:00,4,30,True
MOVE-000707,EXP-113,Gati Express 113,Express,COR-04,SEC-12,2026-09-12,2026-09-12T14:13:00,2026-09-12T14:26:00,9,5,True
MOVE-000708,PAS-114,Jan Pragati Passenger 114,Passenger,COR-04,SEC-12,2026-09-12,2026-09-12T20:01:00,2026-09-12T20:15:00,7,10,True
MOVE-000709,GDS-121,Gati Freight 121,Goods,COR-05,SEC-13,2026-09-12,2026-09-12T07:19:00,2026-09-12T07:44:00,4,30,True
MOVE-000710,EXP-122,Gati Express 122,Express,COR-05,SEC-13,2026-09-12,2026-09-12T10:41:00,2026-09-12T10:55:00,9,5,True
MOVE-000711,PAS-123,Jan Pragati Passenger 123,Passenger,COR-05,SEC-13,2026-09-12,2026-09-12T14:16:00,2026-09-12T14:33:00,7,10,True
MOVE-000712,SUB-124,Gati Suburban 124,Suburban,COR-05,SEC-13,2026-09-12,2026-09-12T19:16:00,2026-09-12T19:26:00,6,8,True
MOVE-000713,EXP-131,Gati Express 131,Express,COR-05,SEC-14,2026-09-12,2026-09-12T07:24:00,2026-09-12T07:33:00,9,5,True
MOVE-000714,PAS-132,Jan Pragati Passenger 132,Passenger,COR-05,SEC-14,2026-09-12,2026-09-12T10:36:00,2026-09-12T10:50:00,7,10,True
MOVE-000715,SUB-133,Gati Suburban 133,Suburban,COR-05,SEC-14,2026-09-12,2026-09-12T14:58:00,2026-09-12T15:10:00,6,8,True
MOVE-000716,GDS-134,Gati Freight 134,Goods,COR-05,SEC-14,2026-09-12,2026-09-12T19:34:00,2026-09-12T20:01:00,4,30,True
MOVE-000717,PAS-141,Jan Pragati Passenger 141,Passenger,COR-05,SEC-15,2026-09-12,2026-09-12T07:11:00,2026-09-12T07:31:00,7,10,True
MOVE-000718,SUB-142,Gati Suburban 142,Suburban,COR-05,SEC-15,2026-09-12,2026-09-12T10:20:00,2026-09-12T10:32:00,6,8,True
MOVE-000719,GDS-143,Gati Freight 143,Goods,COR-05,SEC-15,2026-09-12,2026-09-12T15:50:00,2026-09-12T16:11:00,4,30,True
MOVE-000720,EXP-144,Gati Express 144,Express,COR-05,SEC-15,2026-09-12,2026-09-12T19:50:00,2026-09-12T19:58:00,9,5,True
MOVE-000721,EXP-001,Gati Express 001,Express,COR-01,SEC-01,2026-09-13,2026-09-13T06:48:00,2026-09-13T07:01:00,9,5,True
MOVE-000722,PAS-002,Jan Pragati Passenger 002,Passenger,COR-01,SEC-01,2026-09-13,2026-09-13T09:34:00,2026-09-13T09:48:00,7,10,True
MOVE-000723,SUB-003,Gati Suburban 003,Suburban,COR-01,SEC-01,2026-09-13,2026-09-13T14:52:00,2026-09-13T15:04:00,6,8,True
MOVE-000724,GDS-004,Gati Freight 004,Goods,COR-01,SEC-01,2026-09-13,2026-09-13T19:29:00,2026-09-13T19:49:00,4,30,True
MOVE-000725,PAS-011,Jan Pragati Passenger 011,Passenger,COR-01,SEC-02,2026-09-13,2026-09-13T06:32:00,2026-09-13T06:45:00,7,10,True
MOVE-000726,SUB-012,Gati Suburban 012,Suburban,COR-01,SEC-02,2026-09-13,2026-09-13T09:11:00,2026-09-13T09:28:00,6,8,True
MOVE-000727,GDS-013,Gati Freight 013,Goods,COR-01,SEC-02,2026-09-13,2026-09-13T14:51:00,2026-09-13T15:16:00,4,30,True
MOVE-000728,EXP-014,Gati Express 014,Express,COR-01,SEC-02,2026-09-13,2026-09-13T19:01:00,2026-09-13T19:13:00,9,5,True
MOVE-000729,SUB-021,Gati Suburban 021,Suburban,COR-01,SEC-03,2026-09-13,2026-09-13T05:10:00,2026-09-13T05:24:00,6,8,True
MOVE-000730,GDS-022,Gati Freight 022,Goods,COR-01,SEC-03,2026-09-13,2026-09-13T10:29:00,2026-09-13T10:59:00,4,30,True
MOVE-000731,EXP-023,Gati Express 023,Express,COR-01,SEC-03,2026-09-13,2026-09-13T16:02:00,2026-09-13T16:14:00,9,5,True
MOVE-000732,PAS-024,Jan Pragati Passenger 024,Passenger,COR-01,SEC-03,2026-09-13,2026-09-13T20:46:00,2026-09-13T21:05:00,7,10,True
MOVE-000733,GDS-031,Gati Freight 031,Goods,COR-02,SEC-04,2026-09-13,2026-09-13T05:00:00,2026-09-13T05:24:00,4,30,True
MOVE-000734,EXP-032,Gati Express 032,Express,COR-02,SEC-04,2026-09-13,2026-09-13T09:39:00,2026-09-13T09:47:00,9,5,True
MOVE-000735,PAS-033,Jan Pragati Passenger 033,Passenger,COR-02,SEC-04,2026-09-13,2026-09-13T14:41:00,2026-09-13T14:59:00,7,10,True
MOVE-000736,SUB-034,Gati Suburban 034,Suburban,COR-02,SEC-04,2026-09-13,2026-09-13T20:58:00,2026-09-13T21:16:00,6,8,True
MOVE-000737,EXP-041,Gati Express 041,Express,COR-02,SEC-05,2026-09-13,2026-09-13T05:38:00,2026-09-13T05:46:00,9,5,True
MOVE-000738,PAS-042,Jan Pragati Passenger 042,Passenger,COR-02,SEC-05,2026-09-13,2026-09-13T10:23:00,2026-09-13T10:37:00,7,10,True
MOVE-000739,SUB-043,Gati Suburban 043,Suburban,COR-02,SEC-05,2026-09-13,2026-09-13T15:22:00,2026-09-13T15:35:00,6,8,True
MOVE-000740,GDS-044,Gati Freight 044,Goods,COR-02,SEC-05,2026-09-13,2026-09-13T21:20:00,2026-09-13T21:41:00,4,30,True
MOVE-000741,PAS-051,Jan Pragati Passenger 051,Passenger,COR-02,SEC-06,2026-09-13,2026-09-13T05:19:00,2026-09-13T05:36:00,7,10,True
MOVE-000742,SUB-052,Gati Suburban 052,Suburban,COR-02,SEC-06,2026-09-13,2026-09-13T09:40:00,2026-09-13T09:50:00,6,8,True
MOVE-000743,GDS-053,Gati Freight 053,Goods,COR-02,SEC-06,2026-09-13,2026-09-13T14:34:00,2026-09-13T15:03:00,4,30,True
MOVE-000744,EXP-054,Gati Express 054,Express,COR-02,SEC-06,2026-09-13,2026-09-13T18:32:00,2026-09-13T18:42:00,9,5,True
MOVE-000745,SUB-061,Gati Suburban 061,Suburban,COR-03,SEC-07,2026-09-13,2026-09-13T06:59:00,2026-09-13T07:15:00,6,8,True
MOVE-000746,GDS-062,Gati Freight 062,Goods,COR-03,SEC-07,2026-09-13,2026-09-13T10:55:00,2026-09-13T11:24:00,4,30,True
MOVE-000747,EXP-063,Gati Express 063,Express,COR-03,SEC-07,2026-09-13,2026-09-13T16:24:00,2026-09-13T16:34:00,9,5,True
MOVE-000748,PAS-064,Jan Pragati Passenger 064,Passenger,COR-03,SEC-07,2026-09-13,2026-09-13T20:27:00,2026-09-13T20:40:00,7,10,True
MOVE-000749,GDS-071,Gati Freight 071,Goods,COR-03,SEC-08,2026-09-13,2026-09-13T05:44:00,2026-09-13T06:09:00,4,30,True
MOVE-000750,EXP-072,Gati Express 072,Express,COR-03,SEC-08,2026-09-13,2026-09-13T11:25:00,2026-09-13T11:41:00,9,5,True
MOVE-000751,PAS-073,Jan Pragati Passenger 073,Passenger,COR-03,SEC-08,2026-09-13,2026-09-13T14:15:00,2026-09-13T14:31:00,7,10,True
MOVE-000752,SUB-074,Gati Suburban 074,Suburban,COR-03,SEC-08,2026-09-13,2026-09-13T18:03:00,2026-09-13T18:15:00,6,8,True
MOVE-000753,EXP-081,Gati Express 081,Express,COR-03,SEC-09,2026-09-13,2026-09-13T05:01:00,2026-09-13T05:09:00,9,5,True
MOVE-000754,PAS-082,Jan Pragati Passenger 082,Passenger,COR-03,SEC-09,2026-09-13,2026-09-13T09:35:00,2026-09-13T09:50:00,7,10,True
MOVE-000755,SUB-083,Gati Suburban 083,Suburban,COR-03,SEC-09,2026-09-13,2026-09-13T15:52:00,2026-09-13T16:03:00,6,8,True
MOVE-000756,GDS-084,Gati Freight 084,Goods,COR-03,SEC-09,2026-09-13,2026-09-13T19:43:00,2026-09-13T20:06:00,4,30,True
MOVE-000757,PAS-091,Jan Pragati Passenger 091,Passenger,COR-04,SEC-10,2026-09-13,2026-09-13T07:17:00,2026-09-13T07:30:00,7,10,True
MOVE-000758,SUB-092,Gati Suburban 092,Suburban,COR-04,SEC-10,2026-09-13,2026-09-13T10:29:00,2026-09-13T10:42:00,6,8,True
MOVE-000759,GDS-093,Gati Freight 093,Goods,COR-04,SEC-10,2026-09-13,2026-09-13T15:56:00,2026-09-13T16:22:00,4,30,True
MOVE-000760,EXP-094,Gati Express 094,Express,COR-04,SEC-10,2026-09-13,2026-09-13T19:49:00,2026-09-13T20:00:00,9,5,True
MOVE-000761,SUB-101,Gati Suburban 101,Suburban,COR-04,SEC-11,2026-09-13,2026-09-13T05:04:00,2026-09-13T05:21:00,6,8,True
MOVE-000762,GDS-102,Gati Freight 102,Goods,COR-04,SEC-11,2026-09-13,2026-09-13T11:15:00,2026-09-13T11:42:00,4,30,True
MOVE-000763,EXP-103,Gati Express 103,Express,COR-04,SEC-11,2026-09-13,2026-09-13T14:52:00,2026-09-13T15:02:00,9,5,True
MOVE-000764,PAS-104,Jan Pragati Passenger 104,Passenger,COR-04,SEC-11,2026-09-13,2026-09-13T19:05:00,2026-09-13T19:19:00,7,10,True
MOVE-000765,GDS-111,Gati Freight 111,Goods,COR-04,SEC-12,2026-09-13,2026-09-13T05:53:00,2026-09-13T06:18:00,4,30,True
MOVE-000766,EXP-112,Gati Express 112,Express,COR-04,SEC-12,2026-09-13,2026-09-13T09:51:00,2026-09-13T10:01:00,9,5,True
MOVE-000767,PAS-113,Jan Pragati Passenger 113,Passenger,COR-04,SEC-12,2026-09-13,2026-09-13T15:10:00,2026-09-13T15:28:00,7,10,True
MOVE-000768,SUB-114,Gati Suburban 114,Suburban,COR-04,SEC-12,2026-09-13,2026-09-13T20:57:00,2026-09-13T21:13:00,6,8,True
MOVE-000769,EXP-121,Gati Express 121,Express,COR-05,SEC-13,2026-09-13,2026-09-13T05:13:00,2026-09-13T05:29:00,9,5,True
MOVE-000770,PAS-122,Jan Pragati Passenger 122,Passenger,COR-05,SEC-13,2026-09-13,2026-09-13T11:08:00,2026-09-13T11:20:00,7,10,True
MOVE-000771,SUB-123,Gati Suburban 123,Suburban,COR-05,SEC-13,2026-09-13,2026-09-13T15:21:00,2026-09-13T15:35:00,6,8,True
MOVE-000772,GDS-124,Gati Freight 124,Goods,COR-05,SEC-13,2026-09-13,2026-09-13T20:35:00,2026-09-13T21:04:00,4,30,True
MOVE-000773,PAS-131,Jan Pragati Passenger 131,Passenger,COR-05,SEC-14,2026-09-13,2026-09-13T05:38:00,2026-09-13T05:50:00,7,10,True
MOVE-000774,SUB-132,Gati Suburban 132,Suburban,COR-05,SEC-14,2026-09-13,2026-09-13T10:59:00,2026-09-13T11:15:00,6,8,True
MOVE-000775,GDS-133,Gati Freight 133,Goods,COR-05,SEC-14,2026-09-13,2026-09-13T15:32:00,2026-09-13T15:55:00,4,30,True
MOVE-000776,EXP-134,Gati Express 134,Express,COR-05,SEC-14,2026-09-13,2026-09-13T19:47:00,2026-09-13T20:03:00,9,5,True
MOVE-000777,SUB-141,Gati Suburban 141,Suburban,COR-05,SEC-15,2026-09-13,2026-09-13T05:26:00,2026-09-13T05:41:00,6,8,True
MOVE-000778,GDS-142,Gati Freight 142,Goods,COR-05,SEC-15,2026-09-13,2026-09-13T09:34:00,2026-09-13T09:57:00,4,30,True
MOVE-000779,EXP-143,Gati Express 143,Express,COR-05,SEC-15,2026-09-13,2026-09-13T16:10:00,2026-09-13T16:22:00,9,5,True
MOVE-000780,PAS-144,Jan Pragati Passenger 144,Passenger,COR-05,SEC-15,2026-09-13,2026-09-13T18:27:00,2026-09-13T18:49:00,7,10,True
MOVE-000781,PAS-001,Jan Pragati Passenger 001,Passenger,COR-01,SEC-01,2026-09-14,2026-09-14T06:36:00,2026-09-14T06:51:00,7,10,True
MOVE-000782,SUB-002,Gati Suburban 002,Suburban,COR-01,SEC-01,2026-09-14,2026-09-14T10:00:00,2026-09-14T10:13:00,6,8,True
MOVE-000783,GDS-003,Gati Freight 003,Goods,COR-01,SEC-01,2026-09-14,2026-09-14T16:20:00,2026-09-14T16:44:00,4,30,True
MOVE-000784,EXP-004,Gati Express 004,Express,COR-01,SEC-01,2026-09-14,2026-09-14T18:37:00,2026-09-14T18:53:00,9,5,True
MOVE-000785,SUB-011,Gati Suburban 011,Suburban,COR-01,SEC-02,2026-09-14,2026-09-14T05:05:00,2026-09-14T05:20:00,6,8,True
MOVE-000786,GDS-012,Gati Freight 012,Goods,COR-01,SEC-02,2026-09-14,2026-09-14T10:27:00,2026-09-14T10:51:00,4,30,True
MOVE-000787,EXP-013,Gati Express 013,Express,COR-01,SEC-02,2026-09-14,2026-09-14T15:57:00,2026-09-14T16:11:00,9,5,True
MOVE-000788,PAS-014,Jan Pragati Passenger 014,Passenger,COR-01,SEC-02,2026-09-14,2026-09-14T20:31:00,2026-09-14T20:53:00,7,10,True
MOVE-000789,GDS-021,Gati Freight 021,Goods,COR-01,SEC-03,2026-09-14,2026-09-14T05:45:00,2026-09-14T06:08:00,4,30,True
MOVE-000790,EXP-022,Gati Express 022,Express,COR-01,SEC-03,2026-09-14,2026-09-14T09:24:00,2026-09-14T09:35:00,9,5,True
MOVE-000791,PAS-023,Jan Pragati Passenger 023,Passenger,COR-01,SEC-03,2026-09-14,2026-09-14T15:10:00,2026-09-14T15:22:00,7,10,True
MOVE-000792,SUB-024,Gati Suburban 024,Suburban,COR-01,SEC-03,2026-09-14,2026-09-14T18:01:00,2026-09-14T18:17:00,6,8,True
MOVE-000793,EXP-031,Gati Express 031,Express,COR-02,SEC-04,2026-09-14,2026-09-14T05:46:00,2026-09-14T06:01:00,9,5,True
MOVE-000794,PAS-032,Jan Pragati Passenger 032,Passenger,COR-02,SEC-04,2026-09-14,2026-09-14T10:19:00,2026-09-14T10:33:00,7,10,True
MOVE-000795,SUB-033,Gati Suburban 033,Suburban,COR-02,SEC-04,2026-09-14,2026-09-14T16:05:00,2026-09-14T16:21:00,6,8,True
MOVE-000796,GDS-034,Gati Freight 034,Goods,COR-02,SEC-04,2026-09-14,2026-09-14T18:02:00,2026-09-14T18:31:00,4,30,True
MOVE-000797,PAS-041,Jan Pragati Passenger 041,Passenger,COR-02,SEC-05,2026-09-14,2026-09-14T05:17:00,2026-09-14T05:37:00,7,10,True
MOVE-000798,SUB-042,Gati Suburban 042,Suburban,COR-02,SEC-05,2026-09-14,2026-09-14T09:44:00,2026-09-14T10:01:00,6,8,True
MOVE-000799,GDS-043,Gati Freight 043,Goods,COR-02,SEC-05,2026-09-14,2026-09-14T15:59:00,2026-09-14T16:21:00,4,30,True
MOVE-000800,EXP-044,Gati Express 044,Express,COR-02,SEC-05,2026-09-14,2026-09-14T18:43:00,2026-09-14T18:56:00,9,5,True
MOVE-000801,SUB-051,Gati Suburban 051,Suburban,COR-02,SEC-06,2026-09-14,2026-09-14T05:11:00,2026-09-14T05:29:00,6,8,True
MOVE-000802,GDS-052,Gati Freight 052,Goods,COR-02,SEC-06,2026-09-14,2026-09-14T10:42:00,2026-09-14T11:11:00,4,30,True
MOVE-000803,EXP-053,Gati Express 053,Express,COR-02,SEC-06,2026-09-14,2026-09-14T14:24:00,2026-09-14T14:40:00,9,5,True
MOVE-000804,PAS-054,Jan Pragati Passenger 054,Passenger,COR-02,SEC-06,2026-09-14,2026-09-14T21:20:00,2026-09-14T21:37:00,7,10,True
MOVE-000805,GDS-061,Gati Freight 061,Goods,COR-03,SEC-07,2026-09-14,2026-09-14T06:45:00,2026-09-14T07:14:00,4,30,True
MOVE-000806,EXP-062,Gati Express 062,Express,COR-03,SEC-07,2026-09-14,2026-09-14T09:03:00,2026-09-14T09:11:00,9,5,True
MOVE-000807,PAS-063,Jan Pragati Passenger 063,Passenger,COR-03,SEC-07,2026-09-14,2026-09-14T16:18:00,2026-09-14T16:40:00,7,10,True
MOVE-000808,SUB-064,Gati Suburban 064,Suburban,COR-03,SEC-07,2026-09-14,2026-09-14T21:17:00,2026-09-14T21:35:00,6,8,True
MOVE-000809,EXP-071,Gati Express 071,Express,COR-03,SEC-08,2026-09-14,2026-09-14T05:57:00,2026-09-14T06:06:00,9,5,True
MOVE-000810,PAS-072,Jan Pragati Passenger 072,Passenger,COR-03,SEC-08,2026-09-14,2026-09-14T11:08:00,2026-09-14T11:27:00,7,10,True
MOVE-000811,SUB-073,Gati Suburban 073,Suburban,COR-03,SEC-08,2026-09-14,2026-09-14T15:48:00,2026-09-14T15:59:00,6,8,True
MOVE-000812,GDS-074,Gati Freight 074,Goods,COR-03,SEC-08,2026-09-14,2026-09-14T18:24:00,2026-09-14T18:49:00,4,30,True
MOVE-000813,PAS-081,Jan Pragati Passenger 081,Passenger,COR-03,SEC-09,2026-09-14,2026-09-14T06:54:00,2026-09-14T07:14:00,7,10,True
MOVE-000814,SUB-082,Gati Suburban 082,Suburban,COR-03,SEC-09,2026-09-14,2026-09-14T09:51:00,2026-09-14T10:08:00,6,8,True
MOVE-000815,GDS-083,Gati Freight 083,Goods,COR-03,SEC-09,2026-09-14,2026-09-14T16:23:00,2026-09-14T16:51:00,4,30,True
MOVE-000816,EXP-084,Gati Express 084,Express,COR-03,SEC-09,2026-09-14,2026-09-14T20:32:00,2026-09-14T20:46:00,9,5,True
MOVE-000817,SUB-091,Gati Suburban 091,Suburban,COR-04,SEC-10,2026-09-14,2026-09-14T06:34:00,2026-09-14T06:52:00,6,8,True
MOVE-000818,GDS-092,Gati Freight 092,Goods,COR-04,SEC-10,2026-09-14,2026-09-14T10:23:00,2026-09-14T10:47:00,4,30,True
MOVE-000819,EXP-093,Gati Express 093,Express,COR-04,SEC-10,2026-09-14,2026-09-14T16:24:00,2026-09-14T16:40:00,9,5,True
MOVE-000820,PAS-094,Jan Pragati Passenger 094,Passenger,COR-04,SEC-10,2026-09-14,2026-09-14T18:39:00,2026-09-14T18:57:00,7,10,True
MOVE-000821,GDS-101,Gati Freight 101,Goods,COR-04,SEC-11,2026-09-14,2026-09-14T07:19:00,2026-09-14T07:42:00,4,30,True
MOVE-000822,EXP-102,Gati Express 102,Express,COR-04,SEC-11,2026-09-14,2026-09-14T10:35:00,2026-09-14T10:44:00,9,5,True
MOVE-000823,PAS-103,Jan Pragati Passenger 103,Passenger,COR-04,SEC-11,2026-09-14,2026-09-14T16:15:00,2026-09-14T16:33:00,7,10,True
MOVE-000824,SUB-104,Gati Suburban 104,Suburban,COR-04,SEC-11,2026-09-14,2026-09-14T20:15:00,2026-09-14T20:33:00,6,8,True
MOVE-000825,EXP-111,Gati Express 111,Express,COR-04,SEC-12,2026-09-14,2026-09-14T05:40:00,2026-09-14T05:51:00,9,5,True
MOVE-000826,PAS-112,Jan Pragati Passenger 112,Passenger,COR-04,SEC-12,2026-09-14,2026-09-14T11:06:00,2026-09-14T11:27:00,7,10,True
MOVE-000827,SUB-113,Gati Suburban 113,Suburban,COR-04,SEC-12,2026-09-14,2026-09-14T16:06:00,2026-09-14T16:20:00,6,8,True
MOVE-000828,GDS-114,Gati Freight 114,Goods,COR-04,SEC-12,2026-09-14,2026-09-14T20:27:00,2026-09-14T20:55:00,4,30,True
MOVE-000829,PAS-121,Jan Pragati Passenger 121,Passenger,COR-05,SEC-13,2026-09-14,2026-09-14T05:09:00,2026-09-14T05:23:00,7,10,True
MOVE-000830,SUB-122,Gati Suburban 122,Suburban,COR-05,SEC-13,2026-09-14,2026-09-14T09:05:00,2026-09-14T09:17:00,6,8,True
MOVE-000831,GDS-123,Gati Freight 123,Goods,COR-05,SEC-13,2026-09-14,2026-09-14T15:25:00,2026-09-14T15:53:00,4,30,True
MOVE-000832,EXP-124,Gati Express 124,Express,COR-05,SEC-13,2026-09-14,2026-09-14T21:00:00,2026-09-14T21:14:00,9,5,True
MOVE-000833,SUB-131,Gati Suburban 131,Suburban,COR-05,SEC-14,2026-09-14,2026-09-14T05:53:00,2026-09-14T06:11:00,6,8,True
MOVE-000834,GDS-132,Gati Freight 132,Goods,COR-05,SEC-14,2026-09-14,2026-09-14T09:24:00,2026-09-14T09:42:00,4,30,True
MOVE-000835,EXP-133,Gati Express 133,Express,COR-05,SEC-14,2026-09-14,2026-09-14T14:19:00,2026-09-14T14:27:00,9,5,True
MOVE-000836,PAS-134,Jan Pragati Passenger 134,Passenger,COR-05,SEC-14,2026-09-14,2026-09-14T21:17:00,2026-09-14T21:32:00,7,10,True
MOVE-000837,GDS-141,Gati Freight 141,Goods,COR-05,SEC-15,2026-09-14,2026-09-14T06:31:00,2026-09-14T06:56:00,4,30,True
MOVE-000838,EXP-142,Gati Express 142,Express,COR-05,SEC-15,2026-09-14,2026-09-14T10:19:00,2026-09-14T10:27:00,9,5,True
MOVE-000839,PAS-143,Jan Pragati Passenger 143,Passenger,COR-05,SEC-15,2026-09-14,2026-09-14T16:04:00,2026-09-14T16:24:00,7,10,True
MOVE-000840,SUB-144,Gati Suburban 144,Suburban,COR-05,SEC-15,2026-09-14,2026-09-14T18:41:00,2026-09-14T18:56:00,6,8,True
MOVE-000841,SUB-001,Gati Suburban 001,Suburban,COR-01,SEC-01,2026-09-15,2026-09-15T07:12:00,2026-09-15T07:25:00,6,8,True
MOVE-000842,GDS-002,Gati Freight 002,Goods,COR-01,SEC-01,2026-09-15,2026-09-15T09:01:00,2026-09-15T09:27:00,4,30,True
MOVE-000843,EXP-003,Gati Express 003,Express,COR-01,SEC-01,2026-09-15,2026-09-15T15:30:00,2026-09-15T15:42:00,9,5,True
MOVE-000844,PAS-004,Jan Pragati Passenger 004,Passenger,COR-01,SEC-01,2026-09-15,2026-09-15T19:35:00,2026-09-15T19:49:00,7,10,True
MOVE-000845,GDS-011,Gati Freight 011,Goods,COR-01,SEC-02,2026-09-15,2026-09-15T07:14:00,2026-09-15T07:37:00,4,30,True
MOVE-000846,EXP-012,Gati Express 012,Express,COR-01,SEC-02,2026-09-15,2026-09-15T10:41:00,2026-09-15T10:50:00,9,5,True
MOVE-000847,PAS-013,Jan Pragati Passenger 013,Passenger,COR-01,SEC-02,2026-09-15,2026-09-15T14:37:00,2026-09-15T14:59:00,7,10,True
MOVE-000848,SUB-014,Gati Suburban 014,Suburban,COR-01,SEC-02,2026-09-15,2026-09-15T20:21:00,2026-09-15T20:39:00,6,8,True
MOVE-000849,EXP-021,Gati Express 021,Express,COR-01,SEC-03,2026-09-15,2026-09-15T05:17:00,2026-09-15T05:31:00,9,5,True
MOVE-000850,PAS-022,Jan Pragati Passenger 022,Passenger,COR-01,SEC-03,2026-09-15,2026-09-15T10:25:00,2026-09-15T10:42:00,7,10,True
MOVE-000851,SUB-023,Gati Suburban 023,Suburban,COR-01,SEC-03,2026-09-15,2026-09-15T14:36:00,2026-09-15T14:52:00,6,8,True
MOVE-000852,GDS-024,Gati Freight 024,Goods,COR-01,SEC-03,2026-09-15,2026-09-15T20:38:00,2026-09-15T20:58:00,4,30,True
MOVE-000853,PAS-031,Jan Pragati Passenger 031,Passenger,COR-02,SEC-04,2026-09-15,2026-09-15T07:00:00,2026-09-15T07:16:00,7,10,True
MOVE-000854,SUB-032,Gati Suburban 032,Suburban,COR-02,SEC-04,2026-09-15,2026-09-15T09:53:00,2026-09-15T10:05:00,6,8,True
MOVE-000855,GDS-033,Gati Freight 033,Goods,COR-02,SEC-04,2026-09-15,2026-09-15T15:07:00,2026-09-15T15:31:00,4,30,True
MOVE-000856,EXP-034,Gati Express 034,Express,COR-02,SEC-04,2026-09-15,2026-09-15T18:01:00,2026-09-15T18:15:00,9,5,True
MOVE-000857,SUB-041,Gati Suburban 041,Suburban,COR-02,SEC-05,2026-09-15,2026-09-15T05:50:00,2026-09-15T06:03:00,6,8,True
MOVE-000858,GDS-042,Gati Freight 042,Goods,COR-02,SEC-05,2026-09-15,2026-09-15T09:22:00,2026-09-15T09:43:00,4,30,True
MOVE-000859,EXP-043,Gati Express 043,Express,COR-02,SEC-05,2026-09-15,2026-09-15T15:26:00,2026-09-15T15:38:00,9,5,True
MOVE-000860,PAS-044,Jan Pragati Passenger 044,Passenger,COR-02,SEC-05,2026-09-15,2026-09-15T19:01:00,2026-09-15T19:14:00,7,10,True
MOVE-000861,GDS-051,Gati Freight 051,Goods,COR-02,SEC-06,2026-09-15,2026-09-15T07:11:00,2026-09-15T07:41:00,4,30,True
MOVE-000862,EXP-052,Gati Express 052,Express,COR-02,SEC-06,2026-09-15,2026-09-15T10:24:00,2026-09-15T10:33:00,9,5,True
MOVE-000863,PAS-053,Jan Pragati Passenger 053,Passenger,COR-02,SEC-06,2026-09-15,2026-09-15T15:42:00,2026-09-15T16:03:00,7,10,True
MOVE-000864,SUB-054,Gati Suburban 054,Suburban,COR-02,SEC-06,2026-09-15,2026-09-15T18:34:00,2026-09-15T18:44:00,6,8,True
MOVE-000865,EXP-061,Gati Express 061,Express,COR-03,SEC-07,2026-09-15,2026-09-15T05:22:00,2026-09-15T05:31:00,9,5,True
MOVE-000866,PAS-062,Jan Pragati Passenger 062,Passenger,COR-03,SEC-07,2026-09-15,2026-09-15T10:47:00,2026-09-15T11:04:00,7,10,True
MOVE-000867,SUB-063,Gati Suburban 063,Suburban,COR-03,SEC-07,2026-09-15,2026-09-15T14:00:00,2026-09-15T14:15:00,6,8,True
MOVE-000868,GDS-064,Gati Freight 064,Goods,COR-03,SEC-07,2026-09-15,2026-09-15T18:55:00,2026-09-15T19:25:00,4,30,True
MOVE-000869,PAS-071,Jan Pragati Passenger 071,Passenger,COR-03,SEC-08,2026-09-15,2026-09-15T07:03:00,2026-09-15T07:16:00,7,10,True
MOVE-000870,SUB-072,Gati Suburban 072,Suburban,COR-03,SEC-08,2026-09-15,2026-09-15T09:45:00,2026-09-15T09:55:00,6,8,True
MOVE-000871,GDS-073,Gati Freight 073,Goods,COR-03,SEC-08,2026-09-15,2026-09-15T16:08:00,2026-09-15T16:30:00,4,30,True
MOVE-000872,EXP-074,Gati Express 074,Express,COR-03,SEC-08,2026-09-15,2026-09-15T21:11:00,2026-09-15T21:19:00,9,5,True
MOVE-000873,SUB-081,Gati Suburban 081,Suburban,COR-03,SEC-09,2026-09-15,2026-09-15T05:17:00,2026-09-15T05:28:00,6,8,True
MOVE-000874,GDS-082,Gati Freight 082,Goods,COR-03,SEC-09,2026-09-15,2026-09-15T11:21:00,2026-09-15T11:40:00,4,30,True
MOVE-000875,EXP-083,Gati Express 083,Express,COR-03,SEC-09,2026-09-15,2026-09-15T14:25:00,2026-09-15T14:33:00,9,5,True
MOVE-000876,PAS-084,Jan Pragati Passenger 084,Passenger,COR-03,SEC-09,2026-09-15,2026-09-15T21:20:00,2026-09-15T21:35:00,7,10,True
MOVE-000877,GDS-091,Gati Freight 091,Goods,COR-04,SEC-10,2026-09-15,2026-09-15T06:56:00,2026-09-15T07:16:00,4,30,True
MOVE-000878,EXP-092,Gati Express 092,Express,COR-04,SEC-10,2026-09-15,2026-09-15T09:50:00,2026-09-15T10:02:00,9,5,True
MOVE-000879,PAS-093,Jan Pragati Passenger 093,Passenger,COR-04,SEC-10,2026-09-15,2026-09-15T15:54:00,2026-09-15T16:13:00,7,10,True
MOVE-000880,SUB-094,Gati Suburban 094,Suburban,COR-04,SEC-10,2026-09-15,2026-09-15T20:32:00,2026-09-15T20:49:00,6,8,True
MOVE-000881,EXP-101,Gati Express 101,Express,COR-04,SEC-11,2026-09-15,2026-09-15T06:29:00,2026-09-15T06:44:00,9,5,True
MOVE-000882,PAS-102,Jan Pragati Passenger 102,Passenger,COR-04,SEC-11,2026-09-15,2026-09-15T10:12:00,2026-09-15T10:29:00,7,10,True
MOVE-000883,SUB-103,Gati Suburban 103,Suburban,COR-04,SEC-11,2026-09-15,2026-09-15T14:30:00,2026-09-15T14:46:00,6,8,True
MOVE-000884,GDS-104,Gati Freight 104,Goods,COR-04,SEC-11,2026-09-15,2026-09-15T18:25:00,2026-09-15T18:49:00,4,30,True
MOVE-000885,PAS-111,Jan Pragati Passenger 111,Passenger,COR-04,SEC-12,2026-09-15,2026-09-15T07:09:00,2026-09-15T07:23:00,7,10,True
MOVE-000886,SUB-112,Gati Suburban 112,Suburban,COR-04,SEC-12,2026-09-15,2026-09-15T09:51:00,2026-09-15T10:01:00,6,8,True
MOVE-000887,GDS-113,Gati Freight 113,Goods,COR-04,SEC-12,2026-09-15,2026-09-15T15:09:00,2026-09-15T15:27:00,4,30,True
MOVE-000888,EXP-114,Gati Express 114,Express,COR-04,SEC-12,2026-09-15,2026-09-15T18:54:00,2026-09-15T19:08:00,9,5,True
MOVE-000889,SUB-121,Gati Suburban 121,Suburban,COR-05,SEC-13,2026-09-15,2026-09-15T06:31:00,2026-09-15T06:41:00,6,8,True
MOVE-000890,GDS-122,Gati Freight 122,Goods,COR-05,SEC-13,2026-09-15,2026-09-15T09:52:00,2026-09-15T10:22:00,4,30,True
MOVE-000891,EXP-123,Gati Express 123,Express,COR-05,SEC-13,2026-09-15,2026-09-15T16:21:00,2026-09-15T16:33:00,9,5,True
MOVE-000892,PAS-124,Jan Pragati Passenger 124,Passenger,COR-05,SEC-13,2026-09-15,2026-09-15T19:52:00,2026-09-15T20:04:00,7,10,True
MOVE-000893,GDS-131,Gati Freight 131,Goods,COR-05,SEC-14,2026-09-15,2026-09-15T06:51:00,2026-09-15T07:09:00,4,30,True
MOVE-000894,EXP-132,Gati Express 132,Express,COR-05,SEC-14,2026-09-15,2026-09-15T09:16:00,2026-09-15T09:26:00,9,5,True
MOVE-000895,PAS-133,Jan Pragati Passenger 133,Passenger,COR-05,SEC-14,2026-09-15,2026-09-15T16:13:00,2026-09-15T16:34:00,7,10,True
MOVE-000896,SUB-134,Gati Suburban 134,Suburban,COR-05,SEC-14,2026-09-15,2026-09-15T19:29:00,2026-09-15T19:43:00,6,8,True
MOVE-000897,EXP-141,Gati Express 141,Express,COR-05,SEC-15,2026-09-15,2026-09-15T06:15:00,2026-09-15T06:29:00,9,5,True
MOVE-000898,PAS-142,Jan Pragati Passenger 142,Passenger,COR-05,SEC-15,2026-09-15,2026-09-15T09:01:00,2026-09-15T09:19:00,7,10,True
MOVE-000899,SUB-143,Gati Suburban 143,Suburban,COR-05,SEC-15,2026-09-15,2026-09-15T14:49:00,2026-09-15T15:05:00,6,8,True
MOVE-000900,GDS-144,Gati Freight 144,Goods,COR-05,SEC-15,2026-09-15,2026-09-15T18:30:00,2026-09-15T19:00:00,4,30,True
MOVE-000901,GDS-001,Gati Freight 001,Goods,COR-01,SEC-01,2026-09-16,2026-09-16T07:18:00,2026-09-16T07:45:00,4,30,True
MOVE-000902,EXP-002,Gati Express 002,Express,COR-01,SEC-01,2026-09-16,2026-09-16T10:21:00,2026-09-16T10:31:00,9,5,True
MOVE-000903,PAS-003,Jan Pragati Passenger 003,Passenger,COR-01,SEC-01,2026-09-16,2026-09-16T14:57:00,2026-09-16T15:10:00,7,10,True
MOVE-000904,SUB-004,Gati Suburban 004,Suburban,COR-01,SEC-01,2026-09-16,2026-09-16T18:18:00,2026-09-16T18:36:00,6,8,True
MOVE-000905,EXP-011,Gati Express 011,Express,COR-01,SEC-02,2026-09-16,2026-09-16T07:10:00,2026-09-16T07:20:00,9,5,True
MOVE-000906,PAS-012,Jan Pragati Passenger 012,Passenger,COR-01,SEC-02,2026-09-16,2026-09-16T11:09:00,2026-09-16T11:23:00,7,10,True
MOVE-000907,SUB-013,Gati Suburban 013,Suburban,COR-01,SEC-02,2026-09-16,2026-09-16T16:15:00,2026-09-16T16:26:00,6,8,True
MOVE-000908,GDS-014,Gati Freight 014,Goods,COR-01,SEC-02,2026-09-16,2026-09-16T19:15:00,2026-09-16T19:33:00,4,30,True
MOVE-000909,PAS-021,Jan Pragati Passenger 021,Passenger,COR-01,SEC-03,2026-09-16,2026-09-16T07:11:00,2026-09-16T07:33:00,7,10,True
MOVE-000910,SUB-022,Gati Suburban 022,Suburban,COR-01,SEC-03,2026-09-16,2026-09-16T09:47:00,2026-09-16T09:59:00,6,8,True
MOVE-000911,GDS-023,Gati Freight 023,Goods,COR-01,SEC-03,2026-09-16,2026-09-16T14:02:00,2026-09-16T14:21:00,4,30,True
MOVE-000912,EXP-024,Gati Express 024,Express,COR-01,SEC-03,2026-09-16,2026-09-16T20:08:00,2026-09-16T20:17:00,9,5,True
MOVE-000913,SUB-031,Gati Suburban 031,Suburban,COR-02,SEC-04,2026-09-16,2026-09-16T05:31:00,2026-09-16T05:47:00,6,8,True
MOVE-000914,GDS-032,Gati Freight 032,Goods,COR-02,SEC-04,2026-09-16,2026-09-16T09:34:00,2026-09-16T09:54:00,4,30,True
MOVE-000915,EXP-033,Gati Express 033,Express,COR-02,SEC-04,2026-09-16,2026-09-16T15:55:00,2026-09-16T16:10:00,9,5,True
MOVE-000916,PAS-034,Jan Pragati Passenger 034,Passenger,COR-02,SEC-04,2026-09-16,2026-09-16T18:44:00,2026-09-16T19:03:00,7,10,True
MOVE-000917,GDS-041,Gati Freight 041,Goods,COR-02,SEC-05,2026-09-16,2026-09-16T05:30:00,2026-09-16T05:57:00,4,30,True
MOVE-000918,EXP-042,Gati Express 042,Express,COR-02,SEC-05,2026-09-16,2026-09-16T09:41:00,2026-09-16T09:54:00,9,5,True
MOVE-000919,PAS-043,Jan Pragati Passenger 043,Passenger,COR-02,SEC-05,2026-09-16,2026-09-16T16:12:00,2026-09-16T16:29:00,7,10,True
MOVE-000920,SUB-044,Gati Suburban 044,Suburban,COR-02,SEC-05,2026-09-16,2026-09-16T18:33:00,2026-09-16T18:50:00,6,8,True
MOVE-000921,EXP-051,Gati Express 051,Express,COR-02,SEC-06,2026-09-16,2026-09-16T06:23:00,2026-09-16T06:34:00,9,5,True
MOVE-000922,PAS-052,Jan Pragati Passenger 052,Passenger,COR-02,SEC-06,2026-09-16,2026-09-16T10:36:00,2026-09-16T10:53:00,7,10,True
MOVE-000923,SUB-053,Gati Suburban 053,Suburban,COR-02,SEC-06,2026-09-16,2026-09-16T16:02:00,2026-09-16T16:20:00,6,8,True
MOVE-000924,GDS-054,Gati Freight 054,Goods,COR-02,SEC-06,2026-09-16,2026-09-16T21:12:00,2026-09-16T21:39:00,4,30,True
MOVE-000925,PAS-061,Jan Pragati Passenger 061,Passenger,COR-03,SEC-07,2026-09-16,2026-09-16T05:46:00,2026-09-16T06:01:00,7,10,True
MOVE-000926,SUB-062,Gati Suburban 062,Suburban,COR-03,SEC-07,2026-09-16,2026-09-16T10:46:00,2026-09-16T11:01:00,6,8,True
MOVE-000927,GDS-063,Gati Freight 063,Goods,COR-03,SEC-07,2026-09-16,2026-09-16T15:12:00,2026-09-16T15:31:00,4,30,True
MOVE-000928,EXP-064,Gati Express 064,Express,COR-03,SEC-07,2026-09-16,2026-09-16T18:08:00,2026-09-16T18:24:00,9,5,True
MOVE-000929,SUB-071,Gati Suburban 071,Suburban,COR-03,SEC-08,2026-09-16,2026-09-16T05:45:00,2026-09-16T05:57:00,6,8,True
MOVE-000930,GDS-072,Gati Freight 072,Goods,COR-03,SEC-08,2026-09-16,2026-09-16T10:14:00,2026-09-16T10:33:00,4,30,True
MOVE-000931,EXP-073,Gati Express 073,Express,COR-03,SEC-08,2026-09-16,2026-09-16T16:06:00,2026-09-16T16:20:00,9,5,True
MOVE-000932,PAS-074,Jan Pragati Passenger 074,Passenger,COR-03,SEC-08,2026-09-16,2026-09-16T19:28:00,2026-09-16T19:49:00,7,10,True
MOVE-000933,GDS-081,Gati Freight 081,Goods,COR-03,SEC-09,2026-09-16,2026-09-16T06:04:00,2026-09-16T06:30:00,4,30,True
MOVE-000934,EXP-082,Gati Express 082,Express,COR-03,SEC-09,2026-09-16,2026-09-16T09:11:00,2026-09-16T09:26:00,9,5,True
MOVE-000935,PAS-083,Jan Pragati Passenger 083,Passenger,COR-03,SEC-09,2026-09-16,2026-09-16T16:04:00,2026-09-16T16:17:00,7,10,True
MOVE-000936,SUB-084,Gati Suburban 084,Suburban,COR-03,SEC-09,2026-09-16,2026-09-16T20:48:00,2026-09-16T21:05:00,6,8,True
MOVE-000937,EXP-091,Gati Express 091,Express,COR-04,SEC-10,2026-09-16,2026-09-16T06:52:00,2026-09-16T07:00:00,9,5,True
MOVE-000938,PAS-092,Jan Pragati Passenger 092,Passenger,COR-04,SEC-10,2026-09-16,2026-09-16T09:03:00,2026-09-16T09:15:00,7,10,True
MOVE-000939,SUB-093,Gati Suburban 093,Suburban,COR-04,SEC-10,2026-09-16,2026-09-16T14:01:00,2026-09-16T14:13:00,6,8,True
MOVE-000940,GDS-094,Gati Freight 094,Goods,COR-04,SEC-10,2026-09-16,2026-09-16T18:50:00,2026-09-16T19:14:00,4,30,True
MOVE-000941,PAS-101,Jan Pragati Passenger 101,Passenger,COR-04,SEC-11,2026-09-16,2026-09-16T05:58:00,2026-09-16T06:17:00,7,10,True
MOVE-000942,SUB-102,Gati Suburban 102,Suburban,COR-04,SEC-11,2026-09-16,2026-09-16T09:41:00,2026-09-16T09:57:00,6,8,True
MOVE-000943,GDS-103,Gati Freight 103,Goods,COR-04,SEC-11,2026-09-16,2026-09-16T16:15:00,2026-09-16T16:44:00,4,30,True
MOVE-000944,EXP-104,Gati Express 104,Express,COR-04,SEC-11,2026-09-16,2026-09-16T18:54:00,2026-09-16T19:02:00,9,5,True
MOVE-000945,SUB-111,Gati Suburban 111,Suburban,COR-04,SEC-12,2026-09-16,2026-09-16T06:36:00,2026-09-16T06:46:00,6,8,True
MOVE-000946,GDS-112,Gati Freight 112,Goods,COR-04,SEC-12,2026-09-16,2026-09-16T09:26:00,2026-09-16T09:45:00,4,30,True
MOVE-000947,EXP-113,Gati Express 113,Express,COR-04,SEC-12,2026-09-16,2026-09-16T15:20:00,2026-09-16T15:29:00,9,5,True
MOVE-000948,PAS-114,Jan Pragati Passenger 114,Passenger,COR-04,SEC-12,2026-09-16,2026-09-16T20:02:00,2026-09-16T20:16:00,7,10,True
MOVE-000949,GDS-121,Gati Freight 121,Goods,COR-05,SEC-13,2026-09-16,2026-09-16T06:12:00,2026-09-16T06:31:00,4,30,True
MOVE-000950,EXP-122,Gati Express 122,Express,COR-05,SEC-13,2026-09-16,2026-09-16T10:18:00,2026-09-16T10:33:00,9,5,True
MOVE-000951,PAS-123,Jan Pragati Passenger 123,Passenger,COR-05,SEC-13,2026-09-16,2026-09-16T15:44:00,2026-09-16T16:01:00,7,10,True
MOVE-000952,SUB-124,Gati Suburban 124,Suburban,COR-05,SEC-13,2026-09-16,2026-09-16T20:59:00,2026-09-16T21:12:00,6,8,True
MOVE-000953,EXP-131,Gati Express 131,Express,COR-05,SEC-14,2026-09-16,2026-09-16T07:19:00,2026-09-16T07:28:00,9,5,True
MOVE-000954,PAS-132,Jan Pragati Passenger 132,Passenger,COR-05,SEC-14,2026-09-16,2026-09-16T10:28:00,2026-09-16T10:46:00,7,10,True
MOVE-000955,SUB-133,Gati Suburban 133,Suburban,COR-05,SEC-14,2026-09-16,2026-09-16T16:22:00,2026-09-16T16:34:00,6,8,True
MOVE-000956,GDS-134,Gati Freight 134,Goods,COR-05,SEC-14,2026-09-16,2026-09-16T20:44:00,2026-09-16T21:13:00,4,30,True
MOVE-000957,PAS-141,Jan Pragati Passenger 141,Passenger,COR-05,SEC-15,2026-09-16,2026-09-16T05:56:00,2026-09-16T06:09:00,7,10,True
MOVE-000958,SUB-142,Gati Suburban 142,Suburban,COR-05,SEC-15,2026-09-16,2026-09-16T09:16:00,2026-09-16T09:27:00,6,8,True
MOVE-000959,GDS-143,Gati Freight 143,Goods,COR-05,SEC-15,2026-09-16,2026-09-16T14:27:00,2026-09-16T14:48:00,4,30,True
MOVE-000960,EXP-144,Gati Express 144,Express,COR-05,SEC-15,2026-09-16,2026-09-16T19:00:00,2026-09-16T19:12:00,9,5,True
MOVE-000961,EXP-001,Gati Express 001,Express,COR-01,SEC-01,2026-09-17,2026-09-17T05:13:00,2026-09-17T05:26:00,9,5,True
MOVE-000962,PAS-002,Jan Pragati Passenger 002,Passenger,COR-01,SEC-01,2026-09-17,2026-09-17T10:06:00,2026-09-17T10:26:00,7,10,True
MOVE-000963,SUB-003,Gati Suburban 003,Suburban,COR-01,SEC-01,2026-09-17,2026-09-17T15:50:00,2026-09-17T16:03:00,6,8,True
MOVE-000964,GDS-004,Gati Freight 004,Goods,COR-01,SEC-01,2026-09-17,2026-09-17T19:37:00,2026-09-17T19:59:00,4,30,True
MOVE-000965,PAS-011,Jan Pragati Passenger 011,Passenger,COR-01,SEC-02,2026-09-17,2026-09-17T06:10:00,2026-09-17T06:26:00,7,10,True
MOVE-000966,SUB-012,Gati Suburban 012,Suburban,COR-01,SEC-02,2026-09-17,2026-09-17T09:44:00,2026-09-17T10:02:00,6,8,True
MOVE-000967,GDS-013,Gati Freight 013,Goods,COR-01,SEC-02,2026-09-17,2026-09-17T14:15:00,2026-09-17T14:42:00,4,30,True
MOVE-000968,EXP-014,Gati Express 014,Express,COR-01,SEC-02,2026-09-17,2026-09-17T18:07:00,2026-09-17T18:22:00,9,5,True
MOVE-000969,SUB-021,Gati Suburban 021,Suburban,COR-01,SEC-03,2026-09-17,2026-09-17T05:49:00,2026-09-17T06:04:00,6,8,True
MOVE-000970,GDS-022,Gati Freight 022,Goods,COR-01,SEC-03,2026-09-17,2026-09-17T10:27:00,2026-09-17T10:56:00,4,30,True
MOVE-000971,EXP-023,Gati Express 023,Express,COR-01,SEC-03,2026-09-17,2026-09-17T15:25:00,2026-09-17T15:40:00,9,5,True
MOVE-000972,PAS-024,Jan Pragati Passenger 024,Passenger,COR-01,SEC-03,2026-09-17,2026-09-17T18:08:00,2026-09-17T18:28:00,7,10,True
MOVE-000973,GDS-031,Gati Freight 031,Goods,COR-02,SEC-04,2026-09-17,2026-09-17T06:48:00,2026-09-17T07:12:00,4,30,True
MOVE-000974,EXP-032,Gati Express 032,Express,COR-02,SEC-04,2026-09-17,2026-09-17T09:25:00,2026-09-17T09:36:00,9,5,True
MOVE-000975,PAS-033,Jan Pragati Passenger 033,Passenger,COR-02,SEC-04,2026-09-17,2026-09-17T15:52:00,2026-09-17T16:08:00,7,10,True
MOVE-000976,SUB-034,Gati Suburban 034,Suburban,COR-02,SEC-04,2026-09-17,2026-09-17T19:19:00,2026-09-17T19:36:00,6,8,True
MOVE-000977,EXP-041,Gati Express 041,Express,COR-02,SEC-05,2026-09-17,2026-09-17T06:52:00,2026-09-17T07:01:00,9,5,True
MOVE-000978,PAS-042,Jan Pragati Passenger 042,Passenger,COR-02,SEC-05,2026-09-17,2026-09-17T09:21:00,2026-09-17T09:35:00,7,10,True
MOVE-000979,SUB-043,Gati Suburban 043,Suburban,COR-02,SEC-05,2026-09-17,2026-09-17T15:55:00,2026-09-17T16:06:00,6,8,True
MOVE-000980,GDS-044,Gati Freight 044,Goods,COR-02,SEC-05,2026-09-17,2026-09-17T20:02:00,2026-09-17T20:25:00,4,30,True
MOVE-000981,PAS-051,Jan Pragati Passenger 051,Passenger,COR-02,SEC-06,2026-09-17,2026-09-17T06:48:00,2026-09-17T07:03:00,7,10,True
MOVE-000982,SUB-052,Gati Suburban 052,Suburban,COR-02,SEC-06,2026-09-17,2026-09-17T09:13:00,2026-09-17T09:29:00,6,8,True
MOVE-000983,GDS-053,Gati Freight 053,Goods,COR-02,SEC-06,2026-09-17,2026-09-17T15:10:00,2026-09-17T15:38:00,4,30,True
MOVE-000984,EXP-054,Gati Express 054,Express,COR-02,SEC-06,2026-09-17,2026-09-17T20:24:00,2026-09-17T20:36:00,9,5,True
MOVE-000985,SUB-061,Gati Suburban 061,Suburban,COR-03,SEC-07,2026-09-17,2026-09-17T06:52:00,2026-09-17T07:04:00,6,8,True
MOVE-000986,GDS-062,Gati Freight 062,Goods,COR-03,SEC-07,2026-09-17,2026-09-17T11:14:00,2026-09-17T11:38:00,4,30,True
MOVE-000987,EXP-063,Gati Express 063,Express,COR-03,SEC-07,2026-09-17,2026-09-17T14:46:00,2026-09-17T15:01:00,9,5,True
MOVE-000988,PAS-064,Jan Pragati Passenger 064,Passenger,COR-03,SEC-07,2026-09-17,2026-09-17T20:58:00,2026-09-17T21:14:00,7,10,True
MOVE-000989,GDS-071,Gati Freight 071,Goods,COR-03,SEC-08,2026-09-17,2026-09-17T05:24:00,2026-09-17T05:44:00,4,30,True
MOVE-000990,EXP-072,Gati Express 072,Express,COR-03,SEC-08,2026-09-17,2026-09-17T11:01:00,2026-09-17T11:17:00,9,5,True
MOVE-000991,PAS-073,Jan Pragati Passenger 073,Passenger,COR-03,SEC-08,2026-09-17,2026-09-17T14:02:00,2026-09-17T14:15:00,7,10,True
MOVE-000992,SUB-074,Gati Suburban 074,Suburban,COR-03,SEC-08,2026-09-17,2026-09-17T19:58:00,2026-09-17T20:11:00,6,8,True
MOVE-000993,EXP-081,Gati Express 081,Express,COR-03,SEC-09,2026-09-17,2026-09-17T05:37:00,2026-09-17T05:45:00,9,5,True
MOVE-000994,PAS-082,Jan Pragati Passenger 082,Passenger,COR-03,SEC-09,2026-09-17,2026-09-17T10:19:00,2026-09-17T10:34:00,7,10,True
MOVE-000995,SUB-083,Gati Suburban 083,Suburban,COR-03,SEC-09,2026-09-17,2026-09-17T15:11:00,2026-09-17T15:25:00,6,8,True
MOVE-000996,GDS-084,Gati Freight 084,Goods,COR-03,SEC-09,2026-09-17,2026-09-17T18:31:00,2026-09-17T18:50:00,4,30,True
MOVE-000997,PAS-091,Jan Pragati Passenger 091,Passenger,COR-04,SEC-10,2026-09-17,2026-09-17T07:23:00,2026-09-17T07:40:00,7,10,True
MOVE-000998,SUB-092,Gati Suburban 092,Suburban,COR-04,SEC-10,2026-09-17,2026-09-17T10:00:00,2026-09-17T10:13:00,6,8,True
MOVE-000999,GDS-093,Gati Freight 093,Goods,COR-04,SEC-10,2026-09-17,2026-09-17T14:45:00,2026-09-17T15:14:00,4,30,True
MOVE-001000,EXP-094,Gati Express 094,Express,COR-04,SEC-10,2026-09-17,2026-09-17T20:46:00,2026-09-17T21:02:00,9,5,True
MOVE-001001,SUB-101,Gati Suburban 101,Suburban,COR-04,SEC-11,2026-09-17,2026-09-17T05:50:00,2026-09-17T06:05:00,6,8,True
MOVE-001002,GDS-102,Gati Freight 102,Goods,COR-04,SEC-11,2026-09-17,2026-09-17T09:09:00,2026-09-17T09:33:00,4,30,True
MOVE-001003,EXP-103,Gati Express 103,Express,COR-04,SEC-11,2026-09-17,2026-09-17T15:32:00,2026-09-17T15:47:00,9,5,True
MOVE-001004,PAS-104,Jan Pragati Passenger 104,Passenger,COR-04,SEC-11,2026-09-17,2026-09-17T20:52:00,2026-09-17T21:13:00,7,10,True
MOVE-001005,GDS-111,Gati Freight 111,Goods,COR-04,SEC-12,2026-09-17,2026-09-17T05:18:00,2026-09-17T05:36:00,4,30,True
MOVE-001006,EXP-112,Gati Express 112,Express,COR-04,SEC-12,2026-09-17,2026-09-17T09:21:00,2026-09-17T09:30:00,9,5,True
MOVE-001007,PAS-113,Jan Pragati Passenger 113,Passenger,COR-04,SEC-12,2026-09-17,2026-09-17T15:06:00,2026-09-17T15:22:00,7,10,True
MOVE-001008,SUB-114,Gati Suburban 114,Suburban,COR-04,SEC-12,2026-09-17,2026-09-17T18:40:00,2026-09-17T18:54:00,6,8,True
MOVE-001009,EXP-121,Gati Express 121,Express,COR-05,SEC-13,2026-09-17,2026-09-17T05:40:00,2026-09-17T05:52:00,9,5,True
MOVE-001010,PAS-122,Jan Pragati Passenger 122,Passenger,COR-05,SEC-13,2026-09-17,2026-09-17T09:44:00,2026-09-17T10:03:00,7,10,True
MOVE-001011,SUB-123,Gati Suburban 123,Suburban,COR-05,SEC-13,2026-09-17,2026-09-17T16:00:00,2026-09-17T16:15:00,6,8,True
MOVE-001012,GDS-124,Gati Freight 124,Goods,COR-05,SEC-13,2026-09-17,2026-09-17T20:55:00,2026-09-17T21:15:00,4,30,True
MOVE-001013,PAS-131,Jan Pragati Passenger 131,Passenger,COR-05,SEC-14,2026-09-17,2026-09-17T05:34:00,2026-09-17T05:49:00,7,10,True
MOVE-001014,SUB-132,Gati Suburban 132,Suburban,COR-05,SEC-14,2026-09-17,2026-09-17T10:47:00,2026-09-17T10:57:00,6,8,True
MOVE-001015,GDS-133,Gati Freight 133,Goods,COR-05,SEC-14,2026-09-17,2026-09-17T16:09:00,2026-09-17T16:32:00,4,30,True
MOVE-001016,EXP-134,Gati Express 134,Express,COR-05,SEC-14,2026-09-17,2026-09-17T19:09:00,2026-09-17T19:18:00,9,5,True
MOVE-001017,SUB-141,Gati Suburban 141,Suburban,COR-05,SEC-15,2026-09-17,2026-09-17T06:24:00,2026-09-17T06:36:00,6,8,True
MOVE-001018,GDS-142,Gati Freight 142,Goods,COR-05,SEC-15,2026-09-17,2026-09-17T10:14:00,2026-09-17T10:40:00,4,30,True
MOVE-001019,EXP-143,Gati Express 143,Express,COR-05,SEC-15,2026-09-17,2026-09-17T15:17:00,2026-09-17T15:27:00,9,5,True
MOVE-001020,PAS-144,Jan Pragati Passenger 144,Passenger,COR-05,SEC-15,2026-09-17,2026-09-17T20:23:00,2026-09-17T20:45:00,7,10,True
MOVE-001021,PAS-001,Jan Pragati Passenger 001,Passenger,COR-01,SEC-01,2026-09-18,2026-09-18T05:48:00,2026-09-18T06:02:00,7,10,True
MOVE-001022,SUB-002,Gati Suburban 002,Suburban,COR-01,SEC-01,2026-09-18,2026-09-18T09:08:00,2026-09-18T09:20:00,6,8,True
MOVE-001023,GDS-003,Gati Freight 003,Goods,COR-01,SEC-01,2026-09-18,2026-09-18T16:09:00,2026-09-18T16:38:00,4,30,True
MOVE-001024,EXP-004,Gati Express 004,Express,COR-01,SEC-01,2026-09-18,2026-09-18T20:54:00,2026-09-18T21:03:00,9,5,True
MOVE-001025,SUB-011,Gati Suburban 011,Suburban,COR-01,SEC-02,2026-09-18,2026-09-18T06:42:00,2026-09-18T06:58:00,6,8,True
MOVE-001026,GDS-012,Gati Freight 012,Goods,COR-01,SEC-02,2026-09-18,2026-09-18T09:56:00,2026-09-18T10:26:00,4,30,True
MOVE-001027,EXP-013,Gati Express 013,Express,COR-01,SEC-02,2026-09-18,2026-09-18T15:20:00,2026-09-18T15:35:00,9,5,True
MOVE-001028,PAS-014,Jan Pragati Passenger 014,Passenger,COR-01,SEC-02,2026-09-18,2026-09-18T21:17:00,2026-09-18T21:31:00,7,10,True
MOVE-001029,GDS-021,Gati Freight 021,Goods,COR-01,SEC-03,2026-09-18,2026-09-18T06:02:00,2026-09-18T06:25:00,4,30,True
MOVE-001030,EXP-022,Gati Express 022,Express,COR-01,SEC-03,2026-09-18,2026-09-18T10:45:00,2026-09-18T10:53:00,9,5,True
MOVE-001031,PAS-023,Jan Pragati Passenger 023,Passenger,COR-01,SEC-03,2026-09-18,2026-09-18T16:09:00,2026-09-18T16:21:00,7,10,True
MOVE-001032,SUB-024,Gati Suburban 024,Suburban,COR-01,SEC-03,2026-09-18,2026-09-18T19:24:00,2026-09-18T19:34:00,6,8,True
MOVE-001033,EXP-031,Gati Express 031,Express,COR-02,SEC-04,2026-09-18,2026-09-18T05:35:00,2026-09-18T05:47:00,9,5,True
MOVE-001034,PAS-032,Jan Pragati Passenger 032,Passenger,COR-02,SEC-04,2026-09-18,2026-09-18T10:11:00,2026-09-18T10:24:00,7,10,True
MOVE-001035,SUB-033,Gati Suburban 033,Suburban,COR-02,SEC-04,2026-09-18,2026-09-18T16:05:00,2026-09-18T16:16:00,6,8,True
MOVE-001036,GDS-034,Gati Freight 034,Goods,COR-02,SEC-04,2026-09-18,2026-09-18T19:12:00,2026-09-18T19:39:00,4,30,True
MOVE-001037,PAS-041,Jan Pragati Passenger 041,Passenger,COR-02,SEC-05,2026-09-18,2026-09-18T05:10:00,2026-09-18T05:22:00,7,10,True
MOVE-001038,SUB-042,Gati Suburban 042,Suburban,COR-02,SEC-05,2026-09-18,2026-09-18T09:11:00,2026-09-18T09:26:00,6,8,True
MOVE-001039,GDS-043,Gati Freight 043,Goods,COR-02,SEC-05,2026-09-18,2026-09-18T15:02:00,2026-09-18T15:32:00,4,30,True
MOVE-001040,EXP-044,Gati Express 044,Express,COR-02,SEC-05,2026-09-18,2026-09-18T18:08:00,2026-09-18T18:16:00,9,5,True
MOVE-001041,SUB-051,Gati Suburban 051,Suburban,COR-02,SEC-06,2026-09-18,2026-09-18T05:39:00,2026-09-18T05:54:00,6,8,True
MOVE-001042,GDS-052,Gati Freight 052,Goods,COR-02,SEC-06,2026-09-18,2026-09-18T10:19:00,2026-09-18T10:46:00,4,30,True
MOVE-001043,EXP-053,Gati Express 053,Express,COR-02,SEC-06,2026-09-18,2026-09-18T14:44:00,2026-09-18T14:52:00,9,5,True
MOVE-001044,PAS-054,Jan Pragati Passenger 054,Passenger,COR-02,SEC-06,2026-09-18,2026-09-18T19:03:00,2026-09-18T19:21:00,7,10,True
MOVE-001045,GDS-061,Gati Freight 061,Goods,COR-03,SEC-07,2026-09-18,2026-09-18T06:45:00,2026-09-18T07:10:00,4,30,True
MOVE-001046,EXP-062,Gati Express 062,Express,COR-03,SEC-07,2026-09-18,2026-09-18T09:20:00,2026-09-18T09:34:00,9,5,True
MOVE-001047,PAS-063,Jan Pragati Passenger 063,Passenger,COR-03,SEC-07,2026-09-18,2026-09-18T15:37:00,2026-09-18T15:52:00,7,10,True
MOVE-001048,SUB-064,Gati Suburban 064,Suburban,COR-03,SEC-07,2026-09-18,2026-09-18T19:48:00,2026-09-18T19:58:00,6,8,True
MOVE-001049,EXP-071,Gati Express 071,Express,COR-03,SEC-08,2026-09-18,2026-09-18T07:20:00,2026-09-18T07:30:00,9,5,True
MOVE-001050,PAS-072,Jan Pragati Passenger 072,Passenger,COR-03,SEC-08,2026-09-18,2026-09-18T10:58:00,2026-09-18T11:16:00,7,10,True
MOVE-001051,SUB-073,Gati Suburban 073,Suburban,COR-03,SEC-08,2026-09-18,2026-09-18T14:46:00,2026-09-18T15:00:00,6,8,True
MOVE-001052,GDS-074,Gati Freight 074,Goods,COR-03,SEC-08,2026-09-18,2026-09-18T19:04:00,2026-09-18T19:29:00,4,30,True
MOVE-001053,PAS-081,Jan Pragati Passenger 081,Passenger,COR-03,SEC-09,2026-09-18,2026-09-18T06:19:00,2026-09-18T06:32:00,7,10,True
MOVE-001054,SUB-082,Gati Suburban 082,Suburban,COR-03,SEC-09,2026-09-18,2026-09-18T10:44:00,2026-09-18T11:02:00,6,8,True
MOVE-001055,GDS-083,Gati Freight 083,Goods,COR-03,SEC-09,2026-09-18,2026-09-18T15:54:00,2026-09-18T16:24:00,4,30,True
MOVE-001056,EXP-084,Gati Express 084,Express,COR-03,SEC-09,2026-09-18,2026-09-18T20:22:00,2026-09-18T20:36:00,9,5,True
MOVE-001057,SUB-091,Gati Suburban 091,Suburban,COR-04,SEC-10,2026-09-18,2026-09-18T06:01:00,2026-09-18T06:16:00,6,8,True
MOVE-001058,GDS-092,Gati Freight 092,Goods,COR-04,SEC-10,2026-09-18,2026-09-18T10:50:00,2026-09-18T11:15:00,4,30,True
MOVE-001059,EXP-093,Gati Express 093,Express,COR-04,SEC-10,2026-09-18,2026-09-18T14:47:00,2026-09-18T14:55:00,9,5,True
MOVE-001060,PAS-094,Jan Pragati Passenger 094,Passenger,COR-04,SEC-10,2026-09-18,2026-09-18T20:28:00,2026-09-18T20:46:00,7,10,True
MOVE-001061,GDS-101,Gati Freight 101,Goods,COR-04,SEC-11,2026-09-18,2026-09-18T05:21:00,2026-09-18T05:40:00,4,30,True
MOVE-001062,EXP-102,Gati Express 102,Express,COR-04,SEC-11,2026-09-18,2026-09-18T10:52:00,2026-09-18T11:06:00,9,5,True
MOVE-001063,PAS-103,Jan Pragati Passenger 103,Passenger,COR-04,SEC-11,2026-09-18,2026-09-18T14:33:00,2026-09-18T14:51:00,7,10,True
MOVE-001064,SUB-104,Gati Suburban 104,Suburban,COR-04,SEC-11,2026-09-18,2026-09-18T19:04:00,2026-09-18T19:20:00,6,8,True
MOVE-001065,EXP-111,Gati Express 111,Express,COR-04,SEC-12,2026-09-18,2026-09-18T05:29:00,2026-09-18T05:41:00,9,5,True
MOVE-001066,PAS-112,Jan Pragati Passenger 112,Passenger,COR-04,SEC-12,2026-09-18,2026-09-18T09:10:00,2026-09-18T09:26:00,7,10,True
MOVE-001067,SUB-113,Gati Suburban 113,Suburban,COR-04,SEC-12,2026-09-18,2026-09-18T15:25:00,2026-09-18T15:39:00,6,8,True
MOVE-001068,GDS-114,Gati Freight 114,Goods,COR-04,SEC-12,2026-09-18,2026-09-18T21:05:00,2026-09-18T21:25:00,4,30,True
MOVE-001069,PAS-121,Jan Pragati Passenger 121,Passenger,COR-05,SEC-13,2026-09-18,2026-09-18T06:49:00,2026-09-18T07:01:00,7,10,True
MOVE-001070,SUB-122,Gati Suburban 122,Suburban,COR-05,SEC-13,2026-09-18,2026-09-18T10:03:00,2026-09-18T10:16:00,6,8,True
MOVE-001071,GDS-123,Gati Freight 123,Goods,COR-05,SEC-13,2026-09-18,2026-09-18T15:18:00,2026-09-18T15:47:00,4,30,True
MOVE-001072,EXP-124,Gati Express 124,Express,COR-05,SEC-13,2026-09-18,2026-09-18T18:29:00,2026-09-18T18:40:00,9,5,True
MOVE-001073,SUB-131,Gati Suburban 131,Suburban,COR-05,SEC-14,2026-09-18,2026-09-18T05:29:00,2026-09-18T05:44:00,6,8,True
MOVE-001074,GDS-132,Gati Freight 132,Goods,COR-05,SEC-14,2026-09-18,2026-09-18T09:24:00,2026-09-18T09:50:00,4,30,True
MOVE-001075,EXP-133,Gati Express 133,Express,COR-05,SEC-14,2026-09-18,2026-09-18T14:40:00,2026-09-18T14:56:00,9,5,True
MOVE-001076,PAS-134,Jan Pragati Passenger 134,Passenger,COR-05,SEC-14,2026-09-18,2026-09-18T21:08:00,2026-09-18T21:26:00,7,10,True
MOVE-001077,GDS-141,Gati Freight 141,Goods,COR-05,SEC-15,2026-09-18,2026-09-18T06:13:00,2026-09-18T06:34:00,4,30,True
MOVE-001078,EXP-142,Gati Express 142,Express,COR-05,SEC-15,2026-09-18,2026-09-18T10:14:00,2026-09-18T10:22:00,9,5,True
MOVE-001079,PAS-143,Jan Pragati Passenger 143,Passenger,COR-05,SEC-15,2026-09-18,2026-09-18T14:05:00,2026-09-18T14:21:00,7,10,True
MOVE-001080,SUB-144,Gati Suburban 144,Suburban,COR-05,SEC-15,2026-09-18,2026-09-18T19:32:00,2026-09-18T19:42:00,6,8,True
MOVE-001081,SUB-001,Gati Suburban 001,Suburban,COR-01,SEC-01,2026-09-19,2026-09-19T05:33:00,2026-09-19T05:49:00,6,8,True
MOVE-001082,GDS-002,Gati Freight 002,Goods,COR-01,SEC-01,2026-09-19,2026-09-19T11:01:00,2026-09-19T11:27:00,4,30,True
MOVE-001083,EXP-003,Gati Express 003,Express,COR-01,SEC-01,2026-09-19,2026-09-19T16:06:00,2026-09-19T16:17:00,9,5,True
MOVE-001084,PAS-004,Jan Pragati Passenger 004,Passenger,COR-01,SEC-01,2026-09-19,2026-09-19T19:18:00,2026-09-19T19:38:00,7,10,True
MOVE-001085,GDS-011,Gati Freight 011,Goods,COR-01,SEC-02,2026-09-19,2026-09-19T07:14:00,2026-09-19T07:38:00,4,30,True
MOVE-001086,EXP-012,Gati Express 012,Express,COR-01,SEC-02,2026-09-19,2026-09-19T10:56:00,2026-09-19T11:05:00,9,5,True
MOVE-001087,PAS-013,Jan Pragati Passenger 013,Passenger,COR-01,SEC-02,2026-09-19,2026-09-19T14:57:00,2026-09-19T15:17:00,7,10,True
MOVE-001088,SUB-014,Gati Suburban 014,Suburban,COR-01,SEC-02,2026-09-19,2026-09-19T21:15:00,2026-09-19T21:25:00,6,8,True
MOVE-001089,EXP-021,Gati Express 021,Express,COR-01,SEC-03,2026-09-19,2026-09-19T06:31:00,2026-09-19T06:45:00,9,5,True
MOVE-001090,PAS-022,Jan Pragati Passenger 022,Passenger,COR-01,SEC-03,2026-09-19,2026-09-19T11:23:00,2026-09-19T11:37:00,7,10,True
MOVE-001091,SUB-023,Gati Suburban 023,Suburban,COR-01,SEC-03,2026-09-19,2026-09-19T15:09:00,2026-09-19T15:24:00,6,8,True
MOVE-001092,GDS-024,Gati Freight 024,Goods,COR-01,SEC-03,2026-09-19,2026-09-19T19:44:00,2026-09-19T20:09:00,4,30,True
MOVE-001093,PAS-031,Jan Pragati Passenger 031,Passenger,COR-02,SEC-04,2026-09-19,2026-09-19T06:45:00,2026-09-19T06:58:00,7,10,True
MOVE-001094,SUB-032,Gati Suburban 032,Suburban,COR-02,SEC-04,2026-09-19,2026-09-19T10:06:00,2026-09-19T10:18:00,6,8,True
MOVE-001095,GDS-033,Gati Freight 033,Goods,COR-02,SEC-04,2026-09-19,2026-09-19T16:00:00,2026-09-19T16:29:00,4,30,True
MOVE-001096,EXP-034,Gati Express 034,Express,COR-02,SEC-04,2026-09-19,2026-09-19T19:29:00,2026-09-19T19:37:00,9,5,True
MOVE-001097,SUB-041,Gati Suburban 041,Suburban,COR-02,SEC-05,2026-09-19,2026-09-19T06:31:00,2026-09-19T06:42:00,6,8,True
MOVE-001098,GDS-042,Gati Freight 042,Goods,COR-02,SEC-05,2026-09-19,2026-09-19T09:53:00,2026-09-19T10:12:00,4,30,True
MOVE-001099,EXP-043,Gati Express 043,Express,COR-02,SEC-05,2026-09-19,2026-09-19T16:05:00,2026-09-19T16:13:00,9,5,True
MOVE-001100,PAS-044,Jan Pragati Passenger 044,Passenger,COR-02,SEC-05,2026-09-19,2026-09-19T19:10:00,2026-09-19T19:25:00,7,10,True
MOVE-001101,GDS-051,Gati Freight 051,Goods,COR-02,SEC-06,2026-09-19,2026-09-19T05:26:00,2026-09-19T05:45:00,4,30,True
MOVE-001102,EXP-052,Gati Express 052,Express,COR-02,SEC-06,2026-09-19,2026-09-19T10:31:00,2026-09-19T10:39:00,9,5,True
MOVE-001103,PAS-053,Jan Pragati Passenger 053,Passenger,COR-02,SEC-06,2026-09-19,2026-09-19T15:34:00,2026-09-19T15:49:00,7,10,True
MOVE-001104,SUB-054,Gati Suburban 054,Suburban,COR-02,SEC-06,2026-09-19,2026-09-19T19:00:00,2026-09-19T19:11:00,6,8,True
MOVE-001105,EXP-061,Gati Express 061,Express,COR-03,SEC-07,2026-09-19,2026-09-19T06:26:00,2026-09-19T06:38:00,9,5,True
MOVE-001106,PAS-062,Jan Pragati Passenger 062,Passenger,COR-03,SEC-07,2026-09-19,2026-09-19T09:58:00,2026-09-19T10:12:00,7,10,True
MOVE-001107,SUB-063,Gati Suburban 063,Suburban,COR-03,SEC-07,2026-09-19,2026-09-19T15:25:00,2026-09-19T15:36:00,6,8,True
MOVE-001108,GDS-064,Gati Freight 064,Goods,COR-03,SEC-07,2026-09-19,2026-09-19T19:17:00,2026-09-19T19:46:00,4,30,True
MOVE-001109,PAS-071,Jan Pragati Passenger 071,Passenger,COR-03,SEC-08,2026-09-19,2026-09-19T05:48:00,2026-09-19T06:09:00,7,10,True
MOVE-001110,SUB-072,Gati Suburban 072,Suburban,COR-03,SEC-08,2026-09-19,2026-09-19T09:52:00,2026-09-19T10:02:00,6,8,True
MOVE-001111,GDS-073,Gati Freight 073,Goods,COR-03,SEC-08,2026-09-19,2026-09-19T14:57:00,2026-09-19T15:26:00,4,30,True
MOVE-001112,EXP-074,Gati Express 074,Express,COR-03,SEC-08,2026-09-19,2026-09-19T20:50:00,2026-09-19T21:03:00,9,5,True
MOVE-001113,SUB-081,Gati Suburban 081,Suburban,COR-03,SEC-09,2026-09-19,2026-09-19T06:08:00,2026-09-19T06:23:00,6,8,True
MOVE-001114,GDS-082,Gati Freight 082,Goods,COR-03,SEC-09,2026-09-19,2026-09-19T09:23:00,2026-09-19T09:49:00,4,30,True
MOVE-001115,EXP-083,Gati Express 083,Express,COR-03,SEC-09,2026-09-19,2026-09-19T15:50:00,2026-09-19T16:05:00,9,5,True
MOVE-001116,PAS-084,Jan Pragati Passenger 084,Passenger,COR-03,SEC-09,2026-09-19,2026-09-19T20:48:00,2026-09-19T21:08:00,7,10,True
MOVE-001117,GDS-091,Gati Freight 091,Goods,COR-04,SEC-10,2026-09-19,2026-09-19T07:11:00,2026-09-19T07:41:00,4,30,True
MOVE-001118,EXP-092,Gati Express 092,Express,COR-04,SEC-10,2026-09-19,2026-09-19T10:18:00,2026-09-19T10:27:00,9,5,True
MOVE-001119,PAS-093,Jan Pragati Passenger 093,Passenger,COR-04,SEC-10,2026-09-19,2026-09-19T16:06:00,2026-09-19T16:21:00,7,10,True
MOVE-001120,SUB-094,Gati Suburban 094,Suburban,COR-04,SEC-10,2026-09-19,2026-09-19T21:03:00,2026-09-19T21:19:00,6,8,True
MOVE-001121,EXP-101,Gati Express 101,Express,COR-04,SEC-11,2026-09-19,2026-09-19T05:52:00,2026-09-19T06:04:00,9,5,True
MOVE-001122,PAS-102,Jan Pragati Passenger 102,Passenger,COR-04,SEC-11,2026-09-19,2026-09-19T10:21:00,2026-09-19T10:36:00,7,10,True
MOVE-001123,SUB-103,Gati Suburban 103,Suburban,COR-04,SEC-11,2026-09-19,2026-09-19T15:56:00,2026-09-19T16:14:00,6,8,True
MOVE-001124,GDS-104,Gati Freight 104,Goods,COR-04,SEC-11,2026-09-19,2026-09-19T19:14:00,2026-09-19T19:38:00,4,30,True
MOVE-001125,PAS-111,Jan Pragati Passenger 111,Passenger,COR-04,SEC-12,2026-09-19,2026-09-19T05:43:00,2026-09-19T06:01:00,7,10,True
MOVE-001126,SUB-112,Gati Suburban 112,Suburban,COR-04,SEC-12,2026-09-19,2026-09-19T11:15:00,2026-09-19T11:28:00,6,8,True
MOVE-001127,GDS-113,Gati Freight 113,Goods,COR-04,SEC-12,2026-09-19,2026-09-19T15:04:00,2026-09-19T15:34:00,4,30,True
MOVE-001128,EXP-114,Gati Express 114,Express,COR-04,SEC-12,2026-09-19,2026-09-19T20:59:00,2026-09-19T21:10:00,9,5,True
MOVE-001129,SUB-121,Gati Suburban 121,Suburban,COR-05,SEC-13,2026-09-19,2026-09-19T06:54:00,2026-09-19T07:07:00,6,8,True
MOVE-001130,GDS-122,Gati Freight 122,Goods,COR-05,SEC-13,2026-09-19,2026-09-19T10:01:00,2026-09-19T10:30:00,4,30,True
MOVE-001131,EXP-123,Gati Express 123,Express,COR-05,SEC-13,2026-09-19,2026-09-19T14:35:00,2026-09-19T14:48:00,9,5,True
MOVE-001132,PAS-124,Jan Pragati Passenger 124,Passenger,COR-05,SEC-13,2026-09-19,2026-09-19T19:02:00,2026-09-19T19:18:00,7,10,True
MOVE-001133,GDS-131,Gati Freight 131,Goods,COR-05,SEC-14,2026-09-19,2026-09-19T05:33:00,2026-09-19T05:55:00,4,30,True
MOVE-001134,EXP-132,Gati Express 132,Express,COR-05,SEC-14,2026-09-19,2026-09-19T10:51:00,2026-09-19T11:06:00,9,5,True
MOVE-001135,PAS-133,Jan Pragati Passenger 133,Passenger,COR-05,SEC-14,2026-09-19,2026-09-19T16:02:00,2026-09-19T16:18:00,7,10,True
MOVE-001136,SUB-134,Gati Suburban 134,Suburban,COR-05,SEC-14,2026-09-19,2026-09-19T18:08:00,2026-09-19T18:23:00,6,8,True
MOVE-001137,EXP-141,Gati Express 141,Express,COR-05,SEC-15,2026-09-19,2026-09-19T05:14:00,2026-09-19T05:26:00,9,5,True
MOVE-001138,PAS-142,Jan Pragati Passenger 142,Passenger,COR-05,SEC-15,2026-09-19,2026-09-19T09:33:00,2026-09-19T09:50:00,7,10,True
MOVE-001139,SUB-143,Gati Suburban 143,Suburban,COR-05,SEC-15,2026-09-19,2026-09-19T14:07:00,2026-09-19T14:22:00,6,8,True
MOVE-001140,GDS-144,Gati Freight 144,Goods,COR-05,SEC-15,2026-09-19,2026-09-19T19:36:00,2026-09-19T19:57:00,4,30,True
MOVE-001141,GDS-001,Gati Freight 001,Goods,COR-01,SEC-01,2026-09-20,2026-09-20T06:28:00,2026-09-20T06:46:00,4,30,True
MOVE-001142,EXP-002,Gati Express 002,Express,COR-01,SEC-01,2026-09-20,2026-09-20T10:20:00,2026-09-20T10:33:00,9,5,True
MOVE-001143,PAS-003,Jan Pragati Passenger 003,Passenger,COR-01,SEC-01,2026-09-20,2026-09-20T15:17:00,2026-09-20T15:29:00,7,10,True
MOVE-001144,SUB-004,Gati Suburban 004,Suburban,COR-01,SEC-01,2026-09-20,2026-09-20T20:31:00,2026-09-20T20:43:00,6,8,True
MOVE-001145,EXP-011,Gati Express 011,Express,COR-01,SEC-02,2026-09-20,2026-09-20T07:19:00,2026-09-20T07:35:00,9,5,True
MOVE-001146,PAS-012,Jan Pragati Passenger 012,Passenger,COR-01,SEC-02,2026-09-20,2026-09-20T11:06:00,2026-09-20T11:28:00,7,10,True
MOVE-001147,SUB-013,Gati Suburban 013,Suburban,COR-01,SEC-02,2026-09-20,2026-09-20T15:23:00,2026-09-20T15:35:00,6,8,True
MOVE-001148,GDS-014,Gati Freight 014,Goods,COR-01,SEC-02,2026-09-20,2026-09-20T18:44:00,2026-09-20T19:09:00,4,30,True
MOVE-001149,PAS-021,Jan Pragati Passenger 021,Passenger,COR-01,SEC-03,2026-09-20,2026-09-20T05:58:00,2026-09-20T06:17:00,7,10,True
MOVE-001150,SUB-022,Gati Suburban 022,Suburban,COR-01,SEC-03,2026-09-20,2026-09-20T10:34:00,2026-09-20T10:44:00,6,8,True
MOVE-001151,GDS-023,Gati Freight 023,Goods,COR-01,SEC-03,2026-09-20,2026-09-20T14:24:00,2026-09-20T14:53:00,4,30,True
MOVE-001152,EXP-024,Gati Express 024,Express,COR-01,SEC-03,2026-09-20,2026-09-20T20:55:00,2026-09-20T21:10:00,9,5,True
MOVE-001153,SUB-031,Gati Suburban 031,Suburban,COR-02,SEC-04,2026-09-20,2026-09-20T06:35:00,2026-09-20T06:47:00,6,8,True
MOVE-001154,GDS-032,Gati Freight 032,Goods,COR-02,SEC-04,2026-09-20,2026-09-20T09:47:00,2026-09-20T10:13:00,4,30,True
MOVE-001155,EXP-033,Gati Express 033,Express,COR-02,SEC-04,2026-09-20,2026-09-20T14:25:00,2026-09-20T14:41:00,9,5,True
MOVE-001156,PAS-034,Jan Pragati Passenger 034,Passenger,COR-02,SEC-04,2026-09-20,2026-09-20T19:55:00,2026-09-20T20:08:00,7,10,True
MOVE-001157,GDS-041,Gati Freight 041,Goods,COR-02,SEC-05,2026-09-20,2026-09-20T06:04:00,2026-09-20T06:22:00,4,30,True
MOVE-001158,EXP-042,Gati Express 042,Express,COR-02,SEC-05,2026-09-20,2026-09-20T09:34:00,2026-09-20T09:45:00,9,5,True
MOVE-001159,PAS-043,Jan Pragati Passenger 043,Passenger,COR-02,SEC-05,2026-09-20,2026-09-20T15:08:00,2026-09-20T15:22:00,7,10,True
MOVE-001160,SUB-044,Gati Suburban 044,Suburban,COR-02,SEC-05,2026-09-20,2026-09-20T21:11:00,2026-09-20T21:27:00,6,8,True
MOVE-001161,EXP-051,Gati Express 051,Express,COR-02,SEC-06,2026-09-20,2026-09-20T06:18:00,2026-09-20T06:33:00,9,5,True
MOVE-001162,PAS-052,Jan Pragati Passenger 052,Passenger,COR-02,SEC-06,2026-09-20,2026-09-20T09:42:00,2026-09-20T10:04:00,7,10,True
MOVE-001163,SUB-053,Gati Suburban 053,Suburban,COR-02,SEC-06,2026-09-20,2026-09-20T15:06:00,2026-09-20T15:18:00,6,8,True
MOVE-001164,GDS-054,Gati Freight 054,Goods,COR-02,SEC-06,2026-09-20,2026-09-20T18:17:00,2026-09-20T18:36:00,4,30,True
MOVE-001165,PAS-061,Jan Pragati Passenger 061,Passenger,COR-03,SEC-07,2026-09-20,2026-09-20T07:12:00,2026-09-20T07:33:00,7,10,True
MOVE-001166,SUB-062,Gati Suburban 062,Suburban,COR-03,SEC-07,2026-09-20,2026-09-20T09:41:00,2026-09-20T09:56:00,6,8,True
MOVE-001167,GDS-063,Gati Freight 063,Goods,COR-03,SEC-07,2026-09-20,2026-09-20T16:17:00,2026-09-20T16:46:00,4,30,True
MOVE-001168,EXP-064,Gati Express 064,Express,COR-03,SEC-07,2026-09-20,2026-09-20T18:14:00,2026-09-20T18:26:00,9,5,True
MOVE-001169,SUB-071,Gati Suburban 071,Suburban,COR-03,SEC-08,2026-09-20,2026-09-20T05:22:00,2026-09-20T05:38:00,6,8,True
MOVE-001170,GDS-072,Gati Freight 072,Goods,COR-03,SEC-08,2026-09-20,2026-09-20T09:42:00,2026-09-20T10:01:00,4,30,True
MOVE-001171,EXP-073,Gati Express 073,Express,COR-03,SEC-08,2026-09-20,2026-09-20T16:09:00,2026-09-20T16:17:00,9,5,True
MOVE-001172,PAS-074,Jan Pragati Passenger 074,Passenger,COR-03,SEC-08,2026-09-20,2026-09-20T18:58:00,2026-09-20T19:13:00,7,10,True
MOVE-001173,GDS-081,Gati Freight 081,Goods,COR-03,SEC-09,2026-09-20,2026-09-20T06:47:00,2026-09-20T07:15:00,4,30,True
MOVE-001174,EXP-082,Gati Express 082,Express,COR-03,SEC-09,2026-09-20,2026-09-20T11:06:00,2026-09-20T11:22:00,9,5,True
MOVE-001175,PAS-083,Jan Pragati Passenger 083,Passenger,COR-03,SEC-09,2026-09-20,2026-09-20T16:25:00,2026-09-20T16:41:00,7,10,True
MOVE-001176,SUB-084,Gati Suburban 084,Suburban,COR-03,SEC-09,2026-09-20,2026-09-20T20:42:00,2026-09-20T21:00:00,6,8,True
MOVE-001177,EXP-091,Gati Express 091,Express,COR-04,SEC-10,2026-09-20,2026-09-20T06:07:00,2026-09-20T06:18:00,9,5,True
MOVE-001178,PAS-092,Jan Pragati Passenger 092,Passenger,COR-04,SEC-10,2026-09-20,2026-09-20T09:45:00,2026-09-20T09:58:00,7,10,True
MOVE-001179,SUB-093,Gati Suburban 093,Suburban,COR-04,SEC-10,2026-09-20,2026-09-20T16:12:00,2026-09-20T16:23:00,6,8,True
MOVE-001180,GDS-094,Gati Freight 094,Goods,COR-04,SEC-10,2026-09-20,2026-09-20T20:21:00,2026-09-20T20:42:00,4,30,True
MOVE-001181,PAS-101,Jan Pragati Passenger 101,Passenger,COR-04,SEC-11,2026-09-20,2026-09-20T07:01:00,2026-09-20T07:16:00,7,10,True
MOVE-001182,SUB-102,Gati Suburban 102,Suburban,COR-04,SEC-11,2026-09-20,2026-09-20T09:48:00,2026-09-20T10:04:00,6,8,True
MOVE-001183,GDS-103,Gati Freight 103,Goods,COR-04,SEC-11,2026-09-20,2026-09-20T14:51:00,2026-09-20T15:13:00,4,30,True
MOVE-001184,EXP-104,Gati Express 104,Express,COR-04,SEC-11,2026-09-20,2026-09-20T19:25:00,2026-09-20T19:33:00,9,5,True
MOVE-001185,SUB-111,Gati Suburban 111,Suburban,COR-04,SEC-12,2026-09-20,2026-09-20T06:58:00,2026-09-20T07:08:00,6,8,True
MOVE-001186,GDS-112,Gati Freight 112,Goods,COR-04,SEC-12,2026-09-20,2026-09-20T10:11:00,2026-09-20T10:30:00,4,30,True
MOVE-001187,EXP-113,Gati Express 113,Express,COR-04,SEC-12,2026-09-20,2026-09-20T15:18:00,2026-09-20T15:26:00,9,5,True
MOVE-001188,PAS-114,Jan Pragati Passenger 114,Passenger,COR-04,SEC-12,2026-09-20,2026-09-20T18:29:00,2026-09-20T18:46:00,7,10,True
MOVE-001189,GDS-121,Gati Freight 121,Goods,COR-05,SEC-13,2026-09-20,2026-09-20T06:57:00,2026-09-20T07:16:00,4,30,True
MOVE-001190,EXP-122,Gati Express 122,Express,COR-05,SEC-13,2026-09-20,2026-09-20T11:25:00,2026-09-20T11:33:00,9,5,True
MOVE-001191,PAS-123,Jan Pragati Passenger 123,Passenger,COR-05,SEC-13,2026-09-20,2026-09-20T14:28:00,2026-09-20T14:41:00,7,10,True
MOVE-001192,SUB-124,Gati Suburban 124,Suburban,COR-05,SEC-13,2026-09-20,2026-09-20T19:26:00,2026-09-20T19:38:00,6,8,True
MOVE-001193,EXP-131,Gati Express 131,Express,COR-05,SEC-14,2026-09-20,2026-09-20T07:14:00,2026-09-20T07:28:00,9,5,True
MOVE-001194,PAS-132,Jan Pragati Passenger 132,Passenger,COR-05,SEC-14,2026-09-20,2026-09-20T10:10:00,2026-09-20T10:24:00,7,10,True
MOVE-001195,SUB-133,Gati Suburban 133,Suburban,COR-05,SEC-14,2026-09-20,2026-09-20T14:48:00,2026-09-20T15:00:00,6,8,True
MOVE-001196,GDS-134,Gati Freight 134,Goods,COR-05,SEC-14,2026-09-20,2026-09-20T18:49:00,2026-09-20T19:10:00,4,30,True
MOVE-001197,PAS-141,Jan Pragati Passenger 141,Passenger,COR-05,SEC-15,2026-09-20,2026-09-20T06:09:00,2026-09-20T06:23:00,7,10,True
MOVE-001198,SUB-142,Gati Suburban 142,Suburban,COR-05,SEC-15,2026-09-20,2026-09-20T09:05:00,2026-09-20T09:17:00,6,8,True
MOVE-001199,GDS-143,Gati Freight 143,Goods,COR-05,SEC-15,2026-09-20,2026-09-20T15:57:00,2026-09-20T16:22:00,4,30,True
MOVE-001200,EXP-144,Gati Express 144,Express,COR-05,SEC-15,2026-09-20,2026-09-20T20:42:00,2026-09-20T20:53:00,9,5,True
MOVE-001201,EXP-001,Gati Express 001,Express,COR-01,SEC-01,2026-09-21,2026-09-21T07:13:00,2026-09-21T07:24:00,9,5,True
MOVE-001202,PAS-002,Jan Pragati Passenger 002,Passenger,COR-01,SEC-01,2026-09-21,2026-09-21T09:22:00,2026-09-21T09:40:00,7,10,True
MOVE-001203,SUB-003,Gati Suburban 003,Suburban,COR-01,SEC-01,2026-09-21,2026-09-21T16:10:00,2026-09-21T16:23:00,6,8,True
MOVE-001204,GDS-004,Gati Freight 004,Goods,COR-01,SEC-01,2026-09-21,2026-09-21T20:05:00,2026-09-21T20:29:00,4,30,True
MOVE-001205,PAS-011,Jan Pragati Passenger 011,Passenger,COR-01,SEC-02,2026-09-21,2026-09-21T05:11:00,2026-09-21T05:27:00,7,10,True
MOVE-001206,SUB-012,Gati Suburban 012,Suburban,COR-01,SEC-02,2026-09-21,2026-09-21T10:06:00,2026-09-21T10:20:00,6,8,True
MOVE-001207,GDS-013,Gati Freight 013,Goods,COR-01,SEC-02,2026-09-21,2026-09-21T14:28:00,2026-09-21T14:57:00,4,30,True
MOVE-001208,EXP-014,Gati Express 014,Express,COR-01,SEC-02,2026-09-21,2026-09-21T18:42:00,2026-09-21T18:57:00,9,5,True
MOVE-001209,SUB-021,Gati Suburban 021,Suburban,COR-01,SEC-03,2026-09-21,2026-09-21T07:10:00,2026-09-21T07:27:00,6,8,True
MOVE-001210,GDS-022,Gati Freight 022,Goods,COR-01,SEC-03,2026-09-21,2026-09-21T10:13:00,2026-09-21T10:35:00,4,30,True
MOVE-001211,EXP-023,Gati Express 023,Express,COR-01,SEC-03,2026-09-21,2026-09-21T16:19:00,2026-09-21T16:32:00,9,5,True
MOVE-001212,PAS-024,Jan Pragati Passenger 024,Passenger,COR-01,SEC-03,2026-09-21,2026-09-21T20:01:00,2026-09-21T20:15:00,7,10,True
MOVE-001213,GDS-031,Gati Freight 031,Goods,COR-02,SEC-04,2026-09-21,2026-09-21T05:43:00,2026-09-21T06:04:00,4,30,True
MOVE-001214,EXP-032,Gati Express 032,Express,COR-02,SEC-04,2026-09-21,2026-09-21T10:22:00,2026-09-21T10:31:00,9,5,True
MOVE-001215,PAS-033,Jan Pragati Passenger 033,Passenger,COR-02,SEC-04,2026-09-21,2026-09-21T16:07:00,2026-09-21T16:25:00,7,10,True
MOVE-001216,SUB-034,Gati Suburban 034,Suburban,COR-02,SEC-04,2026-09-21,2026-09-21T19:04:00,2026-09-21T19:17:00,6,8,True
MOVE-001217,EXP-041,Gati Express 041,Express,COR-02,SEC-05,2026-09-21,2026-09-21T06:05:00,2026-09-21T06:14:00,9,5,True
MOVE-001218,PAS-042,Jan Pragati Passenger 042,Passenger,COR-02,SEC-05,2026-09-21,2026-09-21T10:51:00,2026-09-21T11:10:00,7,10,True
MOVE-001219,SUB-043,Gati Suburban 043,Suburban,COR-02,SEC-05,2026-09-21,2026-09-21T15:40:00,2026-09-21T15:54:00,6,8,True
MOVE-001220,GDS-044,Gati Freight 044,Goods,COR-02,SEC-05,2026-09-21,2026-09-21T19:23:00,2026-09-21T19:49:00,4,30,True
MOVE-001221,PAS-051,Jan Pragati Passenger 051,Passenger,COR-02,SEC-06,2026-09-21,2026-09-21T05:55:00,2026-09-21T06:08:00,7,10,True
MOVE-001222,SUB-052,Gati Suburban 052,Suburban,COR-02,SEC-06,2026-09-21,2026-09-21T10:23:00,2026-09-21T10:41:00,6,8,True
MOVE-001223,GDS-053,Gati Freight 053,Goods,COR-02,SEC-06,2026-09-21,2026-09-21T14:13:00,2026-09-21T14:43:00,4,30,True
MOVE-001224,EXP-054,Gati Express 054,Express,COR-02,SEC-06,2026-09-21,2026-09-21T21:20:00,2026-09-21T21:35:00,9,5,True
MOVE-001225,SUB-061,Gati Suburban 061,Suburban,COR-03,SEC-07,2026-09-21,2026-09-21T06:16:00,2026-09-21T06:26:00,6,8,True
MOVE-001226,GDS-062,Gati Freight 062,Goods,COR-03,SEC-07,2026-09-21,2026-09-21T09:31:00,2026-09-21T09:52:00,4,30,True
MOVE-001227,EXP-063,Gati Express 063,Express,COR-03,SEC-07,2026-09-21,2026-09-21T16:24:00,2026-09-21T16:37:00,9,5,True
MOVE-001228,PAS-064,Jan Pragati Passenger 064,Passenger,COR-03,SEC-07,2026-09-21,2026-09-21T18:37:00,2026-09-21T18:49:00,7,10,True
MOVE-001229,GDS-071,Gati Freight 071,Goods,COR-03,SEC-08,2026-09-21,2026-09-21T05:41:00,2026-09-21T06:05:00,4,30,True
MOVE-001230,EXP-072,Gati Express 072,Express,COR-03,SEC-08,2026-09-21,2026-09-21T10:16:00,2026-09-21T10:26:00,9,5,True
MOVE-001231,PAS-073,Jan Pragati Passenger 073,Passenger,COR-03,SEC-08,2026-09-21,2026-09-21T15:04:00,2026-09-21T15:16:00,7,10,True
MOVE-001232,SUB-074,Gati Suburban 074,Suburban,COR-03,SEC-08,2026-09-21,2026-09-21T19:43:00,2026-09-21T19:58:00,6,8,True
MOVE-001233,EXP-081,Gati Express 081,Express,COR-03,SEC-09,2026-09-21,2026-09-21T05:44:00,2026-09-21T06:00:00,9,5,True
MOVE-001234,PAS-082,Jan Pragati Passenger 082,Passenger,COR-03,SEC-09,2026-09-21,2026-09-21T10:54:00,2026-09-21T11:06:00,7,10,True
MOVE-001235,SUB-083,Gati Suburban 083,Suburban,COR-03,SEC-09,2026-09-21,2026-09-21T16:12:00,2026-09-21T16:24:00,6,8,True
MOVE-001236,GDS-084,Gati Freight 084,Goods,COR-03,SEC-09,2026-09-21,2026-09-21T18:29:00,2026-09-21T18:51:00,4,30,True
MOVE-001237,PAS-091,Jan Pragati Passenger 091,Passenger,COR-04,SEC-10,2026-09-21,2026-09-21T07:16:00,2026-09-21T07:34:00,7,10,True
MOVE-001238,SUB-092,Gati Suburban 092,Suburban,COR-04,SEC-10,2026-09-21,2026-09-21T09:42:00,2026-09-21T09:56:00,6,8,True
MOVE-001239,GDS-093,Gati Freight 093,Goods,COR-04,SEC-10,2026-09-21,2026-09-21T15:13:00,2026-09-21T15:35:00,4,30,True
MOVE-001240,EXP-094,Gati Express 094,Express,COR-04,SEC-10,2026-09-21,2026-09-21T20:18:00,2026-09-21T20:28:00,9,5,True
MOVE-001241,SUB-101,Gati Suburban 101,Suburban,COR-04,SEC-11,2026-09-21,2026-09-21T07:22:00,2026-09-21T07:37:00,6,8,True
MOVE-001242,GDS-102,Gati Freight 102,Goods,COR-04,SEC-11,2026-09-21,2026-09-21T09:28:00,2026-09-21T09:53:00,4,30,True
MOVE-001243,EXP-103,Gati Express 103,Express,COR-04,SEC-11,2026-09-21,2026-09-21T14:16:00,2026-09-21T14:30:00,9,5,True
MOVE-001244,PAS-104,Jan Pragati Passenger 104,Passenger,COR-04,SEC-11,2026-09-21,2026-09-21T19:49:00,2026-09-21T20:08:00,7,10,True
MOVE-001245,GDS-111,Gati Freight 111,Goods,COR-04,SEC-12,2026-09-21,2026-09-21T06:32:00,2026-09-21T06:56:00,4,30,True
MOVE-001246,EXP-112,Gati Express 112,Express,COR-04,SEC-12,2026-09-21,2026-09-21T09:18:00,2026-09-21T09:31:00,9,5,True
MOVE-001247,PAS-113,Jan Pragati Passenger 113,Passenger,COR-04,SEC-12,2026-09-21,2026-09-21T16:21:00,2026-09-21T16:39:00,7,10,True
MOVE-001248,SUB-114,Gati Suburban 114,Suburban,COR-04,SEC-12,2026-09-21,2026-09-21T20:50:00,2026-09-21T21:01:00,6,8,True
MOVE-001249,EXP-121,Gati Express 121,Express,COR-05,SEC-13,2026-09-21,2026-09-21T06:58:00,2026-09-21T07:13:00,9,5,True
MOVE-001250,PAS-122,Jan Pragati Passenger 122,Passenger,COR-05,SEC-13,2026-09-21,2026-09-21T10:32:00,2026-09-21T10:53:00,7,10,True
MOVE-001251,SUB-123,Gati Suburban 123,Suburban,COR-05,SEC-13,2026-09-21,2026-09-21T14:33:00,2026-09-21T14:51:00,6,8,True
MOVE-001252,GDS-124,Gati Freight 124,Goods,COR-05,SEC-13,2026-09-21,2026-09-21T19:35:00,2026-09-21T20:05:00,4,30,True
MOVE-001253,PAS-131,Jan Pragati Passenger 131,Passenger,COR-05,SEC-14,2026-09-21,2026-09-21T05:36:00,2026-09-21T05:53:00,7,10,True
MOVE-001254,SUB-132,Gati Suburban 132,Suburban,COR-05,SEC-14,2026-09-21,2026-09-21T09:26:00,2026-09-21T09:42:00,6,8,True
MOVE-001255,GDS-133,Gati Freight 133,Goods,COR-05,SEC-14,2026-09-21,2026-09-21T15:17:00,2026-09-21T15:38:00,4,30,True
MOVE-001256,EXP-134,Gati Express 134,Express,COR-05,SEC-14,2026-09-21,2026-09-21T19:20:00,2026-09-21T19:29:00,9,5,True
MOVE-001257,SUB-141,Gati Suburban 141,Suburban,COR-05,SEC-15,2026-09-21,2026-09-21T05:11:00,2026-09-21T05:25:00,6,8,True
MOVE-001258,GDS-142,Gati Freight 142,Goods,COR-05,SEC-15,2026-09-21,2026-09-21T10:20:00,2026-09-21T10:38:00,4,30,True
MOVE-001259,EXP-143,Gati Express 143,Express,COR-05,SEC-15,2026-09-21,2026-09-21T15:34:00,2026-09-21T15:45:00,9,5,True
MOVE-001260,PAS-144,Jan Pragati Passenger 144,Passenger,COR-05,SEC-15,2026-09-21,2026-09-21T18:19:00,2026-09-21T18:34:00,7,10,True
MOVE-001261,PAS-001,Jan Pragati Passenger 001,Passenger,COR-01,SEC-01,2026-09-22,2026-09-22T06:49:00,2026-09-22T07:05:00,7,10,True
MOVE-001262,SUB-002,Gati Suburban 002,Suburban,COR-01,SEC-01,2026-09-22,2026-09-22T10:38:00,2026-09-22T10:48:00,6,8,True
MOVE-001263,GDS-003,Gati Freight 003,Goods,COR-01,SEC-01,2026-09-22,2026-09-22T15:13:00,2026-09-22T15:32:00,4,30,True
MOVE-001264,EXP-004,Gati Express 004,Express,COR-01,SEC-01,2026-09-22,2026-09-22T21:25:00,2026-09-22T21:34:00,9,5,True
MOVE-001265,SUB-011,Gati Suburban 011,Suburban,COR-01,SEC-02,2026-09-22,2026-09-22T05:49:00,2026-09-22T06:02:00,6,8,True
MOVE-001266,GDS-012,Gati Freight 012,Goods,COR-01,SEC-02,2026-09-22,2026-09-22T10:27:00,2026-09-22T10:50:00,4,30,True
MOVE-001267,EXP-013,Gati Express 013,Express,COR-01,SEC-02,2026-09-22,2026-09-22T15:00:00,2026-09-22T15:09:00,9,5,True
MOVE-001268,PAS-014,Jan Pragati Passenger 014,Passenger,COR-01,SEC-02,2026-09-22,2026-09-22T18:09:00,2026-09-22T18:23:00,7,10,True
MOVE-001269,GDS-021,Gati Freight 021,Goods,COR-01,SEC-03,2026-09-22,2026-09-22T05:31:00,2026-09-22T05:59:00,4,30,True
MOVE-001270,EXP-022,Gati Express 022,Express,COR-01,SEC-03,2026-09-22,2026-09-22T10:33:00,2026-09-22T10:43:00,9,5,True
MOVE-001271,PAS-023,Jan Pragati Passenger 023,Passenger,COR-01,SEC-03,2026-09-22,2026-09-22T15:54:00,2026-09-22T16:14:00,7,10,True
MOVE-001272,SUB-024,Gati Suburban 024,Suburban,COR-01,SEC-03,2026-09-22,2026-09-22T18:21:00,2026-09-22T18:31:00,6,8,True
MOVE-001273,EXP-031,Gati Express 031,Express,COR-02,SEC-04,2026-09-22,2026-09-22T06:35:00,2026-09-22T06:46:00,9,5,True
MOVE-001274,PAS-032,Jan Pragati Passenger 032,Passenger,COR-02,SEC-04,2026-09-22,2026-09-22T10:14:00,2026-09-22T10:31:00,7,10,True
MOVE-001275,SUB-033,Gati Suburban 033,Suburban,COR-02,SEC-04,2026-09-22,2026-09-22T14:18:00,2026-09-22T14:34:00,6,8,True
MOVE-001276,GDS-034,Gati Freight 034,Goods,COR-02,SEC-04,2026-09-22,2026-09-22T21:17:00,2026-09-22T21:47:00,4,30,True
MOVE-001277,PAS-041,Jan Pragati Passenger 041,Passenger,COR-02,SEC-05,2026-09-22,2026-09-22T06:26:00,2026-09-22T06:47:00,7,10,True
MOVE-001278,SUB-042,Gati Suburban 042,Suburban,COR-02,SEC-05,2026-09-22,2026-09-22T11:11:00,2026-09-22T11:27:00,6,8,True
MOVE-001279,GDS-043,Gati Freight 043,Goods,COR-02,SEC-05,2026-09-22,2026-09-22T16:11:00,2026-09-22T16:39:00,4,30,True
MOVE-001280,EXP-044,Gati Express 044,Express,COR-02,SEC-05,2026-09-22,2026-09-22T19:58:00,2026-09-22T20:07:00,9,5,True
MOVE-001281,SUB-051,Gati Suburban 051,Suburban,COR-02,SEC-06,2026-09-22,2026-09-22T05:47:00,2026-09-22T06:04:00,6,8,True
MOVE-001282,GDS-052,Gati Freight 052,Goods,COR-02,SEC-06,2026-09-22,2026-09-22T10:22:00,2026-09-22T10:41:00,4,30,True
MOVE-001283,EXP-053,Gati Express 053,Express,COR-02,SEC-06,2026-09-22,2026-09-22T14:41:00,2026-09-22T14:52:00,9,5,True
MOVE-001284,PAS-054,Jan Pragati Passenger 054,Passenger,COR-02,SEC-06,2026-09-22,2026-09-22T19:22:00,2026-09-22T19:35:00,7,10,True
MOVE-001285,GDS-061,Gati Freight 061,Goods,COR-03,SEC-07,2026-09-22,2026-09-22T06:41:00,2026-09-22T07:02:00,4,30,True
MOVE-001286,EXP-062,Gati Express 062,Express,COR-03,SEC-07,2026-09-22,2026-09-22T09:47:00,2026-09-22T10:01:00,9,5,True
MOVE-001287,PAS-063,Jan Pragati Passenger 063,Passenger,COR-03,SEC-07,2026-09-22,2026-09-22T14:52:00,2026-09-22T15:14:00,7,10,True
MOVE-001288,SUB-064,Gati Suburban 064,Suburban,COR-03,SEC-07,2026-09-22,2026-09-22T18:21:00,2026-09-22T18:36:00,6,8,True
MOVE-001289,EXP-071,Gati Express 071,Express,COR-03,SEC-08,2026-09-22,2026-09-22T06:50:00,2026-09-22T07:04:00,9,5,True
MOVE-001290,PAS-072,Jan Pragati Passenger 072,Passenger,COR-03,SEC-08,2026-09-22,2026-09-22T10:12:00,2026-09-22T10:27:00,7,10,True
MOVE-001291,SUB-073,Gati Suburban 073,Suburban,COR-03,SEC-08,2026-09-22,2026-09-22T14:55:00,2026-09-22T15:06:00,6,8,True
MOVE-001292,GDS-074,Gati Freight 074,Goods,COR-03,SEC-08,2026-09-22,2026-09-22T18:52:00,2026-09-22T19:10:00,4,30,True
MOVE-001293,PAS-081,Jan Pragati Passenger 081,Passenger,COR-03,SEC-09,2026-09-22,2026-09-22T06:14:00,2026-09-22T06:28:00,7,10,True
MOVE-001294,SUB-082,Gati Suburban 082,Suburban,COR-03,SEC-09,2026-09-22,2026-09-22T09:58:00,2026-09-22T10:14:00,6,8,True
MOVE-001295,GDS-083,Gati Freight 083,Goods,COR-03,SEC-09,2026-09-22,2026-09-22T14:13:00,2026-09-22T14:37:00,4,30,True
MOVE-001296,EXP-084,Gati Express 084,Express,COR-03,SEC-09,2026-09-22,2026-09-22T19:49:00,2026-09-22T20:00:00,9,5,True
MOVE-001297,SUB-091,Gati Suburban 091,Suburban,COR-04,SEC-10,2026-09-22,2026-09-22T05:47:00,2026-09-22T05:58:00,6,8,True
MOVE-001298,GDS-092,Gati Freight 092,Goods,COR-04,SEC-10,2026-09-22,2026-09-22T10:34:00,2026-09-22T10:58:00,4,30,True
MOVE-001299,EXP-093,Gati Express 093,Express,COR-04,SEC-10,2026-09-22,2026-09-22T16:21:00,2026-09-22T16:31:00,9,5,True
MOVE-001300,PAS-094,Jan Pragati Passenger 094,Passenger,COR-04,SEC-10,2026-09-22,2026-09-22T18:53:00,2026-09-22T19:09:00,7,10,True
MOVE-001301,GDS-101,Gati Freight 101,Goods,COR-04,SEC-11,2026-09-22,2026-09-22T07:15:00,2026-09-22T07:39:00,4,30,True
MOVE-001302,EXP-102,Gati Express 102,Express,COR-04,SEC-11,2026-09-22,2026-09-22T09:37:00,2026-09-22T09:52:00,9,5,True
MOVE-001303,PAS-103,Jan Pragati Passenger 103,Passenger,COR-04,SEC-11,2026-09-22,2026-09-22T16:11:00,2026-09-22T16:33:00,7,10,True
MOVE-001304,SUB-104,Gati Suburban 104,Suburban,COR-04,SEC-11,2026-09-22,2026-09-22T19:08:00,2026-09-22T19:19:00,6,8,True
MOVE-001305,EXP-111,Gati Express 111,Express,COR-04,SEC-12,2026-09-22,2026-09-22T05:47:00,2026-09-22T05:57:00,9,5,True
MOVE-001306,PAS-112,Jan Pragati Passenger 112,Passenger,COR-04,SEC-12,2026-09-22,2026-09-22T09:53:00,2026-09-22T10:05:00,7,10,True
MOVE-001307,SUB-113,Gati Suburban 113,Suburban,COR-04,SEC-12,2026-09-22,2026-09-22T14:32:00,2026-09-22T14:43:00,6,8,True
MOVE-001308,GDS-114,Gati Freight 114,Goods,COR-04,SEC-12,2026-09-22,2026-09-22T19:50:00,2026-09-22T20:13:00,4,30,True
MOVE-001309,PAS-121,Jan Pragati Passenger 121,Passenger,COR-05,SEC-13,2026-09-22,2026-09-22T06:59:00,2026-09-22T07:18:00,7,10,True
MOVE-001310,SUB-122,Gati Suburban 122,Suburban,COR-05,SEC-13,2026-09-22,2026-09-22T09:00:00,2026-09-22T09:17:00,6,8,True
MOVE-001311,GDS-123,Gati Freight 123,Goods,COR-05,SEC-13,2026-09-22,2026-09-22T14:51:00,2026-09-22T15:11:00,4,30,True
MOVE-001312,EXP-124,Gati Express 124,Express,COR-05,SEC-13,2026-09-22,2026-09-22T19:28:00,2026-09-22T19:41:00,9,5,True
MOVE-001313,SUB-131,Gati Suburban 131,Suburban,COR-05,SEC-14,2026-09-22,2026-09-22T05:37:00,2026-09-22T05:49:00,6,8,True
MOVE-001314,GDS-132,Gati Freight 132,Goods,COR-05,SEC-14,2026-09-22,2026-09-22T11:07:00,2026-09-22T11:28:00,4,30,True
MOVE-001315,EXP-133,Gati Express 133,Express,COR-05,SEC-14,2026-09-22,2026-09-22T14:31:00,2026-09-22T14:42:00,9,5,True
MOVE-001316,PAS-134,Jan Pragati Passenger 134,Passenger,COR-05,SEC-14,2026-09-22,2026-09-22T21:16:00,2026-09-22T21:38:00,7,10,True
MOVE-001317,GDS-141,Gati Freight 141,Goods,COR-05,SEC-15,2026-09-22,2026-09-22T06:47:00,2026-09-22T07:14:00,4,30,True
MOVE-001318,EXP-142,Gati Express 142,Express,COR-05,SEC-15,2026-09-22,2026-09-22T10:33:00,2026-09-22T10:43:00,9,5,True
MOVE-001319,PAS-143,Jan Pragati Passenger 143,Passenger,COR-05,SEC-15,2026-09-22,2026-09-22T15:17:00,2026-09-22T15:29:00,7,10,True
MOVE-001320,SUB-144,Gati Suburban 144,Suburban,COR-05,SEC-15,2026-09-22,2026-09-22T18:13:00,2026-09-22T18:23:00,6,8,True
MOVE-001321,SUB-001,Gati Suburban 001,Suburban,COR-01,SEC-01,2026-09-23,2026-09-23T05:08:00,2026-09-23T05:21:00,6,8,True
MOVE-001322,GDS-002,Gati Freight 002,Goods,COR-01,SEC-01,2026-09-23,2026-09-23T09:17:00,2026-09-23T09:38:00,4,30,True
MOVE-001323,EXP-003,Gati Express 003,Express,COR-01,SEC-01,2026-09-23,2026-09-23T14:50:00,2026-09-23T14:59:00,9,5,True
MOVE-001324,PAS-004,Jan Pragati Passenger 004,Passenger,COR-01,SEC-01,2026-09-23,2026-09-23T21:11:00,2026-09-23T21:27:00,7,10,True
MOVE-001325,GDS-011,Gati Freight 011,Goods,COR-01,SEC-02,2026-09-23,2026-09-23T07:07:00,2026-09-23T07:29:00,4,30,True
MOVE-001326,EXP-012,Gati Express 012,Express,COR-01,SEC-02,2026-09-23,2026-09-23T10:01:00,2026-09-23T10:16:00,9,5,True
MOVE-001327,PAS-013,Jan Pragati Passenger 013,Passenger,COR-01,SEC-02,2026-09-23,2026-09-23T15:52:00,2026-09-23T16:05:00,7,10,True
MOVE-001328,SUB-014,Gati Suburban 014,Suburban,COR-01,SEC-02,2026-09-23,2026-09-23T18:56:00,2026-09-23T19:12:00,6,8,True
MOVE-001329,EXP-021,Gati Express 021,Express,COR-01,SEC-03,2026-09-23,2026-09-23T06:18:00,2026-09-23T06:27:00,9,5,True
MOVE-001330,PAS-022,Jan Pragati Passenger 022,Passenger,COR-01,SEC-03,2026-09-23,2026-09-23T10:38:00,2026-09-23T10:54:00,7,10,True
MOVE-001331,SUB-023,Gati Suburban 023,Suburban,COR-01,SEC-03,2026-09-23,2026-09-23T16:10:00,2026-09-23T16:24:00,6,8,True
MOVE-001332,GDS-024,Gati Freight 024,Goods,COR-01,SEC-03,2026-09-23,2026-09-23T20:06:00,2026-09-23T20:24:00,4,30,True
MOVE-001333,PAS-031,Jan Pragati Passenger 031,Passenger,COR-02,SEC-04,2026-09-23,2026-09-23T07:14:00,2026-09-23T07:33:00,7,10,True
MOVE-001334,SUB-032,Gati Suburban 032,Suburban,COR-02,SEC-04,2026-09-23,2026-09-23T10:01:00,2026-09-23T10:13:00,6,8,True
MOVE-001335,GDS-033,Gati Freight 033,Goods,COR-02,SEC-04,2026-09-23,2026-09-23T14:46:00,2026-09-23T15:11:00,4,30,True
MOVE-001336,EXP-034,Gati Express 034,Express,COR-02,SEC-04,2026-09-23,2026-09-23T21:13:00,2026-09-23T21:24:00,9,5,True
MOVE-001337,SUB-041,Gati Suburban 041,Suburban,COR-02,SEC-05,2026-09-23,2026-09-23T05:57:00,2026-09-23T06:08:00,6,8,True
MOVE-001338,GDS-042,Gati Freight 042,Goods,COR-02,SEC-05,2026-09-23,2026-09-23T10:35:00,2026-09-23T11:02:00,4,30,True
MOVE-001339,EXP-043,Gati Express 043,Express,COR-02,SEC-05,2026-09-23,2026-09-23T15:27:00,2026-09-23T15:35:00,9,5,True
MOVE-001340,PAS-044,Jan Pragati Passenger 044,Passenger,COR-02,SEC-05,2026-09-23,2026-09-23T21:11:00,2026-09-23T21:28:00,7,10,True
MOVE-001341,GDS-051,Gati Freight 051,Goods,COR-02,SEC-06,2026-09-23,2026-09-23T05:23:00,2026-09-23T05:42:00,4,30,True
MOVE-001342,EXP-052,Gati Express 052,Express,COR-02,SEC-06,2026-09-23,2026-09-23T10:29:00,2026-09-23T10:37:00,9,5,True
MOVE-001343,PAS-053,Jan Pragati Passenger 053,Passenger,COR-02,SEC-06,2026-09-23,2026-09-23T15:33:00,2026-09-23T15:54:00,7,10,True
MOVE-001344,SUB-054,Gati Suburban 054,Suburban,COR-02,SEC-06,2026-09-23,2026-09-23T18:20:00,2026-09-23T18:34:00,6,8,True
MOVE-001345,EXP-061,Gati Express 061,Express,COR-03,SEC-07,2026-09-23,2026-09-23T05:32:00,2026-09-23T05:47:00,9,5,True
MOVE-001346,PAS-062,Jan Pragati Passenger 062,Passenger,COR-03,SEC-07,2026-09-23,2026-09-23T10:37:00,2026-09-23T10:55:00,7,10,True
MOVE-001347,SUB-063,Gati Suburban 063,Suburban,COR-03,SEC-07,2026-09-23,2026-09-23T14:10:00,2026-09-23T14:22:00,6,8,True
MOVE-001348,GDS-064,Gati Freight 064,Goods,COR-03,SEC-07,2026-09-23,2026-09-23T19:38:00,2026-09-23T20:01:00,4,30,True
MOVE-001349,PAS-071,Jan Pragati Passenger 071,Passenger,COR-03,SEC-08,2026-09-23,2026-09-23T06:26:00,2026-09-23T06:39:00,7,10,True
MOVE-001350,SUB-072,Gati Suburban 072,Suburban,COR-03,SEC-08,2026-09-23,2026-09-23T11:02:00,2026-09-23T11:18:00,6,8,True
MOVE-001351,GDS-073,Gati Freight 073,Goods,COR-03,SEC-08,2026-09-23,2026-09-23T15:21:00,2026-09-23T15:51:00,4,30,True
MOVE-001352,EXP-074,Gati Express 074,Express,COR-03,SEC-08,2026-09-23,2026-09-23T18:19:00,2026-09-23T18:33:00,9,5,True
MOVE-001353,SUB-081,Gati Suburban 081,Suburban,COR-03,SEC-09,2026-09-23,2026-09-23T06:16:00,2026-09-23T06:34:00,6,8,True
MOVE-001354,GDS-082,Gati Freight 082,Goods,COR-03,SEC-09,2026-09-23,2026-09-23T09:29:00,2026-09-23T09:55:00,4,30,True
MOVE-001355,EXP-083,Gati Express 083,Express,COR-03,SEC-09,2026-09-23,2026-09-23T15:38:00,2026-09-23T15:49:00,9,5,True
MOVE-001356,PAS-084,Jan Pragati Passenger 084,Passenger,COR-03,SEC-09,2026-09-23,2026-09-23T20:33:00,2026-09-23T20:52:00,7,10,True
MOVE-001357,GDS-091,Gati Freight 091,Goods,COR-04,SEC-10,2026-09-23,2026-09-23T05:16:00,2026-09-23T05:34:00,4,30,True
MOVE-001358,EXP-092,Gati Express 092,Express,COR-04,SEC-10,2026-09-23,2026-09-23T09:26:00,2026-09-23T09:42:00,9,5,True
MOVE-001359,PAS-093,Jan Pragati Passenger 093,Passenger,COR-04,SEC-10,2026-09-23,2026-09-23T15:15:00,2026-09-23T15:33:00,7,10,True
MOVE-001360,SUB-094,Gati Suburban 094,Suburban,COR-04,SEC-10,2026-09-23,2026-09-23T19:29:00,2026-09-23T19:42:00,6,8,True
MOVE-001361,EXP-101,Gati Express 101,Express,COR-04,SEC-11,2026-09-23,2026-09-23T07:16:00,2026-09-23T07:25:00,9,5,True
MOVE-001362,PAS-102,Jan Pragati Passenger 102,Passenger,COR-04,SEC-11,2026-09-23,2026-09-23T10:13:00,2026-09-23T10:25:00,7,10,True
MOVE-001363,SUB-103,Gati Suburban 103,Suburban,COR-04,SEC-11,2026-09-23,2026-09-23T15:26:00,2026-09-23T15:42:00,6,8,True
MOVE-001364,GDS-104,Gati Freight 104,Goods,COR-04,SEC-11,2026-09-23,2026-09-23T18:10:00,2026-09-23T18:37:00,4,30,True
MOVE-001365,PAS-111,Jan Pragati Passenger 111,Passenger,COR-04,SEC-12,2026-09-23,2026-09-23T05:29:00,2026-09-23T05:51:00,7,10,True
MOVE-001366,SUB-112,Gati Suburban 112,Suburban,COR-04,SEC-12,2026-09-23,2026-09-23T11:16:00,2026-09-23T11:29:00,6,8,True
MOVE-001367,GDS-113,Gati Freight 113,Goods,COR-04,SEC-12,2026-09-23,2026-09-23T14:27:00,2026-09-23T14:56:00,4,30,True
MOVE-001368,EXP-114,Gati Express 114,Express,COR-04,SEC-12,2026-09-23,2026-09-23T20:31:00,2026-09-23T20:46:00,9,5,True
MOVE-001369,SUB-121,Gati Suburban 121,Suburban,COR-05,SEC-13,2026-09-23,2026-09-23T07:14:00,2026-09-23T07:32:00,6,8,True
MOVE-001370,GDS-122,Gati Freight 122,Goods,COR-05,SEC-13,2026-09-23,2026-09-23T09:00:00,2026-09-23T09:26:00,4,30,True
MOVE-001371,EXP-123,Gati Express 123,Express,COR-05,SEC-13,2026-09-23,2026-09-23T15:13:00,2026-09-23T15:26:00,9,5,True
MOVE-001372,PAS-124,Jan Pragati Passenger 124,Passenger,COR-05,SEC-13,2026-09-23,2026-09-23T20:30:00,2026-09-23T20:42:00,7,10,True
MOVE-001373,GDS-131,Gati Freight 131,Goods,COR-05,SEC-14,2026-09-23,2026-09-23T05:09:00,2026-09-23T05:31:00,4,30,True
MOVE-001374,EXP-132,Gati Express 132,Express,COR-05,SEC-14,2026-09-23,2026-09-23T10:09:00,2026-09-23T10:17:00,9,5,True
MOVE-001375,PAS-133,Jan Pragati Passenger 133,Passenger,COR-05,SEC-14,2026-09-23,2026-09-23T15:29:00,2026-09-23T15:44:00,7,10,True
MOVE-001376,SUB-134,Gati Suburban 134,Suburban,COR-05,SEC-14,2026-09-23,2026-09-23T19:44:00,2026-09-23T19:58:00,6,8,True
MOVE-001377,EXP-141,Gati Express 141,Express,COR-05,SEC-15,2026-09-23,2026-09-23T05:55:00,2026-09-23T06:03:00,9,5,True
MOVE-001378,PAS-142,Jan Pragati Passenger 142,Passenger,COR-05,SEC-15,2026-09-23,2026-09-23T09:52:00,2026-09-23T10:07:00,7,10,True
MOVE-001379,SUB-143,Gati Suburban 143,Suburban,COR-05,SEC-15,2026-09-23,2026-09-23T16:22:00,2026-09-23T16:34:00,6,8,True
MOVE-001380,GDS-144,Gati Freight 144,Goods,COR-05,SEC-15,2026-09-23,2026-09-23T19:26:00,2026-09-23T19:53:00,4,30,True
MOVE-001381,GDS-001,Gati Freight 001,Goods,COR-01,SEC-01,2026-09-24,2026-09-24T07:16:00,2026-09-24T07:36:00,4,30,True
MOVE-001382,EXP-002,Gati Express 002,Express,COR-01,SEC-01,2026-09-24,2026-09-24T10:39:00,2026-09-24T10:55:00,9,5,True
MOVE-001383,PAS-003,Jan Pragati Passenger 003,Passenger,COR-01,SEC-01,2026-09-24,2026-09-24T16:24:00,2026-09-24T16:43:00,7,10,True
MOVE-001384,SUB-004,Gati Suburban 004,Suburban,COR-01,SEC-01,2026-09-24,2026-09-24T21:14:00,2026-09-24T21:32:00,6,8,True
MOVE-001385,EXP-011,Gati Express 011,Express,COR-01,SEC-02,2026-09-24,2026-09-24T05:25:00,2026-09-24T05:37:00,9,5,True
MOVE-001386,PAS-012,Jan Pragati Passenger 012,Passenger,COR-01,SEC-02,2026-09-24,2026-09-24T10:05:00,2026-09-24T10:18:00,7,10,True
MOVE-001387,SUB-013,Gati Suburban 013,Suburban,COR-01,SEC-02,2026-09-24,2026-09-24T14:19:00,2026-09-24T14:33:00,6,8,True
MOVE-001388,GDS-014,Gati Freight 014,Goods,COR-01,SEC-02,2026-09-24,2026-09-24T18:56:00,2026-09-24T19:16:00,4,30,True
MOVE-001389,PAS-021,Jan Pragati Passenger 021,Passenger,COR-01,SEC-03,2026-09-24,2026-09-24T06:36:00,2026-09-24T06:53:00,7,10,True
MOVE-001390,SUB-022,Gati Suburban 022,Suburban,COR-01,SEC-03,2026-09-24,2026-09-24T10:15:00,2026-09-24T10:32:00,6,8,True
MOVE-001391,GDS-023,Gati Freight 023,Goods,COR-01,SEC-03,2026-09-24,2026-09-24T15:28:00,2026-09-24T15:47:00,4,30,True
MOVE-001392,EXP-024,Gati Express 024,Express,COR-01,SEC-03,2026-09-24,2026-09-24T19:54:00,2026-09-24T20:09:00,9,5,True
MOVE-001393,SUB-031,Gati Suburban 031,Suburban,COR-02,SEC-04,2026-09-24,2026-09-24T07:04:00,2026-09-24T07:18:00,6,8,True
MOVE-001394,GDS-032,Gati Freight 032,Goods,COR-02,SEC-04,2026-09-24,2026-09-24T10:58:00,2026-09-24T11:27:00,4,30,True
MOVE-001395,EXP-033,Gati Express 033,Express,COR-02,SEC-04,2026-09-24,2026-09-24T14:21:00,2026-09-24T14:33:00,9,5,True
MOVE-001396,PAS-034,Jan Pragati Passenger 034,Passenger,COR-02,SEC-04,2026-09-24,2026-09-24T18:07:00,2026-09-24T18:23:00,7,10,True
MOVE-001397,GDS-041,Gati Freight 041,Goods,COR-02,SEC-05,2026-09-24,2026-09-24T07:18:00,2026-09-24T07:36:00,4,30,True
MOVE-001398,EXP-042,Gati Express 042,Express,COR-02,SEC-05,2026-09-24,2026-09-24T09:44:00,2026-09-24T09:58:00,9,5,True
MOVE-001399,PAS-043,Jan Pragati Passenger 043,Passenger,COR-02,SEC-05,2026-09-24,2026-09-24T15:25:00,2026-09-24T15:47:00,7,10,True
MOVE-001400,SUB-044,Gati Suburban 044,Suburban,COR-02,SEC-05,2026-09-24,2026-09-24T20:30:00,2026-09-24T20:44:00,6,8,True
MOVE-001401,EXP-051,Gati Express 051,Express,COR-02,SEC-06,2026-09-24,2026-09-24T06:33:00,2026-09-24T06:47:00,9,5,True
MOVE-001402,PAS-052,Jan Pragati Passenger 052,Passenger,COR-02,SEC-06,2026-09-24,2026-09-24T10:39:00,2026-09-24T10:55:00,7,10,True
MOVE-001403,SUB-053,Gati Suburban 053,Suburban,COR-02,SEC-06,2026-09-24,2026-09-24T16:08:00,2026-09-24T16:18:00,6,8,True
MOVE-001404,GDS-054,Gati Freight 054,Goods,COR-02,SEC-06,2026-09-24,2026-09-24T20:32:00,2026-09-24T20:55:00,4,30,True
MOVE-001405,PAS-061,Jan Pragati Passenger 061,Passenger,COR-03,SEC-07,2026-09-24,2026-09-24T05:38:00,2026-09-24T06:00:00,7,10,True
MOVE-001406,SUB-062,Gati Suburban 062,Suburban,COR-03,SEC-07,2026-09-24,2026-09-24T11:23:00,2026-09-24T11:33:00,6,8,True
MOVE-001407,GDS-063,Gati Freight 063,Goods,COR-03,SEC-07,2026-09-24,2026-09-24T15:32:00,2026-09-24T16:02:00,4,30,True
MOVE-001408,EXP-064,Gati Express 064,Express,COR-03,SEC-07,2026-09-24,2026-09-24T18:59:00,2026-09-24T19:11:00,9,5,True
MOVE-001409,SUB-071,Gati Suburban 071,Suburban,COR-03,SEC-08,2026-09-24,2026-09-24T05:42:00,2026-09-24T05:58:00,6,8,True
MOVE-001410,GDS-072,Gati Freight 072,Goods,COR-03,SEC-08,2026-09-24,2026-09-24T10:00:00,2026-09-24T10:25:00,4,30,True
MOVE-001411,EXP-073,Gati Express 073,Express,COR-03,SEC-08,2026-09-24,2026-09-24T15:16:00,2026-09-24T15:32:00,9,5,True
MOVE-001412,PAS-074,Jan Pragati Passenger 074,Passenger,COR-03,SEC-08,2026-09-24,2026-09-24T20:12:00,2026-09-24T20:30:00,7,10,True
MOVE-001413,GDS-081,Gati Freight 081,Goods,COR-03,SEC-09,2026-09-24,2026-09-24T06:46:00,2026-09-24T07:14:00,4,30,True
MOVE-001414,EXP-082,Gati Express 082,Express,COR-03,SEC-09,2026-09-24,2026-09-24T10:20:00,2026-09-24T10:28:00,9,5,True
MOVE-001415,PAS-083,Jan Pragati Passenger 083,Passenger,COR-03,SEC-09,2026-09-24,2026-09-24T14:58:00,2026-09-24T15:17:00,7,10,True
MOVE-001416,SUB-084,Gati Suburban 084,Suburban,COR-03,SEC-09,2026-09-24,2026-09-24T18:25:00,2026-09-24T18:41:00,6,8,True
MOVE-001417,EXP-091,Gati Express 091,Express,COR-04,SEC-10,2026-09-24,2026-09-24T05:09:00,2026-09-24T05:17:00,9,5,True
MOVE-001418,PAS-092,Jan Pragati Passenger 092,Passenger,COR-04,SEC-10,2026-09-24,2026-09-24T10:35:00,2026-09-24T10:56:00,7,10,True
MOVE-001419,SUB-093,Gati Suburban 093,Suburban,COR-04,SEC-10,2026-09-24,2026-09-24T14:41:00,2026-09-24T14:55:00,6,8,True
MOVE-001420,GDS-094,Gati Freight 094,Goods,COR-04,SEC-10,2026-09-24,2026-09-24T20:15:00,2026-09-24T20:43:00,4,30,True
MOVE-001421,PAS-101,Jan Pragati Passenger 101,Passenger,COR-04,SEC-11,2026-09-24,2026-09-24T06:41:00,2026-09-24T07:03:00,7,10,True
MOVE-001422,SUB-102,Gati Suburban 102,Suburban,COR-04,SEC-11,2026-09-24,2026-09-24T10:39:00,2026-09-24T10:53:00,6,8,True
MOVE-001423,GDS-103,Gati Freight 103,Goods,COR-04,SEC-11,2026-09-24,2026-09-24T14:00:00,2026-09-24T14:25:00,4,30,True
MOVE-001424,EXP-104,Gati Express 104,Express,COR-04,SEC-11,2026-09-24,2026-09-24T19:53:00,2026-09-24T20:03:00,9,5,True
MOVE-001425,SUB-111,Gati Suburban 111,Suburban,COR-04,SEC-12,2026-09-24,2026-09-24T05:33:00,2026-09-24T05:43:00,6,8,True
MOVE-001426,GDS-112,Gati Freight 112,Goods,COR-04,SEC-12,2026-09-24,2026-09-24T11:01:00,2026-09-24T11:31:00,4,30,True
MOVE-001427,EXP-113,Gati Express 113,Express,COR-04,SEC-12,2026-09-24,2026-09-24T14:40:00,2026-09-24T14:53:00,9,5,True
MOVE-001428,PAS-114,Jan Pragati Passenger 114,Passenger,COR-04,SEC-12,2026-09-24,2026-09-24T20:53:00,2026-09-24T21:13:00,7,10,True
MOVE-001429,GDS-121,Gati Freight 121,Goods,COR-05,SEC-13,2026-09-24,2026-09-24T06:37:00,2026-09-24T07:00:00,4,30,True
MOVE-001430,EXP-122,Gati Express 122,Express,COR-05,SEC-13,2026-09-24,2026-09-24T10:51:00,2026-09-24T11:07:00,9,5,True
MOVE-001431,PAS-123,Jan Pragati Passenger 123,Passenger,COR-05,SEC-13,2026-09-24,2026-09-24T14:46:00,2026-09-24T15:04:00,7,10,True
MOVE-001432,SUB-124,Gati Suburban 124,Suburban,COR-05,SEC-13,2026-09-24,2026-09-24T21:01:00,2026-09-24T21:17:00,6,8,True
MOVE-001433,EXP-131,Gati Express 131,Express,COR-05,SEC-14,2026-09-24,2026-09-24T06:51:00,2026-09-24T07:06:00,9,5,True
MOVE-001434,PAS-132,Jan Pragati Passenger 132,Passenger,COR-05,SEC-14,2026-09-24,2026-09-24T09:27:00,2026-09-24T09:44:00,7,10,True
MOVE-001435,SUB-133,Gati Suburban 133,Suburban,COR-05,SEC-14,2026-09-24,2026-09-24T15:36:00,2026-09-24T15:50:00,6,8,True
MOVE-001436,GDS-134,Gati Freight 134,Goods,COR-05,SEC-14,2026-09-24,2026-09-24T21:11:00,2026-09-24T21:41:00,4,30,True
MOVE-001437,PAS-141,Jan Pragati Passenger 141,Passenger,COR-05,SEC-15,2026-09-24,2026-09-24T05:30:00,2026-09-24T05:50:00,7,10,True
MOVE-001438,SUB-142,Gati Suburban 142,Suburban,COR-05,SEC-15,2026-09-24,2026-09-24T10:56:00,2026-09-24T11:06:00,6,8,True
MOVE-001439,GDS-143,Gati Freight 143,Goods,COR-05,SEC-15,2026-09-24,2026-09-24T15:44:00,2026-09-24T16:14:00,4,30,True
MOVE-001440,EXP-144,Gati Express 144,Express,COR-05,SEC-15,2026-09-24,2026-09-24T19:45:00,2026-09-24T20:01:00,9,5,True
MOVE-001441,EXP-001,Gati Express 001,Express,COR-01,SEC-01,2026-09-25,2026-09-25T06:24:00,2026-09-25T06:38:00,9,5,True
MOVE-001442,PAS-002,Jan Pragati Passenger 002,Passenger,COR-01,SEC-01,2026-09-25,2026-09-25T09:46:00,2026-09-25T10:05:00,7,10,True
MOVE-001443,SUB-003,Gati Suburban 003,Suburban,COR-01,SEC-01,2026-09-25,2026-09-25T15:21:00,2026-09-25T15:39:00,6,8,True
MOVE-001444,GDS-004,Gati Freight 004,Goods,COR-01,SEC-01,2026-09-25,2026-09-25T18:51:00,2026-09-25T19:13:00,4,30,True
MOVE-001445,PAS-011,Jan Pragati Passenger 011,Passenger,COR-01,SEC-02,2026-09-25,2026-09-25T05:04:00,2026-09-25T05:19:00,7,10,True
MOVE-001446,SUB-012,Gati Suburban 012,Suburban,COR-01,SEC-02,2026-09-25,2026-09-25T11:10:00,2026-09-25T11:20:00,6,8,True
MOVE-001447,GDS-013,Gati Freight 013,Goods,COR-01,SEC-02,2026-09-25,2026-09-25T15:41:00,2026-09-25T16:09:00,4,30,True
MOVE-001448,EXP-014,Gati Express 014,Express,COR-01,SEC-02,2026-09-25,2026-09-25T20:47:00,2026-09-25T21:01:00,9,5,True
MOVE-001449,SUB-021,Gati Suburban 021,Suburban,COR-01,SEC-03,2026-09-25,2026-09-25T05:41:00,2026-09-25T05:56:00,6,8,True
MOVE-001450,GDS-022,Gati Freight 022,Goods,COR-01,SEC-03,2026-09-25,2026-09-25T09:00:00,2026-09-25T09:24:00,4,30,True
MOVE-001451,EXP-023,Gati Express 023,Express,COR-01,SEC-03,2026-09-25,2026-09-25T15:04:00,2026-09-25T15:12:00,9,5,True
MOVE-001452,PAS-024,Jan Pragati Passenger 024,Passenger,COR-01,SEC-03,2026-09-25,2026-09-25T18:45:00,2026-09-25T19:06:00,7,10,True
MOVE-001453,GDS-031,Gati Freight 031,Goods,COR-02,SEC-04,2026-09-25,2026-09-25T07:17:00,2026-09-25T07:38:00,4,30,True
MOVE-001454,EXP-032,Gati Express 032,Express,COR-02,SEC-04,2026-09-25,2026-09-25T10:32:00,2026-09-25T10:48:00,9,5,True
MOVE-001455,PAS-033,Jan Pragati Passenger 033,Passenger,COR-02,SEC-04,2026-09-25,2026-09-25T14:42:00,2026-09-25T14:55:00,7,10,True
MOVE-001456,SUB-034,Gati Suburban 034,Suburban,COR-02,SEC-04,2026-09-25,2026-09-25T19:03:00,2026-09-25T19:21:00,6,8,True
MOVE-001457,EXP-041,Gati Express 041,Express,COR-02,SEC-05,2026-09-25,2026-09-25T05:19:00,2026-09-25T05:27:00,9,5,True
MOVE-001458,PAS-042,Jan Pragati Passenger 042,Passenger,COR-02,SEC-05,2026-09-25,2026-09-25T10:03:00,2026-09-25T10:24:00,7,10,True
MOVE-001459,SUB-043,Gati Suburban 043,Suburban,COR-02,SEC-05,2026-09-25,2026-09-25T15:32:00,2026-09-25T15:48:00,6,8,True
MOVE-001460,GDS-044,Gati Freight 044,Goods,COR-02,SEC-05,2026-09-25,2026-09-25T18:01:00,2026-09-25T18:26:00,4,30,True
MOVE-001461,PAS-051,Jan Pragati Passenger 051,Passenger,COR-02,SEC-06,2026-09-25,2026-09-25T06:27:00,2026-09-25T06:43:00,7,10,True
MOVE-001462,SUB-052,Gati Suburban 052,Suburban,COR-02,SEC-06,2026-09-25,2026-09-25T11:12:00,2026-09-25T11:22:00,6,8,True
MOVE-001463,GDS-053,Gati Freight 053,Goods,COR-02,SEC-06,2026-09-25,2026-09-25T14:35:00,2026-09-25T14:56:00,4,30,True
MOVE-001464,EXP-054,Gati Express 054,Express,COR-02,SEC-06,2026-09-25,2026-09-25T19:15:00,2026-09-25T19:26:00,9,5,True
MOVE-001465,SUB-061,Gati Suburban 061,Suburban,COR-03,SEC-07,2026-09-25,2026-09-25T05:34:00,2026-09-25T05:48:00,6,8,True
MOVE-001466,GDS-062,Gati Freight 062,Goods,COR-03,SEC-07,2026-09-25,2026-09-25T11:10:00,2026-09-25T11:39:00,4,30,True
MOVE-001467,EXP-063,Gati Express 063,Express,COR-03,SEC-07,2026-09-25,2026-09-25T14:15:00,2026-09-25T14:24:00,9,5,True
MOVE-001468,PAS-064,Jan Pragati Passenger 064,Passenger,COR-03,SEC-07,2026-09-25,2026-09-25T20:43:00,2026-09-25T20:56:00,7,10,True
MOVE-001469,GDS-071,Gati Freight 071,Goods,COR-03,SEC-08,2026-09-25,2026-09-25T07:25:00,2026-09-25T07:43:00,4,30,True
MOVE-001470,EXP-072,Gati Express 072,Express,COR-03,SEC-08,2026-09-25,2026-09-25T09:41:00,2026-09-25T09:57:00,9,5,True
MOVE-001471,PAS-073,Jan Pragati Passenger 073,Passenger,COR-03,SEC-08,2026-09-25,2026-09-25T15:47:00,2026-09-25T16:03:00,7,10,True
MOVE-001472,SUB-074,Gati Suburban 074,Suburban,COR-03,SEC-08,2026-09-25,2026-09-25T18:06:00,2026-09-25T18:21:00,6,8,True
MOVE-001473,EXP-081,Gati Express 081,Express,COR-03,SEC-09,2026-09-25,2026-09-25T06:37:00,2026-09-25T06:51:00,9,5,True
MOVE-001474,PAS-082,Jan Pragati Passenger 082,Passenger,COR-03,SEC-09,2026-09-25,2026-09-25T10:34:00,2026-09-25T10:56:00,7,10,True
MOVE-001475,SUB-083,Gati Suburban 083,Suburban,COR-03,SEC-09,2026-09-25,2026-09-25T14:41:00,2026-09-25T14:53:00,6,8,True
MOVE-001476,GDS-084,Gati Freight 084,Goods,COR-03,SEC-09,2026-09-25,2026-09-25T18:46:00,2026-09-25T19:16:00,4,30,True
MOVE-001477,PAS-091,Jan Pragati Passenger 091,Passenger,COR-04,SEC-10,2026-09-25,2026-09-25T06:11:00,2026-09-25T06:33:00,7,10,True
MOVE-001478,SUB-092,Gati Suburban 092,Suburban,COR-04,SEC-10,2026-09-25,2026-09-25T10:45:00,2026-09-25T11:00:00,6,8,True
MOVE-001479,GDS-093,Gati Freight 093,Goods,COR-04,SEC-10,2026-09-25,2026-09-25T14:00:00,2026-09-25T14:18:00,4,30,True
MOVE-001480,EXP-094,Gati Express 094,Express,COR-04,SEC-10,2026-09-25,2026-09-25T20:21:00,2026-09-25T20:35:00,9,5,True
MOVE-001481,SUB-101,Gati Suburban 101,Suburban,COR-04,SEC-11,2026-09-25,2026-09-25T06:03:00,2026-09-25T06:20:00,6,8,True
MOVE-001482,GDS-102,Gati Freight 102,Goods,COR-04,SEC-11,2026-09-25,2026-09-25T11:23:00,2026-09-25T11:45:00,4,30,True
MOVE-001483,EXP-103,Gati Express 103,Express,COR-04,SEC-11,2026-09-25,2026-09-25T15:40:00,2026-09-25T15:55:00,9,5,True
MOVE-001484,PAS-104,Jan Pragati Passenger 104,Passenger,COR-04,SEC-11,2026-09-25,2026-09-25T19:14:00,2026-09-25T19:26:00,7,10,True
MOVE-001485,GDS-111,Gati Freight 111,Goods,COR-04,SEC-12,2026-09-25,2026-09-25T06:20:00,2026-09-25T06:43:00,4,30,True
MOVE-001486,EXP-112,Gati Express 112,Express,COR-04,SEC-12,2026-09-25,2026-09-25T10:25:00,2026-09-25T10:39:00,9,5,True
MOVE-001487,PAS-113,Jan Pragati Passenger 113,Passenger,COR-04,SEC-12,2026-09-25,2026-09-25T15:20:00,2026-09-25T15:35:00,7,10,True
MOVE-001488,SUB-114,Gati Suburban 114,Suburban,COR-04,SEC-12,2026-09-25,2026-09-25T21:03:00,2026-09-25T21:18:00,6,8,True
MOVE-001489,EXP-121,Gati Express 121,Express,COR-05,SEC-13,2026-09-25,2026-09-25T06:28:00,2026-09-25T06:43:00,9,5,True
MOVE-001490,PAS-122,Jan Pragati Passenger 122,Passenger,COR-05,SEC-13,2026-09-25,2026-09-25T09:58:00,2026-09-25T10:20:00,7,10,True
MOVE-001491,SUB-123,Gati Suburban 123,Suburban,COR-05,SEC-13,2026-09-25,2026-09-25T15:54:00,2026-09-25T16:12:00,6,8,True
MOVE-001492,GDS-124,Gati Freight 124,Goods,COR-05,SEC-13,2026-09-25,2026-09-25T19:00:00,2026-09-25T19:19:00,4,30,True
MOVE-001493,PAS-131,Jan Pragati Passenger 131,Passenger,COR-05,SEC-14,2026-09-25,2026-09-25T05:34:00,2026-09-25T05:51:00,7,10,True
MOVE-001494,SUB-132,Gati Suburban 132,Suburban,COR-05,SEC-14,2026-09-25,2026-09-25T11:12:00,2026-09-25T11:22:00,6,8,True
MOVE-001495,GDS-133,Gati Freight 133,Goods,COR-05,SEC-14,2026-09-25,2026-09-25T14:40:00,2026-09-25T15:09:00,4,30,True
MOVE-001496,EXP-134,Gati Express 134,Express,COR-05,SEC-14,2026-09-25,2026-09-25T19:58:00,2026-09-25T20:11:00,9,5,True
MOVE-001497,SUB-141,Gati Suburban 141,Suburban,COR-05,SEC-15,2026-09-25,2026-09-25T05:57:00,2026-09-25T06:08:00,6,8,True
MOVE-001498,GDS-142,Gati Freight 142,Goods,COR-05,SEC-15,2026-09-25,2026-09-25T10:49:00,2026-09-25T11:07:00,4,30,True
MOVE-001499,EXP-143,Gati Express 143,Express,COR-05,SEC-15,2026-09-25,2026-09-25T15:38:00,2026-09-25T15:52:00,9,5,True
MOVE-001500,PAS-144,Jan Pragati Passenger 144,Passenger,COR-05,SEC-15,2026-09-25,2026-09-25T20:47:00,2026-09-25T21:03:00,7,10,True
MOVE-001501,PAS-001,Jan Pragati Passenger 001,Passenger,COR-01,SEC-01,2026-09-26,2026-09-26T05:43:00,2026-09-26T06:02:00,7,10,True
MOVE-001502,SUB-002,Gati Suburban 002,Suburban,COR-01,SEC-01,2026-09-26,2026-09-26T09:24:00,2026-09-26T09:36:00,6,8,True
MOVE-001503,GDS-003,Gati Freight 003,Goods,COR-01,SEC-01,2026-09-26,2026-09-26T15:15:00,2026-09-26T15:44:00,4,30,True
MOVE-001504,EXP-004,Gati Express 004,Express,COR-01,SEC-01,2026-09-26,2026-09-26T20:42:00,2026-09-26T20:54:00,9,5,True
MOVE-001505,SUB-011,Gati Suburban 011,Suburban,COR-01,SEC-02,2026-09-26,2026-09-26T06:07:00,2026-09-26T06:19:00,6,8,True
MOVE-001506,GDS-012,Gati Freight 012,Goods,COR-01,SEC-02,2026-09-26,2026-09-26T10:31:00,2026-09-26T10:58:00,4,30,True
MOVE-001507,EXP-013,Gati Express 013,Express,COR-01,SEC-02,2026-09-26,2026-09-26T15:38:00,2026-09-26T15:53:00,9,5,True
MOVE-001508,PAS-014,Jan Pragati Passenger 014,Passenger,COR-01,SEC-02,2026-09-26,2026-09-26T19:31:00,2026-09-26T19:48:00,7,10,True
MOVE-001509,GDS-021,Gati Freight 021,Goods,COR-01,SEC-03,2026-09-26,2026-09-26T06:28:00,2026-09-26T06:58:00,4,30,True
MOVE-001510,EXP-022,Gati Express 022,Express,COR-01,SEC-03,2026-09-26,2026-09-26T10:48:00,2026-09-26T11:03:00,9,5,True
MOVE-001511,PAS-023,Jan Pragati Passenger 023,Passenger,COR-01,SEC-03,2026-09-26,2026-09-26T16:10:00,2026-09-26T16:26:00,7,10,True
MOVE-001512,SUB-024,Gati Suburban 024,Suburban,COR-01,SEC-03,2026-09-26,2026-09-26T20:07:00,2026-09-26T20:24:00,6,8,True
MOVE-001513,EXP-031,Gati Express 031,Express,COR-02,SEC-04,2026-09-26,2026-09-26T05:51:00,2026-09-26T06:02:00,9,5,True
MOVE-001514,PAS-032,Jan Pragati Passenger 032,Passenger,COR-02,SEC-04,2026-09-26,2026-09-26T11:20:00,2026-09-26T11:38:00,7,10,True
MOVE-001515,SUB-033,Gati Suburban 033,Suburban,COR-02,SEC-04,2026-09-26,2026-09-26T14:02:00,2026-09-26T14:13:00,6,8,True
MOVE-001516,GDS-034,Gati Freight 034,Goods,COR-02,SEC-04,2026-09-26,2026-09-26T20:57:00,2026-09-26T21:18:00,4,30,True
MOVE-001517,PAS-041,Jan Pragati Passenger 041,Passenger,COR-02,SEC-05,2026-09-26,2026-09-26T05:59:00,2026-09-26T06:12:00,7,10,True
MOVE-001518,SUB-042,Gati Suburban 042,Suburban,COR-02,SEC-05,2026-09-26,2026-09-26T10:09:00,2026-09-26T10:21:00,6,8,True
MOVE-001519,GDS-043,Gati Freight 043,Goods,COR-02,SEC-05,2026-09-26,2026-09-26T15:33:00,2026-09-26T16:01:00,4,30,True
MOVE-001520,EXP-044,Gati Express 044,Express,COR-02,SEC-05,2026-09-26,2026-09-26T19:00:00,2026-09-26T19:16:00,9,5,True
MOVE-001521,SUB-051,Gati Suburban 051,Suburban,COR-02,SEC-06,2026-09-26,2026-09-26T06:43:00,2026-09-26T06:59:00,6,8,True
MOVE-001522,GDS-052,Gati Freight 052,Goods,COR-02,SEC-06,2026-09-26,2026-09-26T10:44:00,2026-09-26T11:05:00,4,30,True
MOVE-001523,EXP-053,Gati Express 053,Express,COR-02,SEC-06,2026-09-26,2026-09-26T14:13:00,2026-09-26T14:25:00,9,5,True
MOVE-001524,PAS-054,Jan Pragati Passenger 054,Passenger,COR-02,SEC-06,2026-09-26,2026-09-26T21:11:00,2026-09-26T21:33:00,7,10,True
MOVE-001525,GDS-061,Gati Freight 061,Goods,COR-03,SEC-07,2026-09-26,2026-09-26T06:04:00,2026-09-26T06:26:00,4,30,True
MOVE-001526,EXP-062,Gati Express 062,Express,COR-03,SEC-07,2026-09-26,2026-09-26T10:23:00,2026-09-26T10:34:00,9,5,True
MOVE-001527,PAS-063,Jan Pragati Passenger 063,Passenger,COR-03,SEC-07,2026-09-26,2026-09-26T14:25:00,2026-09-26T14:44:00,7,10,True
MOVE-001528,SUB-064,Gati Suburban 064,Suburban,COR-03,SEC-07,2026-09-26,2026-09-26T18:42:00,2026-09-26T18:55:00,6,8,True
MOVE-001529,EXP-071,Gati Express 071,Express,COR-03,SEC-08,2026-09-26,2026-09-26T05:55:00,2026-09-26T06:09:00,9,5,True
MOVE-001530,PAS-072,Jan Pragati Passenger 072,Passenger,COR-03,SEC-08,2026-09-26,2026-09-26T09:37:00,2026-09-26T09:54:00,7,10,True
MOVE-001531,SUB-073,Gati Suburban 073,Suburban,COR-03,SEC-08,2026-09-26,2026-09-26T16:24:00,2026-09-26T16:42:00,6,8,True
MOVE-001532,GDS-074,Gati Freight 074,Goods,COR-03,SEC-08,2026-09-26,2026-09-26T20:17:00,2026-09-26T20:41:00,4,30,True
MOVE-001533,PAS-081,Jan Pragati Passenger 081,Passenger,COR-03,SEC-09,2026-09-26,2026-09-26T05:19:00,2026-09-26T05:39:00,7,10,True
MOVE-001534,SUB-082,Gati Suburban 082,Suburban,COR-03,SEC-09,2026-09-26,2026-09-26T10:42:00,2026-09-26T10:56:00,6,8,True
MOVE-001535,GDS-083,Gati Freight 083,Goods,COR-03,SEC-09,2026-09-26,2026-09-26T14:29:00,2026-09-26T14:50:00,4,30,True
MOVE-001536,EXP-084,Gati Express 084,Express,COR-03,SEC-09,2026-09-26,2026-09-26T20:29:00,2026-09-26T20:40:00,9,5,True
MOVE-001537,SUB-091,Gati Suburban 091,Suburban,COR-04,SEC-10,2026-09-26,2026-09-26T06:50:00,2026-09-26T07:05:00,6,8,True
MOVE-001538,GDS-092,Gati Freight 092,Goods,COR-04,SEC-10,2026-09-26,2026-09-26T09:46:00,2026-09-26T10:05:00,4,30,True
MOVE-001539,EXP-093,Gati Express 093,Express,COR-04,SEC-10,2026-09-26,2026-09-26T14:32:00,2026-09-26T14:40:00,9,5,True
MOVE-001540,PAS-094,Jan Pragati Passenger 094,Passenger,COR-04,SEC-10,2026-09-26,2026-09-26T18:06:00,2026-09-26T18:18:00,7,10,True
MOVE-001541,GDS-101,Gati Freight 101,Goods,COR-04,SEC-11,2026-09-26,2026-09-26T06:48:00,2026-09-26T07:08:00,4,30,True
MOVE-001542,EXP-102,Gati Express 102,Express,COR-04,SEC-11,2026-09-26,2026-09-26T10:13:00,2026-09-26T10:29:00,9,5,True
MOVE-001543,PAS-103,Jan Pragati Passenger 103,Passenger,COR-04,SEC-11,2026-09-26,2026-09-26T15:17:00,2026-09-26T15:36:00,7,10,True
MOVE-001544,SUB-104,Gati Suburban 104,Suburban,COR-04,SEC-11,2026-09-26,2026-09-26T21:24:00,2026-09-26T21:35:00,6,8,True
MOVE-001545,EXP-111,Gati Express 111,Express,COR-04,SEC-12,2026-09-26,2026-09-26T06:16:00,2026-09-26T06:28:00,9,5,True
MOVE-001546,PAS-112,Jan Pragati Passenger 112,Passenger,COR-04,SEC-12,2026-09-26,2026-09-26T09:51:00,2026-09-26T10:09:00,7,10,True
MOVE-001547,SUB-113,Gati Suburban 113,Suburban,COR-04,SEC-12,2026-09-26,2026-09-26T16:02:00,2026-09-26T16:20:00,6,8,True
MOVE-001548,GDS-114,Gati Freight 114,Goods,COR-04,SEC-12,2026-09-26,2026-09-26T18:48:00,2026-09-26T19:08:00,4,30,True
MOVE-001549,PAS-121,Jan Pragati Passenger 121,Passenger,COR-05,SEC-13,2026-09-26,2026-09-26T05:30:00,2026-09-26T05:52:00,7,10,True
MOVE-001550,SUB-122,Gati Suburban 122,Suburban,COR-05,SEC-13,2026-09-26,2026-09-26T10:43:00,2026-09-26T11:01:00,6,8,True
MOVE-001551,GDS-123,Gati Freight 123,Goods,COR-05,SEC-13,2026-09-26,2026-09-26T15:52:00,2026-09-26T16:22:00,4,30,True
MOVE-001552,EXP-124,Gati Express 124,Express,COR-05,SEC-13,2026-09-26,2026-09-26T19:22:00,2026-09-26T19:36:00,9,5,True
MOVE-001553,SUB-131,Gati Suburban 131,Suburban,COR-05,SEC-14,2026-09-26,2026-09-26T07:12:00,2026-09-26T07:23:00,6,8,True
MOVE-001554,GDS-132,Gati Freight 132,Goods,COR-05,SEC-14,2026-09-26,2026-09-26T10:06:00,2026-09-26T10:31:00,4,30,True
MOVE-001555,EXP-133,Gati Express 133,Express,COR-05,SEC-14,2026-09-26,2026-09-26T15:28:00,2026-09-26T15:36:00,9,5,True
MOVE-001556,PAS-134,Jan Pragati Passenger 134,Passenger,COR-05,SEC-14,2026-09-26,2026-09-26T18:41:00,2026-09-26T19:02:00,7,10,True
MOVE-001557,GDS-141,Gati Freight 141,Goods,COR-05,SEC-15,2026-09-26,2026-09-26T06:18:00,2026-09-26T06:46:00,4,30,True
MOVE-001558,EXP-142,Gati Express 142,Express,COR-05,SEC-15,2026-09-26,2026-09-26T10:48:00,2026-09-26T11:00:00,9,5,True
MOVE-001559,PAS-143,Jan Pragati Passenger 143,Passenger,COR-05,SEC-15,2026-09-26,2026-09-26T16:06:00,2026-09-26T16:20:00,7,10,True
MOVE-001560,SUB-144,Gati Suburban 144,Suburban,COR-05,SEC-15,2026-09-26,2026-09-26T20:01:00,2026-09-26T20:19:00,6,8,True
MOVE-001561,SUB-001,Gati Suburban 001,Suburban,COR-01,SEC-01,2026-09-27,2026-09-27T05:09:00,2026-09-27T05:24:00,6,8,True
MOVE-001562,GDS-002,Gati Freight 002,Goods,COR-01,SEC-01,2026-09-27,2026-09-27T10:56:00,2026-09-27T11:18:00,4,30,True
MOVE-001563,EXP-003,Gati Express 003,Express,COR-01,SEC-01,2026-09-27,2026-09-27T15:04:00,2026-09-27T15:20:00,9,5,True
MOVE-001564,PAS-004,Jan Pragati Passenger 004,Passenger,COR-01,SEC-01,2026-09-27,2026-09-27T19:07:00,2026-09-27T19:26:00,7,10,True
MOVE-001565,GDS-011,Gati Freight 011,Goods,COR-01,SEC-02,2026-09-27,2026-09-27T05:56:00,2026-09-27T06:21:00,4,30,True
MOVE-001566,EXP-012,Gati Express 012,Express,COR-01,SEC-02,2026-09-27,2026-09-27T10:04:00,2026-09-27T10:20:00,9,5,True
MOVE-001567,PAS-013,Jan Pragati Passenger 013,Passenger,COR-01,SEC-02,2026-09-27,2026-09-27T14:19:00,2026-09-27T14:36:00,7,10,True
MOVE-001568,SUB-014,Gati Suburban 014,Suburban,COR-01,SEC-02,2026-09-27,2026-09-27T20:24:00,2026-09-27T20:36:00,6,8,True
MOVE-001569,EXP-021,Gati Express 021,Express,COR-01,SEC-03,2026-09-27,2026-09-27T06:31:00,2026-09-27T06:44:00,9,5,True
MOVE-001570,PAS-022,Jan Pragati Passenger 022,Passenger,COR-01,SEC-03,2026-09-27,2026-09-27T09:02:00,2026-09-27T09:22:00,7,10,True
MOVE-001571,SUB-023,Gati Suburban 023,Suburban,COR-01,SEC-03,2026-09-27,2026-09-27T15:08:00,2026-09-27T15:24:00,6,8,True
MOVE-001572,GDS-024,Gati Freight 024,Goods,COR-01,SEC-03,2026-09-27,2026-09-27T21:08:00,2026-09-27T21:27:00,4,30,True
MOVE-001573,PAS-031,Jan Pragati Passenger 031,Passenger,COR-02,SEC-04,2026-09-27,2026-09-27T05:10:00,2026-09-27T05:26:00,7,10,True
MOVE-001574,SUB-032,Gati Suburban 032,Suburban,COR-02,SEC-04,2026-09-27,2026-09-27T09:38:00,2026-09-27T09:53:00,6,8,True
MOVE-001575,GDS-033,Gati Freight 033,Goods,COR-02,SEC-04,2026-09-27,2026-09-27T15:19:00,2026-09-27T15:37:00,4,30,True
MOVE-001576,EXP-034,Gati Express 034,Express,COR-02,SEC-04,2026-09-27,2026-09-27T20:18:00,2026-09-27T20:27:00,9,5,True
MOVE-001577,SUB-041,Gati Suburban 041,Suburban,COR-02,SEC-05,2026-09-27,2026-09-27T05:35:00,2026-09-27T05:53:00,6,8,True
MOVE-001578,GDS-042,Gati Freight 042,Goods,COR-02,SEC-05,2026-09-27,2026-09-27T09:13:00,2026-09-27T09:33:00,4,30,True
MOVE-001579,EXP-043,Gati Express 043,Express,COR-02,SEC-05,2026-09-27,2026-09-27T15:01:00,2026-09-27T15:12:00,9,5,True
MOVE-001580,PAS-044,Jan Pragati Passenger 044,Passenger,COR-02,SEC-05,2026-09-27,2026-09-27T19:06:00,2026-09-27T19:19:00,7,10,True
MOVE-001581,GDS-051,Gati Freight 051,Goods,COR-02,SEC-06,2026-09-27,2026-09-27T06:00:00,2026-09-27T06:18:00,4,30,True
MOVE-001582,EXP-052,Gati Express 052,Express,COR-02,SEC-06,2026-09-27,2026-09-27T09:08:00,2026-09-27T09:23:00,9,5,True
MOVE-001583,PAS-053,Jan Pragati Passenger 053,Passenger,COR-02,SEC-06,2026-09-27,2026-09-27T14:09:00,2026-09-27T14:31:00,7,10,True
MOVE-001584,SUB-054,Gati Suburban 054,Suburban,COR-02,SEC-06,2026-09-27,2026-09-27T20:43:00,2026-09-27T21:01:00,6,8,True
MOVE-001585,EXP-061,Gati Express 061,Express,COR-03,SEC-07,2026-09-27,2026-09-27T07:12:00,2026-09-27T07:25:00,9,5,True
MOVE-001586,PAS-062,Jan Pragati Passenger 062,Passenger,COR-03,SEC-07,2026-09-27,2026-09-27T09:47:00,2026-09-27T10:05:00,7,10,True
MOVE-001587,SUB-063,Gati Suburban 063,Suburban,COR-03,SEC-07,2026-09-27,2026-09-27T15:10:00,2026-09-27T15:24:00,6,8,True
MOVE-001588,GDS-064,Gati Freight 064,Goods,COR-03,SEC-07,2026-09-27,2026-09-27T18:29:00,2026-09-27T18:56:00,4,30,True
MOVE-001589,PAS-071,Jan Pragati Passenger 071,Passenger,COR-03,SEC-08,2026-09-27,2026-09-27T07:03:00,2026-09-27T07:19:00,7,10,True
MOVE-001590,SUB-072,Gati Suburban 072,Suburban,COR-03,SEC-08,2026-09-27,2026-09-27T10:59:00,2026-09-27T11:14:00,6,8,True
MOVE-001591,GDS-073,Gati Freight 073,Goods,COR-03,SEC-08,2026-09-27,2026-09-27T15:03:00,2026-09-27T15:21:00,4,30,True
MOVE-001592,EXP-074,Gati Express 074,Express,COR-03,SEC-08,2026-09-27,2026-09-27T20:50:00,2026-09-27T21:03:00,9,5,True
MOVE-001593,SUB-081,Gati Suburban 081,Suburban,COR-03,SEC-09,2026-09-27,2026-09-27T05:57:00,2026-09-27T06:10:00,6,8,True
MOVE-001594,GDS-082,Gati Freight 082,Goods,COR-03,SEC-09,2026-09-27,2026-09-27T11:18:00,2026-09-27T11:45:00,4,30,True
MOVE-001595,EXP-083,Gati Express 083,Express,COR-03,SEC-09,2026-09-27,2026-09-27T15:00:00,2026-09-27T15:14:00,9,5,True
MOVE-001596,PAS-084,Jan Pragati Passenger 084,Passenger,COR-03,SEC-09,2026-09-27,2026-09-27T19:34:00,2026-09-27T19:54:00,7,10,True
MOVE-001597,GDS-091,Gati Freight 091,Goods,COR-04,SEC-10,2026-09-27,2026-09-27T07:20:00,2026-09-27T07:49:00,4,30,True
MOVE-001598,EXP-092,Gati Express 092,Express,COR-04,SEC-10,2026-09-27,2026-09-27T10:50:00,2026-09-27T11:00:00,9,5,True
MOVE-001599,PAS-093,Jan Pragati Passenger 093,Passenger,COR-04,SEC-10,2026-09-27,2026-09-27T16:16:00,2026-09-27T16:36:00,7,10,True
MOVE-001600,SUB-094,Gati Suburban 094,Suburban,COR-04,SEC-10,2026-09-27,2026-09-27T20:30:00,2026-09-27T20:40:00,6,8,True
MOVE-001601,EXP-101,Gati Express 101,Express,COR-04,SEC-11,2026-09-27,2026-09-27T06:29:00,2026-09-27T06:43:00,9,5,True
MOVE-001602,PAS-102,Jan Pragati Passenger 102,Passenger,COR-04,SEC-11,2026-09-27,2026-09-27T09:26:00,2026-09-27T09:41:00,7,10,True
MOVE-001603,SUB-103,Gati Suburban 103,Suburban,COR-04,SEC-11,2026-09-27,2026-09-27T15:13:00,2026-09-27T15:25:00,6,8,True
MOVE-001604,GDS-104,Gati Freight 104,Goods,COR-04,SEC-11,2026-09-27,2026-09-27T20:03:00,2026-09-27T20:21:00,4,30,True
MOVE-001605,PAS-111,Jan Pragati Passenger 111,Passenger,COR-04,SEC-12,2026-09-27,2026-09-27T05:13:00,2026-09-27T05:30:00,7,10,True
MOVE-001606,SUB-112,Gati Suburban 112,Suburban,COR-04,SEC-12,2026-09-27,2026-09-27T09:08:00,2026-09-27T09:23:00,6,8,True
MOVE-001607,GDS-113,Gati Freight 113,Goods,COR-04,SEC-12,2026-09-27,2026-09-27T16:01:00,2026-09-27T16:21:00,4,30,True
MOVE-001608,EXP-114,Gati Express 114,Express,COR-04,SEC-12,2026-09-27,2026-09-27T19:48:00,2026-09-27T19:58:00,9,5,True
MOVE-001609,SUB-121,Gati Suburban 121,Suburban,COR-05,SEC-13,2026-09-27,2026-09-27T06:15:00,2026-09-27T06:31:00,6,8,True
MOVE-001610,GDS-122,Gati Freight 122,Goods,COR-05,SEC-13,2026-09-27,2026-09-27T10:04:00,2026-09-27T10:25:00,4,30,True
MOVE-001611,EXP-123,Gati Express 123,Express,COR-05,SEC-13,2026-09-27,2026-09-27T15:22:00,2026-09-27T15:38:00,9,5,True
MOVE-001612,PAS-124,Jan Pragati Passenger 124,Passenger,COR-05,SEC-13,2026-09-27,2026-09-27T18:09:00,2026-09-27T18:29:00,7,10,True
MOVE-001613,GDS-131,Gati Freight 131,Goods,COR-05,SEC-14,2026-09-27,2026-09-27T05:30:00,2026-09-27T05:48:00,4,30,True
MOVE-001614,EXP-132,Gati Express 132,Express,COR-05,SEC-14,2026-09-27,2026-09-27T09:24:00,2026-09-27T09:38:00,9,5,True
MOVE-001615,PAS-133,Jan Pragati Passenger 133,Passenger,COR-05,SEC-14,2026-09-27,2026-09-27T15:12:00,2026-09-27T15:28:00,7,10,True
MOVE-001616,SUB-134,Gati Suburban 134,Suburban,COR-05,SEC-14,2026-09-27,2026-09-27T20:23:00,2026-09-27T20:33:00,6,8,True
MOVE-001617,EXP-141,Gati Express 141,Express,COR-05,SEC-15,2026-09-27,2026-09-27T05:32:00,2026-09-27T05:45:00,9,5,True
MOVE-001618,PAS-142,Jan Pragati Passenger 142,Passenger,COR-05,SEC-15,2026-09-27,2026-09-27T09:44:00,2026-09-27T09:58:00,7,10,True
MOVE-001619,SUB-143,Gati Suburban 143,Suburban,COR-05,SEC-15,2026-09-27,2026-09-27T14:27:00,2026-09-27T14:41:00,6,8,True
MOVE-001620,GDS-144,Gati Freight 144,Goods,COR-05,SEC-15,2026-09-27,2026-09-27T20:24:00,2026-09-27T20:54:00,4,30,True
MOVE-001621,GDS-001,Gati Freight 001,Goods,COR-01,SEC-01,2026-09-28,2026-09-28T06:52:00,2026-09-28T07:15:00,4,30,True
MOVE-001622,EXP-002,Gati Express 002,Express,COR-01,SEC-01,2026-09-28,2026-09-28T11:15:00,2026-09-28T11:29:00,9,5,True
MOVE-001623,PAS-003,Jan Pragati Passenger 003,Passenger,COR-01,SEC-01,2026-09-28,2026-09-28T15:14:00,2026-09-28T15:26:00,7,10,True
MOVE-001624,SUB-004,Gati Suburban 004,Suburban,COR-01,SEC-01,2026-09-28,2026-09-28T18:17:00,2026-09-28T18:31:00,6,8,True
MOVE-001625,EXP-011,Gati Express 011,Express,COR-01,SEC-02,2026-09-28,2026-09-28T05:07:00,2026-09-28T05:23:00,9,5,True
MOVE-001626,PAS-012,Jan Pragati Passenger 012,Passenger,COR-01,SEC-02,2026-09-28,2026-09-28T11:06:00,2026-09-28T11:24:00,7,10,True
MOVE-001627,SUB-013,Gati Suburban 013,Suburban,COR-01,SEC-02,2026-09-28,2026-09-28T15:37:00,2026-09-28T15:51:00,6,8,True
MOVE-001628,GDS-014,Gati Freight 014,Goods,COR-01,SEC-02,2026-09-28,2026-09-28T20:15:00,2026-09-28T20:38:00,4,30,True
MOVE-001629,PAS-021,Jan Pragati Passenger 021,Passenger,COR-01,SEC-03,2026-09-28,2026-09-28T05:29:00,2026-09-28T05:46:00,7,10,True
MOVE-001630,SUB-022,Gati Suburban 022,Suburban,COR-01,SEC-03,2026-09-28,2026-09-28T11:16:00,2026-09-28T11:29:00,6,8,True
MOVE-001631,GDS-023,Gati Freight 023,Goods,COR-01,SEC-03,2026-09-28,2026-09-28T14:53:00,2026-09-28T15:20:00,4,30,True
MOVE-001632,EXP-024,Gati Express 024,Express,COR-01,SEC-03,2026-09-28,2026-09-28T18:01:00,2026-09-28T18:10:00,9,5,True
MOVE-001633,SUB-031,Gati Suburban 031,Suburban,COR-02,SEC-04,2026-09-28,2026-09-28T05:26:00,2026-09-28T05:37:00,6,8,True
MOVE-001634,GDS-032,Gati Freight 032,Goods,COR-02,SEC-04,2026-09-28,2026-09-28T09:04:00,2026-09-28T09:32:00,4,30,True
MOVE-001635,EXP-033,Gati Express 033,Express,COR-02,SEC-04,2026-09-28,2026-09-28T15:36:00,2026-09-28T15:46:00,9,5,True
MOVE-001636,PAS-034,Jan Pragati Passenger 034,Passenger,COR-02,SEC-04,2026-09-28,2026-09-28T19:38:00,2026-09-28T19:55:00,7,10,True
MOVE-001637,GDS-041,Gati Freight 041,Goods,COR-02,SEC-05,2026-09-28,2026-09-28T05:09:00,2026-09-28T05:33:00,4,30,True
MOVE-001638,EXP-042,Gati Express 042,Express,COR-02,SEC-05,2026-09-28,2026-09-28T10:39:00,2026-09-28T10:55:00,9,5,True
MOVE-001639,PAS-043,Jan Pragati Passenger 043,Passenger,COR-02,SEC-05,2026-09-28,2026-09-28T15:06:00,2026-09-28T15:19:00,7,10,True
MOVE-001640,SUB-044,Gati Suburban 044,Suburban,COR-02,SEC-05,2026-09-28,2026-09-28T20:37:00,2026-09-28T20:54:00,6,8,True
MOVE-001641,EXP-051,Gati Express 051,Express,COR-02,SEC-06,2026-09-28,2026-09-28T06:59:00,2026-09-28T07:14:00,9,5,True
MOVE-001642,PAS-052,Jan Pragati Passenger 052,Passenger,COR-02,SEC-06,2026-09-28,2026-09-28T09:04:00,2026-09-28T09:21:00,7,10,True
MOVE-001643,SUB-053,Gati Suburban 053,Suburban,COR-02,SEC-06,2026-09-28,2026-09-28T14:08:00,2026-09-28T14:20:00,6,8,True
MOVE-001644,GDS-054,Gati Freight 054,Goods,COR-02,SEC-06,2026-09-28,2026-09-28T19:31:00,2026-09-28T20:01:00,4,30,True
MOVE-001645,PAS-061,Jan Pragati Passenger 061,Passenger,COR-03,SEC-07,2026-09-28,2026-09-28T06:07:00,2026-09-28T06:24:00,7,10,True
MOVE-001646,SUB-062,Gati Suburban 062,Suburban,COR-03,SEC-07,2026-09-28,2026-09-28T09:22:00,2026-09-28T09:39:00,6,8,True
MOVE-001647,GDS-063,Gati Freight 063,Goods,COR-03,SEC-07,2026-09-28,2026-09-28T14:34:00,2026-09-28T14:54:00,4,30,True
MOVE-001648,EXP-064,Gati Express 064,Express,COR-03,SEC-07,2026-09-28,2026-09-28T20:38:00,2026-09-28T20:46:00,9,5,True
MOVE-001649,SUB-071,Gati Suburban 071,Suburban,COR-03,SEC-08,2026-09-28,2026-09-28T07:08:00,2026-09-28T07:26:00,6,8,True
MOVE-001650,GDS-072,Gati Freight 072,Goods,COR-03,SEC-08,2026-09-28,2026-09-28T11:03:00,2026-09-28T11:21:00,4,30,True
MOVE-001651,EXP-073,Gati Express 073,Express,COR-03,SEC-08,2026-09-28,2026-09-28T14:27:00,2026-09-28T14:42:00,9,5,True
MOVE-001652,PAS-074,Jan Pragati Passenger 074,Passenger,COR-03,SEC-08,2026-09-28,2026-09-28T18:31:00,2026-09-28T18:44:00,7,10,True
MOVE-001653,GDS-081,Gati Freight 081,Goods,COR-03,SEC-09,2026-09-28,2026-09-28T06:09:00,2026-09-28T06:32:00,4,30,True
MOVE-001654,EXP-082,Gati Express 082,Express,COR-03,SEC-09,2026-09-28,2026-09-28T09:21:00,2026-09-28T09:31:00,9,5,True
MOVE-001655,PAS-083,Jan Pragati Passenger 083,Passenger,COR-03,SEC-09,2026-09-28,2026-09-28T14:56:00,2026-09-28T15:13:00,7,10,True
MOVE-001656,SUB-084,Gati Suburban 084,Suburban,COR-03,SEC-09,2026-09-28,2026-09-28T21:09:00,2026-09-28T21:24:00,6,8,True
MOVE-001657,EXP-091,Gati Express 091,Express,COR-04,SEC-10,2026-09-28,2026-09-28T05:18:00,2026-09-28T05:34:00,9,5,True
MOVE-001658,PAS-092,Jan Pragati Passenger 092,Passenger,COR-04,SEC-10,2026-09-28,2026-09-28T10:48:00,2026-09-28T11:04:00,7,10,True
MOVE-001659,SUB-093,Gati Suburban 093,Suburban,COR-04,SEC-10,2026-09-28,2026-09-28T14:18:00,2026-09-28T14:28:00,6,8,True
MOVE-001660,GDS-094,Gati Freight 094,Goods,COR-04,SEC-10,2026-09-28,2026-09-28T18:40:00,2026-09-28T18:58:00,4,30,True
MOVE-001661,PAS-101,Jan Pragati Passenger 101,Passenger,COR-04,SEC-11,2026-09-28,2026-09-28T06:04:00,2026-09-28T06:25:00,7,10,True
MOVE-001662,SUB-102,Gati Suburban 102,Suburban,COR-04,SEC-11,2026-09-28,2026-09-28T10:33:00,2026-09-28T10:50:00,6,8,True
MOVE-001663,GDS-103,Gati Freight 103,Goods,COR-04,SEC-11,2026-09-28,2026-09-28T16:20:00,2026-09-28T16:50:00,4,30,True
MOVE-001664,EXP-104,Gati Express 104,Express,COR-04,SEC-11,2026-09-28,2026-09-28T20:36:00,2026-09-28T20:50:00,9,5,True
MOVE-001665,SUB-111,Gati Suburban 111,Suburban,COR-04,SEC-12,2026-09-28,2026-09-28T05:31:00,2026-09-28T05:47:00,6,8,True
MOVE-001666,GDS-112,Gati Freight 112,Goods,COR-04,SEC-12,2026-09-28,2026-09-28T09:21:00,2026-09-28T09:39:00,4,30,True
MOVE-001667,EXP-113,Gati Express 113,Express,COR-04,SEC-12,2026-09-28,2026-09-28T15:24:00,2026-09-28T15:39:00,9,5,True
MOVE-001668,PAS-114,Jan Pragati Passenger 114,Passenger,COR-04,SEC-12,2026-09-28,2026-09-28T19:12:00,2026-09-28T19:25:00,7,10,True
MOVE-001669,GDS-121,Gati Freight 121,Goods,COR-05,SEC-13,2026-09-28,2026-09-28T07:13:00,2026-09-28T07:37:00,4,30,True
MOVE-001670,EXP-122,Gati Express 122,Express,COR-05,SEC-13,2026-09-28,2026-09-28T11:21:00,2026-09-28T11:35:00,9,5,True
MOVE-001671,PAS-123,Jan Pragati Passenger 123,Passenger,COR-05,SEC-13,2026-09-28,2026-09-28T15:56:00,2026-09-28T16:12:00,7,10,True
MOVE-001672,SUB-124,Gati Suburban 124,Suburban,COR-05,SEC-13,2026-09-28,2026-09-28T20:37:00,2026-09-28T20:53:00,6,8,True
MOVE-001673,EXP-131,Gati Express 131,Express,COR-05,SEC-14,2026-09-28,2026-09-28T07:16:00,2026-09-28T07:29:00,9,5,True
MOVE-001674,PAS-132,Jan Pragati Passenger 132,Passenger,COR-05,SEC-14,2026-09-28,2026-09-28T10:15:00,2026-09-28T10:30:00,7,10,True
MOVE-001675,SUB-133,Gati Suburban 133,Suburban,COR-05,SEC-14,2026-09-28,2026-09-28T14:11:00,2026-09-28T14:25:00,6,8,True
MOVE-001676,GDS-134,Gati Freight 134,Goods,COR-05,SEC-14,2026-09-28,2026-09-28T19:24:00,2026-09-28T19:47:00,4,30,True
MOVE-001677,PAS-141,Jan Pragati Passenger 141,Passenger,COR-05,SEC-15,2026-09-28,2026-09-28T05:41:00,2026-09-28T05:58:00,7,10,True
MOVE-001678,SUB-142,Gati Suburban 142,Suburban,COR-05,SEC-15,2026-09-28,2026-09-28T10:46:00,2026-09-28T11:01:00,6,8,True
MOVE-001679,GDS-143,Gati Freight 143,Goods,COR-05,SEC-15,2026-09-28,2026-09-28T16:14:00,2026-09-28T16:35:00,4,30,True
MOVE-001680,EXP-144,Gati Express 144,Express,COR-05,SEC-15,2026-09-28,2026-09-28T19:31:00,2026-09-28T19:44:00,9,5,True
MOVE-001681,EXP-001,Gati Express 001,Express,COR-01,SEC-01,2026-09-29,2026-09-29T06:58:00,2026-09-29T07:14:00,9,5,True
MOVE-001682,PAS-002,Jan Pragati Passenger 002,Passenger,COR-01,SEC-01,2026-09-29,2026-09-29T09:04:00,2026-09-29T09:25:00,7,10,True
MOVE-001683,SUB-003,Gati Suburban 003,Suburban,COR-01,SEC-01,2026-09-29,2026-09-29T14:21:00,2026-09-29T14:39:00,6,8,True
MOVE-001684,GDS-004,Gati Freight 004,Goods,COR-01,SEC-01,2026-09-29,2026-09-29T18:42:00,2026-09-29T19:02:00,4,30,True
MOVE-001685,PAS-011,Jan Pragati Passenger 011,Passenger,COR-01,SEC-02,2026-09-29,2026-09-29T05:15:00,2026-09-29T05:29:00,7,10,True
MOVE-001686,SUB-012,Gati Suburban 012,Suburban,COR-01,SEC-02,2026-09-29,2026-09-29T10:19:00,2026-09-29T10:30:00,6,8,True
MOVE-001687,GDS-013,Gati Freight 013,Goods,COR-01,SEC-02,2026-09-29,2026-09-29T16:14:00,2026-09-29T16:43:00,4,30,True
MOVE-001688,EXP-014,Gati Express 014,Express,COR-01,SEC-02,2026-09-29,2026-09-29T20:08:00,2026-09-29T20:16:00,9,5,True
MOVE-001689,SUB-021,Gati Suburban 021,Suburban,COR-01,SEC-03,2026-09-29,2026-09-29T06:28:00,2026-09-29T06:39:00,6,8,True
MOVE-001690,GDS-022,Gati Freight 022,Goods,COR-01,SEC-03,2026-09-29,2026-09-29T10:45:00,2026-09-29T11:14:00,4,30,True
MOVE-001691,EXP-023,Gati Express 023,Express,COR-01,SEC-03,2026-09-29,2026-09-29T14:23:00,2026-09-29T14:35:00,9,5,True
MOVE-001692,PAS-024,Jan Pragati Passenger 024,Passenger,COR-01,SEC-03,2026-09-29,2026-09-29T20:19:00,2026-09-29T20:31:00,7,10,True
MOVE-001693,GDS-031,Gati Freight 031,Goods,COR-02,SEC-04,2026-09-29,2026-09-29T06:18:00,2026-09-29T06:42:00,4,30,True
MOVE-001694,EXP-032,Gati Express 032,Express,COR-02,SEC-04,2026-09-29,2026-09-29T10:27:00,2026-09-29T10:42:00,9,5,True
MOVE-001695,PAS-033,Jan Pragati Passenger 033,Passenger,COR-02,SEC-04,2026-09-29,2026-09-29T14:31:00,2026-09-29T14:49:00,7,10,True
MOVE-001696,SUB-034,Gati Suburban 034,Suburban,COR-02,SEC-04,2026-09-29,2026-09-29T19:28:00,2026-09-29T19:44:00,6,8,True
MOVE-001697,EXP-041,Gati Express 041,Express,COR-02,SEC-05,2026-09-29,2026-09-29T06:48:00,2026-09-29T06:59:00,9,5,True
MOVE-001698,PAS-042,Jan Pragati Passenger 042,Passenger,COR-02,SEC-05,2026-09-29,2026-09-29T11:04:00,2026-09-29T11:25:00,7,10,True
MOVE-001699,SUB-043,Gati Suburban 043,Suburban,COR-02,SEC-05,2026-09-29,2026-09-29T14:55:00,2026-09-29T15:09:00,6,8,True
MOVE-001700,GDS-044,Gati Freight 044,Goods,COR-02,SEC-05,2026-09-29,2026-09-29T20:22:00,2026-09-29T20:47:00,4,30,True
MOVE-001701,PAS-051,Jan Pragati Passenger 051,Passenger,COR-02,SEC-06,2026-09-29,2026-09-29T06:27:00,2026-09-29T06:46:00,7,10,True
MOVE-001702,SUB-052,Gati Suburban 052,Suburban,COR-02,SEC-06,2026-09-29,2026-09-29T10:17:00,2026-09-29T10:34:00,6,8,True
MOVE-001703,GDS-053,Gati Freight 053,Goods,COR-02,SEC-06,2026-09-29,2026-09-29T14:43:00,2026-09-29T15:09:00,4,30,True
MOVE-001704,EXP-054,Gati Express 054,Express,COR-02,SEC-06,2026-09-29,2026-09-29T19:12:00,2026-09-29T19:20:00,9,5,True
MOVE-001705,SUB-061,Gati Suburban 061,Suburban,COR-03,SEC-07,2026-09-29,2026-09-29T05:32:00,2026-09-29T05:43:00,6,8,True
MOVE-001706,GDS-062,Gati Freight 062,Goods,COR-03,SEC-07,2026-09-29,2026-09-29T10:26:00,2026-09-29T10:49:00,4,30,True
MOVE-001707,EXP-063,Gati Express 063,Express,COR-03,SEC-07,2026-09-29,2026-09-29T14:50:00,2026-09-29T15:04:00,9,5,True
MOVE-001708,PAS-064,Jan Pragati Passenger 064,Passenger,COR-03,SEC-07,2026-09-29,2026-09-29T20:06:00,2026-09-29T20:23:00,7,10,True
MOVE-001709,GDS-071,Gati Freight 071,Goods,COR-03,SEC-08,2026-09-29,2026-09-29T07:15:00,2026-09-29T07:34:00,4,30,True
MOVE-001710,EXP-072,Gati Express 072,Express,COR-03,SEC-08,2026-09-29,2026-09-29T10:20:00,2026-09-29T10:29:00,9,5,True
MOVE-001711,PAS-073,Jan Pragati Passenger 073,Passenger,COR-03,SEC-08,2026-09-29,2026-09-29T15:55:00,2026-09-29T16:10:00,7,10,True
MOVE-001712,SUB-074,Gati Suburban 074,Suburban,COR-03,SEC-08,2026-09-29,2026-09-29T21:23:00,2026-09-29T21:38:00,6,8,True
MOVE-001713,EXP-081,Gati Express 081,Express,COR-03,SEC-09,2026-09-29,2026-09-29T05:20:00,2026-09-29T05:34:00,9,5,True
MOVE-001714,PAS-082,Jan Pragati Passenger 082,Passenger,COR-03,SEC-09,2026-09-29,2026-09-29T11:06:00,2026-09-29T11:21:00,7,10,True
MOVE-001715,SUB-083,Gati Suburban 083,Suburban,COR-03,SEC-09,2026-09-29,2026-09-29T15:16:00,2026-09-29T15:32:00,6,8,True
MOVE-001716,GDS-084,Gati Freight 084,Goods,COR-03,SEC-09,2026-09-29,2026-09-29T21:21:00,2026-09-29T21:51:00,4,30,True
MOVE-001717,PAS-091,Jan Pragati Passenger 091,Passenger,COR-04,SEC-10,2026-09-29,2026-09-29T06:35:00,2026-09-29T06:52:00,7,10,True
MOVE-001718,SUB-092,Gati Suburban 092,Suburban,COR-04,SEC-10,2026-09-29,2026-09-29T10:21:00,2026-09-29T10:34:00,6,8,True
MOVE-001719,GDS-093,Gati Freight 093,Goods,COR-04,SEC-10,2026-09-29,2026-09-29T14:41:00,2026-09-29T15:09:00,4,30,True
MOVE-001720,EXP-094,Gati Express 094,Express,COR-04,SEC-10,2026-09-29,2026-09-29T20:39:00,2026-09-29T20:51:00,9,5,True
MOVE-001721,SUB-101,Gati Suburban 101,Suburban,COR-04,SEC-11,2026-09-29,2026-09-29T06:17:00,2026-09-29T06:31:00,6,8,True
MOVE-001722,GDS-102,Gati Freight 102,Goods,COR-04,SEC-11,2026-09-29,2026-09-29T10:24:00,2026-09-29T10:45:00,4,30,True
MOVE-001723,EXP-103,Gati Express 103,Express,COR-04,SEC-11,2026-09-29,2026-09-29T14:21:00,2026-09-29T14:33:00,9,5,True
MOVE-001724,PAS-104,Jan Pragati Passenger 104,Passenger,COR-04,SEC-11,2026-09-29,2026-09-29T18:59:00,2026-09-29T19:21:00,7,10,True
MOVE-001725,GDS-111,Gati Freight 111,Goods,COR-04,SEC-12,2026-09-29,2026-09-29T06:11:00,2026-09-29T06:34:00,4,30,True
MOVE-001726,EXP-112,Gati Express 112,Express,COR-04,SEC-12,2026-09-29,2026-09-29T09:36:00,2026-09-29T09:52:00,9,5,True
MOVE-001727,PAS-113,Jan Pragati Passenger 113,Passenger,COR-04,SEC-12,2026-09-29,2026-09-29T15:36:00,2026-09-29T15:56:00,7,10,True
MOVE-001728,SUB-114,Gati Suburban 114,Suburban,COR-04,SEC-12,2026-09-29,2026-09-29T18:15:00,2026-09-29T18:30:00,6,8,True
MOVE-001729,EXP-121,Gati Express 121,Express,COR-05,SEC-13,2026-09-29,2026-09-29T05:33:00,2026-09-29T05:46:00,9,5,True
MOVE-001730,PAS-122,Jan Pragati Passenger 122,Passenger,COR-05,SEC-13,2026-09-29,2026-09-29T11:07:00,2026-09-29T11:28:00,7,10,True
MOVE-001731,SUB-123,Gati Suburban 123,Suburban,COR-05,SEC-13,2026-09-29,2026-09-29T14:51:00,2026-09-29T15:01:00,6,8,True
MOVE-001732,GDS-124,Gati Freight 124,Goods,COR-05,SEC-13,2026-09-29,2026-09-29T19:28:00,2026-09-29T19:47:00,4,30,True
MOVE-001733,PAS-131,Jan Pragati Passenger 131,Passenger,COR-05,SEC-14,2026-09-29,2026-09-29T07:04:00,2026-09-29T07:21:00,7,10,True
MOVE-001734,SUB-132,Gati Suburban 132,Suburban,COR-05,SEC-14,2026-09-29,2026-09-29T09:29:00,2026-09-29T09:43:00,6,8,True
MOVE-001735,GDS-133,Gati Freight 133,Goods,COR-05,SEC-14,2026-09-29,2026-09-29T15:00:00,2026-09-29T15:21:00,4,30,True
MOVE-001736,EXP-134,Gati Express 134,Express,COR-05,SEC-14,2026-09-29,2026-09-29T19:33:00,2026-09-29T19:42:00,9,5,True
MOVE-001737,SUB-141,Gati Suburban 141,Suburban,COR-05,SEC-15,2026-09-29,2026-09-29T06:06:00,2026-09-29T06:17:00,6,8,True
MOVE-001738,GDS-142,Gati Freight 142,Goods,COR-05,SEC-15,2026-09-29,2026-09-29T09:08:00,2026-09-29T09:27:00,4,30,True
MOVE-001739,EXP-143,Gati Express 143,Express,COR-05,SEC-15,2026-09-29,2026-09-29T15:41:00,2026-09-29T15:49:00,9,5,True
MOVE-001740,PAS-144,Jan Pragati Passenger 144,Passenger,COR-05,SEC-15,2026-09-29,2026-09-29T21:18:00,2026-09-29T21:40:00,7,10,True
MOVE-001741,PAS-001,Jan Pragati Passenger 001,Passenger,COR-01,SEC-01,2026-09-30,2026-09-30T06:13:00,2026-09-30T06:31:00,7,10,True
MOVE-001742,SUB-002,Gati Suburban 002,Suburban,COR-01,SEC-01,2026-09-30,2026-09-30T10:58:00,2026-09-30T11:14:00,6,8,True
MOVE-001743,GDS-003,Gati Freight 003,Goods,COR-01,SEC-01,2026-09-30,2026-09-30T16:06:00,2026-09-30T16:31:00,4,30,True
MOVE-001744,EXP-004,Gati Express 004,Express,COR-01,SEC-01,2026-09-30,2026-09-30T20:35:00,2026-09-30T20:49:00,9,5,True
MOVE-001745,SUB-011,Gati Suburban 011,Suburban,COR-01,SEC-02,2026-09-30,2026-09-30T07:00:00,2026-09-30T07:10:00,6,8,True
MOVE-001746,GDS-012,Gati Freight 012,Goods,COR-01,SEC-02,2026-09-30,2026-09-30T09:19:00,2026-09-30T09:40:00,4,30,True
MOVE-001747,EXP-013,Gati Express 013,Express,COR-01,SEC-02,2026-09-30,2026-09-30T15:54:00,2026-09-30T16:03:00,9,5,True
MOVE-001748,PAS-014,Jan Pragati Passenger 014,Passenger,COR-01,SEC-02,2026-09-30,2026-09-30T19:31:00,2026-09-30T19:46:00,7,10,True
MOVE-001749,GDS-021,Gati Freight 021,Goods,COR-01,SEC-03,2026-09-30,2026-09-30T06:58:00,2026-09-30T07:24:00,4,30,True
MOVE-001750,EXP-022,Gati Express 022,Express,COR-01,SEC-03,2026-09-30,2026-09-30T11:01:00,2026-09-30T11:09:00,9,5,True
MOVE-001751,PAS-023,Jan Pragati Passenger 023,Passenger,COR-01,SEC-03,2026-09-30,2026-09-30T15:06:00,2026-09-30T15:27:00,7,10,True
MOVE-001752,SUB-024,Gati Suburban 024,Suburban,COR-01,SEC-03,2026-09-30,2026-09-30T19:17:00,2026-09-30T19:32:00,6,8,True
MOVE-001753,EXP-031,Gati Express 031,Express,COR-02,SEC-04,2026-09-30,2026-09-30T06:21:00,2026-09-30T06:29:00,9,5,True
MOVE-001754,PAS-032,Jan Pragati Passenger 032,Passenger,COR-02,SEC-04,2026-09-30,2026-09-30T10:12:00,2026-09-30T10:32:00,7,10,True
MOVE-001755,SUB-033,Gati Suburban 033,Suburban,COR-02,SEC-04,2026-09-30,2026-09-30T14:40:00,2026-09-30T14:56:00,6,8,True
MOVE-001756,GDS-034,Gati Freight 034,Goods,COR-02,SEC-04,2026-09-30,2026-09-30T19:33:00,2026-09-30T20:01:00,4,30,True
MOVE-001757,PAS-041,Jan Pragati Passenger 041,Passenger,COR-02,SEC-05,2026-09-30,2026-09-30T06:26:00,2026-09-30T06:38:00,7,10,True
MOVE-001758,SUB-042,Gati Suburban 042,Suburban,COR-02,SEC-05,2026-09-30,2026-09-30T10:50:00,2026-09-30T11:00:00,6,8,True
MOVE-001759,GDS-043,Gati Freight 043,Goods,COR-02,SEC-05,2026-09-30,2026-09-30T14:31:00,2026-09-30T14:59:00,4,30,True
MOVE-001760,EXP-044,Gati Express 044,Express,COR-02,SEC-05,2026-09-30,2026-09-30T19:13:00,2026-09-30T19:26:00,9,5,True
MOVE-001761,SUB-051,Gati Suburban 051,Suburban,COR-02,SEC-06,2026-09-30,2026-09-30T07:08:00,2026-09-30T07:19:00,6,8,True
MOVE-001762,GDS-052,Gati Freight 052,Goods,COR-02,SEC-06,2026-09-30,2026-09-30T10:44:00,2026-09-30T11:07:00,4,30,True
MOVE-001763,EXP-053,Gati Express 053,Express,COR-02,SEC-06,2026-09-30,2026-09-30T15:32:00,2026-09-30T15:46:00,9,5,True
MOVE-001764,PAS-054,Jan Pragati Passenger 054,Passenger,COR-02,SEC-06,2026-09-30,2026-09-30T18:44:00,2026-09-30T19:05:00,7,10,True
MOVE-001765,GDS-061,Gati Freight 061,Goods,COR-03,SEC-07,2026-09-30,2026-09-30T06:00:00,2026-09-30T06:18:00,4,30,True
MOVE-001766,EXP-062,Gati Express 062,Express,COR-03,SEC-07,2026-09-30,2026-09-30T09:37:00,2026-09-30T09:53:00,9,5,True
MOVE-001767,PAS-063,Jan Pragati Passenger 063,Passenger,COR-03,SEC-07,2026-09-30,2026-09-30T14:09:00,2026-09-30T14:22:00,7,10,True
MOVE-001768,SUB-064,Gati Suburban 064,Suburban,COR-03,SEC-07,2026-09-30,2026-09-30T19:51:00,2026-09-30T20:02:00,6,8,True
MOVE-001769,EXP-071,Gati Express 071,Express,COR-03,SEC-08,2026-09-30,2026-09-30T05:05:00,2026-09-30T05:21:00,9,5,True
MOVE-001770,PAS-072,Jan Pragati Passenger 072,Passenger,COR-03,SEC-08,2026-09-30,2026-09-30T09:03:00,2026-09-30T09:20:00,7,10,True
MOVE-001771,SUB-073,Gati Suburban 073,Suburban,COR-03,SEC-08,2026-09-30,2026-09-30T14:38:00,2026-09-30T14:50:00,6,8,True
MOVE-001772,GDS-074,Gati Freight 074,Goods,COR-03,SEC-08,2026-09-30,2026-09-30T19:25:00,2026-09-30T19:49:00,4,30,True
MOVE-001773,PAS-081,Jan Pragati Passenger 081,Passenger,COR-03,SEC-09,2026-09-30,2026-09-30T05:05:00,2026-09-30T05:23:00,7,10,True
MOVE-001774,SUB-082,Gati Suburban 082,Suburban,COR-03,SEC-09,2026-09-30,2026-09-30T09:44:00,2026-09-30T10:02:00,6,8,True
MOVE-001775,GDS-083,Gati Freight 083,Goods,COR-03,SEC-09,2026-09-30,2026-09-30T14:16:00,2026-09-30T14:42:00,4,30,True
MOVE-001776,EXP-084,Gati Express 084,Express,COR-03,SEC-09,2026-09-30,2026-09-30T19:52:00,2026-09-30T20:01:00,9,5,True
MOVE-001777,SUB-091,Gati Suburban 091,Suburban,COR-04,SEC-10,2026-09-30,2026-09-30T07:03:00,2026-09-30T07:13:00,6,8,True
MOVE-001778,GDS-092,Gati Freight 092,Goods,COR-04,SEC-10,2026-09-30,2026-09-30T09:16:00,2026-09-30T09:41:00,4,30,True
MOVE-001779,EXP-093,Gati Express 093,Express,COR-04,SEC-10,2026-09-30,2026-09-30T16:17:00,2026-09-30T16:27:00,9,5,True
MOVE-001780,PAS-094,Jan Pragati Passenger 094,Passenger,COR-04,SEC-10,2026-09-30,2026-09-30T20:21:00,2026-09-30T20:40:00,7,10,True
MOVE-001781,GDS-101,Gati Freight 101,Goods,COR-04,SEC-11,2026-09-30,2026-09-30T06:31:00,2026-09-30T06:49:00,4,30,True
MOVE-001782,EXP-102,Gati Express 102,Express,COR-04,SEC-11,2026-09-30,2026-09-30T09:44:00,2026-09-30T10:00:00,9,5,True
MOVE-001783,PAS-103,Jan Pragati Passenger 103,Passenger,COR-04,SEC-11,2026-09-30,2026-09-30T14:17:00,2026-09-30T14:31:00,7,10,True
MOVE-001784,SUB-104,Gati Suburban 104,Suburban,COR-04,SEC-11,2026-09-30,2026-09-30T18:21:00,2026-09-30T18:38:00,6,8,True
MOVE-001785,EXP-111,Gati Express 111,Express,COR-04,SEC-12,2026-09-30,2026-09-30T07:22:00,2026-09-30T07:36:00,9,5,True
MOVE-001786,PAS-112,Jan Pragati Passenger 112,Passenger,COR-04,SEC-12,2026-09-30,2026-09-30T10:33:00,2026-09-30T10:52:00,7,10,True
MOVE-001787,SUB-113,Gati Suburban 113,Suburban,COR-04,SEC-12,2026-09-30,2026-09-30T14:48:00,2026-09-30T15:02:00,6,8,True
MOVE-001788,GDS-114,Gati Freight 114,Goods,COR-04,SEC-12,2026-09-30,2026-09-30T21:08:00,2026-09-30T21:29:00,4,30,True
MOVE-001789,PAS-121,Jan Pragati Passenger 121,Passenger,COR-05,SEC-13,2026-09-30,2026-09-30T05:11:00,2026-09-30T05:28:00,7,10,True
MOVE-001790,SUB-122,Gati Suburban 122,Suburban,COR-05,SEC-13,2026-09-30,2026-09-30T10:58:00,2026-09-30T11:14:00,6,8,True
MOVE-001791,GDS-123,Gati Freight 123,Goods,COR-05,SEC-13,2026-09-30,2026-09-30T16:00:00,2026-09-30T16:26:00,4,30,True
MOVE-001792,EXP-124,Gati Express 124,Express,COR-05,SEC-13,2026-09-30,2026-09-30T19:36:00,2026-09-30T19:49:00,9,5,True
MOVE-001793,SUB-131,Gati Suburban 131,Suburban,COR-05,SEC-14,2026-09-30,2026-09-30T06:52:00,2026-09-30T07:05:00,6,8,True
MOVE-001794,GDS-132,Gati Freight 132,Goods,COR-05,SEC-14,2026-09-30,2026-09-30T10:39:00,2026-09-30T11:06:00,4,30,True
MOVE-001795,EXP-133,Gati Express 133,Express,COR-05,SEC-14,2026-09-30,2026-09-30T16:03:00,2026-09-30T16:18:00,9,5,True
MOVE-001796,PAS-134,Jan Pragati Passenger 134,Passenger,COR-05,SEC-14,2026-09-30,2026-09-30T20:47:00,2026-09-30T21:03:00,7,10,True
MOVE-001797,GDS-141,Gati Freight 141,Goods,COR-05,SEC-15,2026-09-30,2026-09-30T06:36:00,2026-09-30T06:58:00,4,30,True
MOVE-001798,EXP-142,Gati Express 142,Express,COR-05,SEC-15,2026-09-30,2026-09-30T10:58:00,2026-09-30T11:11:00,9,5,True
MOVE-001799,PAS-143,Jan Pragati Passenger 143,Passenger,COR-05,SEC-15,2026-09-30,2026-09-30T16:00:00,2026-09-30T16:18:00,7,10,True
MOVE-001800,SUB-144,Gati Suburban 144,Suburban,COR-05,SEC-15,2026-09-30,2026-09-30T18:43:00,2026-09-30T19:00:00,6,8,True
